ISO-10303-21;
HEADER;
FILE_DESCRIPTION(('Open CASCADE Model'),'2;1');
FILE_NAME('Open CASCADE Shape Model','2026-08-26T22:12:50',('Author'),(
    'Open CASCADE'),'Open CASCADE STEP processor 7.9','build123d',
  'Unknown');
FILE_SCHEMA(('AUTOMOTIVE_DESIGN { 1 0 10303 214 1 1 1 1 }'));
ENDSEC;
DATA;
#1 = APPLICATION_PROTOCOL_DEFINITION('international standard',
  'automotive_design',2000,#2);
#2 = APPLICATION_CONTEXT(
  'core data for automotive mechanical design processes');
#3 = SHAPE_DEFINITION_REPRESENTATION(#4,#10);
#4 = PRODUCT_DEFINITION_SHAPE('','',#5);
#5 = PRODUCT_DEFINITION('design','',#6,#9);
#6 = PRODUCT_DEFINITION_FORMATION('','',#7);
#7 = PRODUCT('COMPOUND','COMPOUND','',(#8));
#8 = PRODUCT_CONTEXT('',#2,'mechanical');
#9 = PRODUCT_DEFINITION_CONTEXT('part definition',#2,'design');
#10 = ADVANCED_BREP_SHAPE_REPRESENTATION('',(#11,#15),#3695);
#11 = AXIS2_PLACEMENT_3D('',#12,#13,#14);
#12 = CARTESIAN_POINT('',(0.,0.,0.));
#13 = DIRECTION('',(0.,0.,1.));
#14 = DIRECTION('',(1.,0.,-0.));
#15 = MANIFOLD_SOLID_BREP('',#16);
#16 = CLOSED_SHELL('',(#17,#135,#432,#594,#1091,#1418,#2354,#2402,#2429,
    #2457,#2505,#2532,#2560,#2585,#2740,#2830,#2837,#2844,#2912,#2959,
    #3005,#3012,#3080,#3107,#3154,#3180,#3195,#3302,#3351,#3426,#3453,
    #3508,#3535,#3542,#3597,#3632,#3636,#3691));
#17 = ADVANCED_FACE('',(#18),#32,.F.);
#18 = FACE_BOUND('',#19,.F.);
#19 = EDGE_LOOP('',(#20,#55,#83,#111));
#20 = ORIENTED_EDGE('',*,*,#21,.F.);
#21 = EDGE_CURVE('',#22,#24,#26,.T.);
#22 = VERTEX_POINT('',#23);
#23 = CARTESIAN_POINT('',(-16.,-8.5,-55.));
#24 = VERTEX_POINT('',#25);
#25 = CARTESIAN_POINT('',(-16.,-8.5,-19.));
#26 = SURFACE_CURVE('',#27,(#31,#43),.PCURVE_S1.);
#27 = LINE('',#28,#29);
#28 = CARTESIAN_POINT('',(-16.,-8.5,-55.));
#29 = VECTOR('',#30,1.);
#30 = DIRECTION('',(0.,0.,1.));
#31 = PCURVE('',#32,#37);
#32 = PLANE('',#33);
#33 = AXIS2_PLACEMENT_3D('',#34,#35,#36);
#34 = CARTESIAN_POINT('',(-16.,-8.5,-55.));
#35 = DIRECTION('',(1.,0.,-0.));
#36 = DIRECTION('',(0.,0.,1.));
#37 = DEFINITIONAL_REPRESENTATION('',(#38),#42);
#38 = LINE('',#39,#40);
#39 = CARTESIAN_POINT('',(0.,0.));
#40 = VECTOR('',#41,1.);
#41 = DIRECTION('',(1.,0.));
#42 = ( GEOMETRIC_REPRESENTATION_CONTEXT(2) 
PARAMETRIC_REPRESENTATION_CONTEXT() REPRESENTATION_CONTEXT('2D SPACE',''
  ) );
#43 = PCURVE('',#44,#49);
#44 = PLANE('',#45);
#45 = AXIS2_PLACEMENT_3D('',#46,#47,#48);
#46 = CARTESIAN_POINT('',(-16.,-8.5,-55.));
#47 = DIRECTION('',(-0.,1.,0.));
#48 = DIRECTION('',(0.,0.,1.));
#49 = DEFINITIONAL_REPRESENTATION('',(#50),#54);
#50 = LINE('',#51,#52);
#51 = CARTESIAN_POINT('',(0.,0.));
#52 = VECTOR('',#53,1.);
#53 = DIRECTION('',(1.,0.));
#54 = ( GEOMETRIC_REPRESENTATION_CONTEXT(2) 
PARAMETRIC_REPRESENTATION_CONTEXT() REPRESENTATION_CONTEXT('2D SPACE',''
  ) );
#55 = ORIENTED_EDGE('',*,*,#56,.T.);
#56 = EDGE_CURVE('',#22,#57,#59,.T.);
#57 = VERTEX_POINT('',#58);
#58 = CARTESIAN_POINT('',(-16.,8.5,-55.));
#59 = SURFACE_CURVE('',#60,(#64,#71),.PCURVE_S1.);
#60 = LINE('',#61,#62);
#61 = CARTESIAN_POINT('',(-16.,-8.5,-55.));
#62 = VECTOR('',#63,1.);
#63 = DIRECTION('',(-0.,1.,0.));
#64 = PCURVE('',#32,#65);
#65 = DEFINITIONAL_REPRESENTATION('',(#66),#70);
#66 = LINE('',#67,#68);
#67 = CARTESIAN_POINT('',(0.,0.));
#68 = VECTOR('',#69,1.);
#69 = DIRECTION('',(0.,-1.));
#70 = ( GEOMETRIC_REPRESENTATION_CONTEXT(2) 
PARAMETRIC_REPRESENTATION_CONTEXT() REPRESENTATION_CONTEXT('2D SPACE',''
  ) );
#71 = PCURVE('',#72,#77);
#72 = PLANE('',#73);
#73 = AXIS2_PLACEMENT_3D('',#74,#75,#76);
#74 = CARTESIAN_POINT('',(-16.,-8.5,-55.));
#75 = DIRECTION('',(0.,0.,1.));
#76 = DIRECTION('',(1.,0.,-0.));
#77 = DEFINITIONAL_REPRESENTATION('',(#78),#82);
#78 = LINE('',#79,#80);
#79 = CARTESIAN_POINT('',(0.,0.));
#80 = VECTOR('',#81,1.);
#81 = DIRECTION('',(0.,1.));
#82 = ( GEOMETRIC_REPRESENTATION_CONTEXT(2) 
PARAMETRIC_REPRESENTATION_CONTEXT() REPRESENTATION_CONTEXT('2D SPACE',''
  ) );
#83 = ORIENTED_EDGE('',*,*,#84,.T.);
#84 = EDGE_CURVE('',#57,#85,#87,.T.);
#85 = VERTEX_POINT('',#86);
#86 = CARTESIAN_POINT('',(-16.,8.5,-19.));
#87 = SURFACE_CURVE('',#88,(#92,#99),.PCURVE_S1.);
#88 = LINE('',#89,#90);
#89 = CARTESIAN_POINT('',(-16.,8.5,-55.));
#90 = VECTOR('',#91,1.);
#91 = DIRECTION('',(0.,0.,1.));
#92 = PCURVE('',#32,#93);
#93 = DEFINITIONAL_REPRESENTATION('',(#94),#98);
#94 = LINE('',#95,#96);
#95 = CARTESIAN_POINT('',(0.,-17.));
#96 = VECTOR('',#97,1.);
#97 = DIRECTION('',(1.,0.));
#98 = ( GEOMETRIC_REPRESENTATION_CONTEXT(2) 
PARAMETRIC_REPRESENTATION_CONTEXT() REPRESENTATION_CONTEXT('2D SPACE',''
  ) );
#99 = PCURVE('',#100,#105);
#100 = PLANE('',#101);
#101 = AXIS2_PLACEMENT_3D('',#102,#103,#104);
#102 = CARTESIAN_POINT('',(-16.,8.5,-55.));
#103 = DIRECTION('',(-0.,1.,0.));
#104 = DIRECTION('',(0.,0.,1.));
#105 = DEFINITIONAL_REPRESENTATION('',(#106),#110);
#106 = LINE('',#107,#108);
#107 = CARTESIAN_POINT('',(0.,0.));
#108 = VECTOR('',#109,1.);
#109 = DIRECTION('',(1.,0.));
#110 = ( GEOMETRIC_REPRESENTATION_CONTEXT(2) 
PARAMETRIC_REPRESENTATION_CONTEXT() REPRESENTATION_CONTEXT('2D SPACE',''
  ) );
#111 = ORIENTED_EDGE('',*,*,#112,.T.);
#112 = EDGE_CURVE('',#85,#24,#113,.T.);
#113 = SURFACE_CURVE('',#114,(#118,#124),.PCURVE_S1.);
#114 = LINE('',#115,#116);
#115 = CARTESIAN_POINT('',(-16.,-9.5,-19.));
#116 = VECTOR('',#117,1.);
#117 = DIRECTION('',(0.,-1.,0.));
#118 = PCURVE('',#32,#119);
#119 = DEFINITIONAL_REPRESENTATION('',(#120),#123);
#120 = B_SPLINE_CURVE_WITH_KNOTS('',1,(#121,#122),.UNSPECIFIED.,.F.,.F.,
  (2,2),(-18.,-1.),.PIECEWISE_BEZIER_KNOTS.);
#121 = CARTESIAN_POINT('',(36.,-17.));
#122 = CARTESIAN_POINT('',(36.,0.));
#123 = ( GEOMETRIC_REPRESENTATION_CONTEXT(2) 
PARAMETRIC_REPRESENTATION_CONTEXT() REPRESENTATION_CONTEXT('2D SPACE',''
  ) );
#124 = PCURVE('',#125,#130);
#125 = PLANE('',#126);
#126 = AXIS2_PLACEMENT_3D('',#127,#128,#129);
#127 = CARTESIAN_POINT('',(-17.,-10.5,-19.));
#128 = DIRECTION('',(0.,0.,1.));
#129 = DIRECTION('',(1.,0.,-0.));
#130 = DEFINITIONAL_REPRESENTATION('',(#131),#134);
#131 = B_SPLINE_CURVE_WITH_KNOTS('',1,(#132,#133),.UNSPECIFIED.,.F.,.F.,
  (2,2),(-18.,-1.),.PIECEWISE_BEZIER_KNOTS.);
#132 = CARTESIAN_POINT('',(1.,19.));
#133 = CARTESIAN_POINT('',(1.,2.));
#134 = ( GEOMETRIC_REPRESENTATION_CONTEXT(2) 
PARAMETRIC_REPRESENTATION_CONTEXT() REPRESENTATION_CONTEXT('2D SPACE',''
  ) );
#135 = ADVANCED_FACE('',(#136),#44,.F.);
#136 = FACE_BOUND('',#137,.F.);
#137 = EDGE_LOOP('',(#138,#161,#162,#183,#220,#246,#272,#298,#327,#353,
    #379,#405));
#138 = ORIENTED_EDGE('',*,*,#139,.F.);
#139 = EDGE_CURVE('',#22,#140,#142,.T.);
#140 = VERTEX_POINT('',#141);
#141 = CARTESIAN_POINT('',(-13.,-8.5,-55.));
#142 = SURFACE_CURVE('',#143,(#147,#154),.PCURVE_S1.);
#143 = LINE('',#144,#145);
#144 = CARTESIAN_POINT('',(-16.,-8.5,-55.));
#145 = VECTOR('',#146,1.);
#146 = DIRECTION('',(1.,0.,-0.));
#147 = PCURVE('',#44,#148);
#148 = DEFINITIONAL_REPRESENTATION('',(#149),#153);
#149 = LINE('',#150,#151);
#150 = CARTESIAN_POINT('',(0.,0.));
#151 = VECTOR('',#152,1.);
#152 = DIRECTION('',(0.,1.));
#153 = ( GEOMETRIC_REPRESENTATION_CONTEXT(2) 
PARAMETRIC_REPRESENTATION_CONTEXT() REPRESENTATION_CONTEXT('2D SPACE',''
  ) );
#154 = PCURVE('',#72,#155);
#155 = DEFINITIONAL_REPRESENTATION('',(#156),#160);
#156 = LINE('',#157,#158);
#157 = CARTESIAN_POINT('',(0.,0.));
#158 = VECTOR('',#159,1.);
#159 = DIRECTION('',(1.,0.));
#160 = ( GEOMETRIC_REPRESENTATION_CONTEXT(2) 
PARAMETRIC_REPRESENTATION_CONTEXT() REPRESENTATION_CONTEXT('2D SPACE',''
  ) );
#161 = ORIENTED_EDGE('',*,*,#21,.T.);
#162 = ORIENTED_EDGE('',*,*,#163,.T.);
#163 = EDGE_CURVE('',#24,#164,#166,.T.);
#164 = VERTEX_POINT('',#165);
#165 = CARTESIAN_POINT('',(-13.,-8.5,-19.));
#166 = SURFACE_CURVE('',#167,(#171,#177),.PCURVE_S1.);
#167 = LINE('',#168,#169);
#168 = CARTESIAN_POINT('',(-16.5,-8.5,-19.));
#169 = VECTOR('',#170,1.);
#170 = DIRECTION('',(1.,0.,-0.));
#171 = PCURVE('',#44,#172);
#172 = DEFINITIONAL_REPRESENTATION('',(#173),#176);
#173 = B_SPLINE_CURVE_WITH_KNOTS('',1,(#174,#175),.UNSPECIFIED.,.F.,.F.,
  (2,2),(0.5,3.5),.PIECEWISE_BEZIER_KNOTS.);
#174 = CARTESIAN_POINT('',(36.,0.));
#175 = CARTESIAN_POINT('',(36.,3.));
#176 = ( GEOMETRIC_REPRESENTATION_CONTEXT(2) 
PARAMETRIC_REPRESENTATION_CONTEXT() REPRESENTATION_CONTEXT('2D SPACE',''
  ) );
#177 = PCURVE('',#125,#178);
#178 = DEFINITIONAL_REPRESENTATION('',(#179),#182);
#179 = B_SPLINE_CURVE_WITH_KNOTS('',1,(#180,#181),.UNSPECIFIED.,.F.,.F.,
  (2,2),(0.5,3.5),.PIECEWISE_BEZIER_KNOTS.);
#180 = CARTESIAN_POINT('',(1.,2.));
#181 = CARTESIAN_POINT('',(4.,2.));
#182 = ( GEOMETRIC_REPRESENTATION_CONTEXT(2) 
PARAMETRIC_REPRESENTATION_CONTEXT() REPRESENTATION_CONTEXT('2D SPACE',''
  ) );
#183 = ORIENTED_EDGE('',*,*,#184,.T.);
#184 = EDGE_CURVE('',#164,#185,#187,.T.);
#185 = VERTEX_POINT('',#186);
#186 = CARTESIAN_POINT('',(-13.,-8.5,-20.5));
#187 = SURFACE_CURVE('',#188,(#194,#203),.PCURVE_S1.);
#188 = B_SPLINE_CURVE_WITH_KNOTS('',4,(#189,#190,#191,#192,#193),
  .UNSPECIFIED.,.F.,.F.,(5,5),(0.,1.),.PIECEWISE_BEZIER_KNOTS.);
#189 = CARTESIAN_POINT('',(-13.,-8.5,0.));
#190 = CARTESIAN_POINT('',(-13.,-8.5,-13.75));
#191 = CARTESIAN_POINT('',(-13.,-8.5,-27.5));
#192 = CARTESIAN_POINT('',(-13.,-8.5,-41.25));
#193 = CARTESIAN_POINT('',(-13.,-8.5,-55.));
#194 = PCURVE('',#44,#195);
#195 = DEFINITIONAL_REPRESENTATION('',(#196),#202);
#196 = B_SPLINE_CURVE_WITH_KNOTS('',4,(#197,#198,#199,#200,#201),
  .UNSPECIFIED.,.F.,.F.,(5,5),(0.,1.),.PIECEWISE_BEZIER_KNOTS.);
#197 = CARTESIAN_POINT('',(55.,3.));
#198 = CARTESIAN_POINT('',(41.25,3.));
#199 = CARTESIAN_POINT('',(27.5,3.));
#200 = CARTESIAN_POINT('',(13.75,3.));
#201 = CARTESIAN_POINT('',(0.,3.));
#202 = ( GEOMETRIC_REPRESENTATION_CONTEXT(2) 
PARAMETRIC_REPRESENTATION_CONTEXT() REPRESENTATION_CONTEXT('2D SPACE',''
  ) );
#203 = PCURVE('',#204,#212);
#204 = SURFACE_OF_LINEAR_EXTRUSION('',#205,#210);
#205 = ELLIPSE('',#206,13.,6.5);
#206 = AXIS2_PLACEMENT_3D('',#207,#208,#209);
#207 = CARTESIAN_POINT('',(0.,-8.5,-56.));
#208 = DIRECTION('',(0.,0.,1.));
#209 = DIRECTION('',(1.,0.,-0.));
#210 = VECTOR('',#211,1.);
#211 = DIRECTION('',(-0.,-0.,-1.));
#212 = DEFINITIONAL_REPRESENTATION('',(#213),#219);
#213 = B_SPLINE_CURVE_WITH_KNOTS('',4,(#214,#215,#216,#217,#218),
  .UNSPECIFIED.,.F.,.F.,(5,5),(0.,1.),.PIECEWISE_BEZIER_KNOTS.);
#214 = CARTESIAN_POINT('',(3.14159265359,-56.));
#215 = CARTESIAN_POINT('',(3.14159265359,-42.25));
#216 = CARTESIAN_POINT('',(3.14159265359,-28.5));
#217 = CARTESIAN_POINT('',(3.14159265359,-14.75));
#218 = CARTESIAN_POINT('',(3.14159265359,-1.));
#219 = ( GEOMETRIC_REPRESENTATION_CONTEXT(2) 
PARAMETRIC_REPRESENTATION_CONTEXT() REPRESENTATION_CONTEXT('2D SPACE',''
  ) );
#220 = ORIENTED_EDGE('',*,*,#221,.F.);
#221 = EDGE_CURVE('',#222,#185,#224,.T.);
#222 = VERTEX_POINT('',#223);
#223 = CARTESIAN_POINT('',(-14.,-8.5,-20.5));
#224 = SURFACE_CURVE('',#225,(#229,#235),.PCURVE_S1.);
#225 = LINE('',#226,#227);
#226 = CARTESIAN_POINT('',(-15.,-8.5,-20.5));
#227 = VECTOR('',#228,1.);
#228 = DIRECTION('',(1.,0.,-0.));
#229 = PCURVE('',#44,#230);
#230 = DEFINITIONAL_REPRESENTATION('',(#231),#234);
#231 = B_SPLINE_CURVE_WITH_KNOTS('',1,(#232,#233),.UNSPECIFIED.,.F.,.F.,
  (2,2),(1.,2.),.PIECEWISE_BEZIER_KNOTS.);
#232 = CARTESIAN_POINT('',(34.5,2.));
#233 = CARTESIAN_POINT('',(34.5,3.));
#234 = ( GEOMETRIC_REPRESENTATION_CONTEXT(2) 
PARAMETRIC_REPRESENTATION_CONTEXT() REPRESENTATION_CONTEXT('2D SPACE',''
  ) );
#235 = PCURVE('',#236,#241);
#236 = PLANE('',#237);
#237 = AXIS2_PLACEMENT_3D('',#238,#239,#240);
#238 = CARTESIAN_POINT('',(-14.,-10.5,-20.5));
#239 = DIRECTION('',(0.,0.,1.));
#240 = DIRECTION('',(1.,0.,-0.));
#241 = DEFINITIONAL_REPRESENTATION('',(#242),#245);
#242 = B_SPLINE_CURVE_WITH_KNOTS('',1,(#243,#244),.UNSPECIFIED.,.F.,.F.,
  (2,2),(1.,2.),.PIECEWISE_BEZIER_KNOTS.);
#243 = CARTESIAN_POINT('',(0.,2.));
#244 = CARTESIAN_POINT('',(1.,2.));
#245 = ( GEOMETRIC_REPRESENTATION_CONTEXT(2) 
PARAMETRIC_REPRESENTATION_CONTEXT() REPRESENTATION_CONTEXT('2D SPACE',''
  ) );
#246 = ORIENTED_EDGE('',*,*,#247,.T.);
#247 = EDGE_CURVE('',#222,#248,#250,.T.);
#248 = VERTEX_POINT('',#249);
#249 = CARTESIAN_POINT('',(-14.,-8.5,-32.5));
#250 = SURFACE_CURVE('',#251,(#255,#261),.PCURVE_S1.);
#251 = LINE('',#252,#253);
#252 = CARTESIAN_POINT('',(-14.,-8.5,-43.75));
#253 = VECTOR('',#254,1.);
#254 = DIRECTION('',(-0.,0.,-1.));
#255 = PCURVE('',#44,#256);
#256 = DEFINITIONAL_REPRESENTATION('',(#257),#260);
#257 = B_SPLINE_CURVE_WITH_KNOTS('',1,(#258,#259),.UNSPECIFIED.,.F.,.F.,
  (2,2),(-23.25,-11.25),.PIECEWISE_BEZIER_KNOTS.);
#258 = CARTESIAN_POINT('',(34.5,2.));
#259 = CARTESIAN_POINT('',(22.5,2.));
#260 = ( GEOMETRIC_REPRESENTATION_CONTEXT(2) 
PARAMETRIC_REPRESENTATION_CONTEXT() REPRESENTATION_CONTEXT('2D SPACE',''
  ) );
#261 = PCURVE('',#262,#267);
#262 = PLANE('',#263);
#263 = AXIS2_PLACEMENT_3D('',#264,#265,#266);
#264 = CARTESIAN_POINT('',(-14.,-10.5,-32.5));
#265 = DIRECTION('',(1.,0.,-0.));
#266 = DIRECTION('',(0.,0.,1.));
#267 = DEFINITIONAL_REPRESENTATION('',(#268),#271);
#268 = B_SPLINE_CURVE_WITH_KNOTS('',1,(#269,#270),.UNSPECIFIED.,.F.,.F.,
  (2,2),(-23.25,-11.25),.PIECEWISE_BEZIER_KNOTS.);
#269 = CARTESIAN_POINT('',(12.,-2.));
#270 = CARTESIAN_POINT('',(0.,-2.));
#271 = ( GEOMETRIC_REPRESENTATION_CONTEXT(2) 
PARAMETRIC_REPRESENTATION_CONTEXT() REPRESENTATION_CONTEXT('2D SPACE',''
  ) );
#272 = ORIENTED_EDGE('',*,*,#273,.T.);
#273 = EDGE_CURVE('',#248,#274,#276,.T.);
#274 = VERTEX_POINT('',#275);
#275 = CARTESIAN_POINT('',(-13.,-8.5,-32.5));
#276 = SURFACE_CURVE('',#277,(#281,#287),.PCURVE_S1.);
#277 = LINE('',#278,#279);
#278 = CARTESIAN_POINT('',(-15.,-8.5,-32.5));
#279 = VECTOR('',#280,1.);
#280 = DIRECTION('',(1.,0.,-0.));
#281 = PCURVE('',#44,#282);
#282 = DEFINITIONAL_REPRESENTATION('',(#283),#286);
#283 = B_SPLINE_CURVE_WITH_KNOTS('',1,(#284,#285),.UNSPECIFIED.,.F.,.F.,
  (2,2),(1.,2.),.PIECEWISE_BEZIER_KNOTS.);
#284 = CARTESIAN_POINT('',(22.5,2.));
#285 = CARTESIAN_POINT('',(22.5,3.));
#286 = ( GEOMETRIC_REPRESENTATION_CONTEXT(2) 
PARAMETRIC_REPRESENTATION_CONTEXT() REPRESENTATION_CONTEXT('2D SPACE',''
  ) );
#287 = PCURVE('',#288,#293);
#288 = PLANE('',#289);
#289 = AXIS2_PLACEMENT_3D('',#290,#291,#292);
#290 = CARTESIAN_POINT('',(-14.,-10.5,-32.5));
#291 = DIRECTION('',(0.,0.,1.));
#292 = DIRECTION('',(1.,0.,-0.));
#293 = DEFINITIONAL_REPRESENTATION('',(#294),#297);
#294 = B_SPLINE_CURVE_WITH_KNOTS('',1,(#295,#296),.UNSPECIFIED.,.F.,.F.,
  (2,2),(1.,2.),.PIECEWISE_BEZIER_KNOTS.);
#295 = CARTESIAN_POINT('',(0.,2.));
#296 = CARTESIAN_POINT('',(1.,2.));
#297 = ( GEOMETRIC_REPRESENTATION_CONTEXT(2) 
PARAMETRIC_REPRESENTATION_CONTEXT() REPRESENTATION_CONTEXT('2D SPACE',''
  ) );
#298 = ORIENTED_EDGE('',*,*,#299,.T.);
#299 = EDGE_CURVE('',#274,#300,#302,.T.);
#300 = VERTEX_POINT('',#301);
#301 = CARTESIAN_POINT('',(-13.,-8.5,-40.5));
#302 = SURFACE_CURVE('',#303,(#309,#318),.PCURVE_S1.);
#303 = B_SPLINE_CURVE_WITH_KNOTS('',4,(#304,#305,#306,#307,#308),
  .UNSPECIFIED.,.F.,.F.,(5,5),(0.,1.),.PIECEWISE_BEZIER_KNOTS.);
#304 = CARTESIAN_POINT('',(-13.,-8.5,0.));
#305 = CARTESIAN_POINT('',(-13.,-8.5,-13.75));
#306 = CARTESIAN_POINT('',(-13.,-8.5,-27.5));
#307 = CARTESIAN_POINT('',(-13.,-8.5,-41.25));
#308 = CARTESIAN_POINT('',(-13.,-8.5,-55.));
#309 = PCURVE('',#44,#310);
#310 = DEFINITIONAL_REPRESENTATION('',(#311),#317);
#311 = B_SPLINE_CURVE_WITH_KNOTS('',4,(#312,#313,#314,#315,#316),
  .UNSPECIFIED.,.F.,.F.,(5,5),(0.,1.),.PIECEWISE_BEZIER_KNOTS.);
#312 = CARTESIAN_POINT('',(55.,3.));
#313 = CARTESIAN_POINT('',(41.25,3.));
#314 = CARTESIAN_POINT('',(27.5,3.));
#315 = CARTESIAN_POINT('',(13.75,3.));
#316 = CARTESIAN_POINT('',(0.,3.));
#317 = ( GEOMETRIC_REPRESENTATION_CONTEXT(2) 
PARAMETRIC_REPRESENTATION_CONTEXT() REPRESENTATION_CONTEXT('2D SPACE',''
  ) );
#318 = PCURVE('',#204,#319);
#319 = DEFINITIONAL_REPRESENTATION('',(#320),#326);
#320 = B_SPLINE_CURVE_WITH_KNOTS('',4,(#321,#322,#323,#324,#325),
  .UNSPECIFIED.,.F.,.F.,(5,5),(0.,1.),.PIECEWISE_BEZIER_KNOTS.);
#321 = CARTESIAN_POINT('',(3.14159265359,-56.));
#322 = CARTESIAN_POINT('',(3.14159265359,-42.25));
#323 = CARTESIAN_POINT('',(3.14159265359,-28.5));
#324 = CARTESIAN_POINT('',(3.14159265359,-14.75));
#325 = CARTESIAN_POINT('',(3.14159265359,-1.));
#326 = ( GEOMETRIC_REPRESENTATION_CONTEXT(2) 
PARAMETRIC_REPRESENTATION_CONTEXT() REPRESENTATION_CONTEXT('2D SPACE',''
  ) );
#327 = ORIENTED_EDGE('',*,*,#328,.F.);
#328 = EDGE_CURVE('',#329,#300,#331,.T.);
#329 = VERTEX_POINT('',#330);
#330 = CARTESIAN_POINT('',(-14.,-8.5,-40.5));
#331 = SURFACE_CURVE('',#332,(#336,#342),.PCURVE_S1.);
#332 = LINE('',#333,#334);
#333 = CARTESIAN_POINT('',(-15.,-8.5,-40.5));
#334 = VECTOR('',#335,1.);
#335 = DIRECTION('',(1.,0.,-0.));
#336 = PCURVE('',#44,#337);
#337 = DEFINITIONAL_REPRESENTATION('',(#338),#341);
#338 = B_SPLINE_CURVE_WITH_KNOTS('',1,(#339,#340),.UNSPECIFIED.,.F.,.F.,
  (2,2),(1.,2.),.PIECEWISE_BEZIER_KNOTS.);
#339 = CARTESIAN_POINT('',(14.5,2.));
#340 = CARTESIAN_POINT('',(14.5,3.));
#341 = ( GEOMETRIC_REPRESENTATION_CONTEXT(2) 
PARAMETRIC_REPRESENTATION_CONTEXT() REPRESENTATION_CONTEXT('2D SPACE',''
  ) );
#342 = PCURVE('',#343,#348);
#343 = PLANE('',#344);
#344 = AXIS2_PLACEMENT_3D('',#345,#346,#347);
#345 = CARTESIAN_POINT('',(-14.,-10.5,-40.5));
#346 = DIRECTION('',(0.,0.,1.));
#347 = DIRECTION('',(1.,0.,-0.));
#348 = DEFINITIONAL_REPRESENTATION('',(#349),#352);
#349 = B_SPLINE_CURVE_WITH_KNOTS('',1,(#350,#351),.UNSPECIFIED.,.F.,.F.,
  (2,2),(1.,2.),.PIECEWISE_BEZIER_KNOTS.);
#350 = CARTESIAN_POINT('',(0.,2.));
#351 = CARTESIAN_POINT('',(1.,2.));
#352 = ( GEOMETRIC_REPRESENTATION_CONTEXT(2) 
PARAMETRIC_REPRESENTATION_CONTEXT() REPRESENTATION_CONTEXT('2D SPACE',''
  ) );
#353 = ORIENTED_EDGE('',*,*,#354,.T.);
#354 = EDGE_CURVE('',#329,#355,#357,.T.);
#355 = VERTEX_POINT('',#356);
#356 = CARTESIAN_POINT('',(-14.,-8.5,-52.5));
#357 = SURFACE_CURVE('',#358,(#362,#368),.PCURVE_S1.);
#358 = LINE('',#359,#360);
#359 = CARTESIAN_POINT('',(-14.,-8.5,-53.75));
#360 = VECTOR('',#361,1.);
#361 = DIRECTION('',(-0.,0.,-1.));
#362 = PCURVE('',#44,#363);
#363 = DEFINITIONAL_REPRESENTATION('',(#364),#367);
#364 = B_SPLINE_CURVE_WITH_KNOTS('',1,(#365,#366),.UNSPECIFIED.,.F.,.F.,
  (2,2),(-13.25,-1.25),.PIECEWISE_BEZIER_KNOTS.);
#365 = CARTESIAN_POINT('',(14.5,2.));
#366 = CARTESIAN_POINT('',(2.5,2.));
#367 = ( GEOMETRIC_REPRESENTATION_CONTEXT(2) 
PARAMETRIC_REPRESENTATION_CONTEXT() REPRESENTATION_CONTEXT('2D SPACE',''
  ) );
#368 = PCURVE('',#369,#374);
#369 = PLANE('',#370);
#370 = AXIS2_PLACEMENT_3D('',#371,#372,#373);
#371 = CARTESIAN_POINT('',(-14.,-10.5,-52.5));
#372 = DIRECTION('',(1.,0.,-0.));
#373 = DIRECTION('',(0.,0.,1.));
#374 = DEFINITIONAL_REPRESENTATION('',(#375),#378);
#375 = B_SPLINE_CURVE_WITH_KNOTS('',1,(#376,#377),.UNSPECIFIED.,.F.,.F.,
  (2,2),(-13.25,-1.25),.PIECEWISE_BEZIER_KNOTS.);
#376 = CARTESIAN_POINT('',(12.,-2.));
#377 = CARTESIAN_POINT('',(0.,-2.));
#378 = ( GEOMETRIC_REPRESENTATION_CONTEXT(2) 
PARAMETRIC_REPRESENTATION_CONTEXT() REPRESENTATION_CONTEXT('2D SPACE',''
  ) );
#379 = ORIENTED_EDGE('',*,*,#380,.T.);
#380 = EDGE_CURVE('',#355,#381,#383,.T.);
#381 = VERTEX_POINT('',#382);
#382 = CARTESIAN_POINT('',(-13.,-8.5,-52.5));
#383 = SURFACE_CURVE('',#384,(#388,#394),.PCURVE_S1.);
#384 = LINE('',#385,#386);
#385 = CARTESIAN_POINT('',(-15.,-8.5,-52.5));
#386 = VECTOR('',#387,1.);
#387 = DIRECTION('',(1.,0.,-0.));
#388 = PCURVE('',#44,#389);
#389 = DEFINITIONAL_REPRESENTATION('',(#390),#393);
#390 = B_SPLINE_CURVE_WITH_KNOTS('',1,(#391,#392),.UNSPECIFIED.,.F.,.F.,
  (2,2),(1.,2.),.PIECEWISE_BEZIER_KNOTS.);
#391 = CARTESIAN_POINT('',(2.5,2.));
#392 = CARTESIAN_POINT('',(2.5,3.));
#393 = ( GEOMETRIC_REPRESENTATION_CONTEXT(2) 
PARAMETRIC_REPRESENTATION_CONTEXT() REPRESENTATION_CONTEXT('2D SPACE',''
  ) );
#394 = PCURVE('',#395,#400);
#395 = PLANE('',#396);
#396 = AXIS2_PLACEMENT_3D('',#397,#398,#399);
#397 = CARTESIAN_POINT('',(-14.,-10.5,-52.5));
#398 = DIRECTION('',(0.,0.,1.));
#399 = DIRECTION('',(1.,0.,-0.));
#400 = DEFINITIONAL_REPRESENTATION('',(#401),#404);
#401 = B_SPLINE_CURVE_WITH_KNOTS('',1,(#402,#403),.UNSPECIFIED.,.F.,.F.,
  (2,2),(1.,2.),.PIECEWISE_BEZIER_KNOTS.);
#402 = CARTESIAN_POINT('',(0.,2.));
#403 = CARTESIAN_POINT('',(1.,2.));
#404 = ( GEOMETRIC_REPRESENTATION_CONTEXT(2) 
PARAMETRIC_REPRESENTATION_CONTEXT() REPRESENTATION_CONTEXT('2D SPACE',''
  ) );
#405 = ORIENTED_EDGE('',*,*,#406,.T.);
#406 = EDGE_CURVE('',#381,#140,#407,.T.);
#407 = SURFACE_CURVE('',#408,(#414,#423),.PCURVE_S1.);
#408 = B_SPLINE_CURVE_WITH_KNOTS('',4,(#409,#410,#411,#412,#413),
  .UNSPECIFIED.,.F.,.F.,(5,5),(0.,1.),.PIECEWISE_BEZIER_KNOTS.);
#409 = CARTESIAN_POINT('',(-13.,-8.5,0.));
#410 = CARTESIAN_POINT('',(-13.,-8.5,-13.75));
#411 = CARTESIAN_POINT('',(-13.,-8.5,-27.5));
#412 = CARTESIAN_POINT('',(-13.,-8.5,-41.25));
#413 = CARTESIAN_POINT('',(-13.,-8.5,-55.));
#414 = PCURVE('',#44,#415);
#415 = DEFINITIONAL_REPRESENTATION('',(#416),#422);
#416 = B_SPLINE_CURVE_WITH_KNOTS('',4,(#417,#418,#419,#420,#421),
  .UNSPECIFIED.,.F.,.F.,(5,5),(0.,1.),.PIECEWISE_BEZIER_KNOTS.);
#417 = CARTESIAN_POINT('',(55.,3.));
#418 = CARTESIAN_POINT('',(41.25,3.));
#419 = CARTESIAN_POINT('',(27.5,3.));
#420 = CARTESIAN_POINT('',(13.75,3.));
#421 = CARTESIAN_POINT('',(0.,3.));
#422 = ( GEOMETRIC_REPRESENTATION_CONTEXT(2) 
PARAMETRIC_REPRESENTATION_CONTEXT() REPRESENTATION_CONTEXT('2D SPACE',''
  ) );
#423 = PCURVE('',#204,#424);
#424 = DEFINITIONAL_REPRESENTATION('',(#425),#431);
#425 = B_SPLINE_CURVE_WITH_KNOTS('',4,(#426,#427,#428,#429,#430),
  .UNSPECIFIED.,.F.,.F.,(5,5),(0.,1.),.PIECEWISE_BEZIER_KNOTS.);
#426 = CARTESIAN_POINT('',(3.14159265359,-56.));
#427 = CARTESIAN_POINT('',(3.14159265359,-42.25));
#428 = CARTESIAN_POINT('',(3.14159265359,-28.5));
#429 = CARTESIAN_POINT('',(3.14159265359,-14.75));
#430 = CARTESIAN_POINT('',(3.14159265359,-1.));
#431 = ( GEOMETRIC_REPRESENTATION_CONTEXT(2) 
PARAMETRIC_REPRESENTATION_CONTEXT() REPRESENTATION_CONTEXT('2D SPACE',''
  ) );
#432 = ADVANCED_FACE('',(#433),#125,.T.);
#433 = FACE_BOUND('',#434,.T.);
#434 = EDGE_LOOP('',(#435,#465,#484,#485,#486));
#435 = ORIENTED_EDGE('',*,*,#436,.T.);
#436 = EDGE_CURVE('',#437,#439,#441,.T.);
#437 = VERTEX_POINT('',#438);
#438 = CARTESIAN_POINT('',(-6.,-2.733718702665,-19.));
#439 = VERTEX_POINT('',#440);
#440 = CARTESIAN_POINT('',(-6.,8.5,-19.));
#441 = SURFACE_CURVE('',#442,(#446,#453),.PCURVE_S1.);
#442 = LINE('',#443,#444);
#443 = CARTESIAN_POINT('',(-6.,-10.5,-19.));
#444 = VECTOR('',#445,1.);
#445 = DIRECTION('',(-0.,1.,0.));
#446 = PCURVE('',#125,#447);
#447 = DEFINITIONAL_REPRESENTATION('',(#448),#452);
#448 = LINE('',#449,#450);
#449 = CARTESIAN_POINT('',(11.,0.));
#450 = VECTOR('',#451,1.);
#451 = DIRECTION('',(0.,1.));
#452 = ( GEOMETRIC_REPRESENTATION_CONTEXT(2) 
PARAMETRIC_REPRESENTATION_CONTEXT() REPRESENTATION_CONTEXT('2D SPACE',''
  ) );
#453 = PCURVE('',#454,#459);
#454 = PLANE('',#455);
#455 = AXIS2_PLACEMENT_3D('',#456,#457,#458);
#456 = CARTESIAN_POINT('',(-6.,-10.5,-19.));
#457 = DIRECTION('',(1.,0.,-0.));
#458 = DIRECTION('',(0.,0.,1.));
#459 = DEFINITIONAL_REPRESENTATION('',(#460),#464);
#460 = LINE('',#461,#462);
#461 = CARTESIAN_POINT('',(0.,0.));
#462 = VECTOR('',#463,1.);
#463 = DIRECTION('',(0.,-1.));
#464 = ( GEOMETRIC_REPRESENTATION_CONTEXT(2) 
PARAMETRIC_REPRESENTATION_CONTEXT() REPRESENTATION_CONTEXT('2D SPACE',''
  ) );
#465 = ORIENTED_EDGE('',*,*,#466,.F.);
#466 = EDGE_CURVE('',#85,#439,#467,.T.);
#467 = SURFACE_CURVE('',#468,(#472,#478),.PCURVE_S1.);
#468 = LINE('',#469,#470);
#469 = CARTESIAN_POINT('',(-16.5,8.5,-19.));
#470 = VECTOR('',#471,1.);
#471 = DIRECTION('',(1.,0.,-0.));
#472 = PCURVE('',#125,#473);
#473 = DEFINITIONAL_REPRESENTATION('',(#474),#477);
#474 = B_SPLINE_CURVE_WITH_KNOTS('',1,(#475,#476),.UNSPECIFIED.,.F.,.F.,
  (2,2),(0.5,10.5),.PIECEWISE_BEZIER_KNOTS.);
#475 = CARTESIAN_POINT('',(1.,19.));
#476 = CARTESIAN_POINT('',(11.,19.));
#477 = ( GEOMETRIC_REPRESENTATION_CONTEXT(2) 
PARAMETRIC_REPRESENTATION_CONTEXT() REPRESENTATION_CONTEXT('2D SPACE',''
  ) );
#478 = PCURVE('',#100,#479);
#479 = DEFINITIONAL_REPRESENTATION('',(#480),#483);
#480 = B_SPLINE_CURVE_WITH_KNOTS('',1,(#481,#482),.UNSPECIFIED.,.F.,.F.,
  (2,2),(0.5,10.5),.PIECEWISE_BEZIER_KNOTS.);
#481 = CARTESIAN_POINT('',(36.,0.));
#482 = CARTESIAN_POINT('',(36.,10.));
#483 = ( GEOMETRIC_REPRESENTATION_CONTEXT(2) 
PARAMETRIC_REPRESENTATION_CONTEXT() REPRESENTATION_CONTEXT('2D SPACE',''
  ) );
#484 = ORIENTED_EDGE('',*,*,#112,.T.);
#485 = ORIENTED_EDGE('',*,*,#163,.T.);
#486 = ORIENTED_EDGE('',*,*,#487,.T.);
#487 = EDGE_CURVE('',#164,#437,#488,.T.);
#488 = SURFACE_CURVE('',#489,(#522,#558),.PCURVE_S1.);
#489 = B_SPLINE_CURVE_WITH_KNOTS('',7,(#490,#491,#492,#493,#494,#495,
    #496,#497,#498,#499,#500,#501,#502,#503,#504,#505,#506,#507,#508,
    #509,#510,#511,#512,#513,#514,#515,#516,#517,#518,#519,#520,#521),
  .UNSPECIFIED.,.F.,.F.,(8,6,6,6,6,8),(0.,0.167660884381,0.283168178722,
    0.457945528178,0.710013270366,1.),.UNSPECIFIED.);
#490 = CARTESIAN_POINT('',(-13.,-8.500000000001,-19.));
#491 = CARTESIAN_POINT('',(-13.,-8.269193234941,-19.));
#492 = CARTESIAN_POINT('',(-12.98087641318,-8.038289374723,-19.));
#493 = CARTESIAN_POINT('',(-12.94260237602,-7.809427384688,-19.));
#494 = CARTESIAN_POINT('',(-12.88603040369,-7.584297667515,-19.));
#495 = CARTESIAN_POINT('',(-12.81253708715,-7.364217350321,-19.));
#496 = CARTESIAN_POINT('',(-12.72376923004,-7.150186186993,-19.));
#497 = CARTESIAN_POINT('',(-12.55102876227,-6.800132458301,-19.));
#498 = CARTESIAN_POINT('',(-12.47411750652,-6.660481015717,-19.));
#499 = CARTESIAN_POINT('',(-12.39128019673,-6.524124359165,-19.));
#500 = CARTESIAN_POINT('',(-12.30303257228,-6.391147145946,-19.));
#501 = CARTESIAN_POINT('',(-12.20985982625,-6.261577990789,-19.));
#502 = CARTESIAN_POINT('',(-12.1121999147,-6.135400108739,-19.));
#503 = CARTESIAN_POINT('',(-11.85644892578,-5.82668135571,-19.));
#504 = CARTESIAN_POINT('',(-11.69310373658,-5.648491202151,-19.));
#505 = CARTESIAN_POINT('',(-11.5216948988,-5.477748969433,-19.));
#506 = CARTESIAN_POINT('',(-11.34333630546,-5.314183226077,-19.));
#507 = CARTESIAN_POINT('',(-11.15896015724,-5.157489480175,-19.));
#508 = CARTESIAN_POINT('',(-10.96931348691,-5.007334568376,-19.));
#509 = CARTESIAN_POINT('',(-10.49463530904,-4.655729705326,-19.));
#510 = CARTESIAN_POINT('',(-10.20464594583,-4.461060798917,-19.));
#511 = CARTESIAN_POINT('',(-9.906704562644,-4.278309185005,-19.));
#512 = CARTESIAN_POINT('',(-9.602157558641,-4.106659992774,-19.));
#513 = CARTESIAN_POINT('',(-9.292068872508,-3.945383234239,-19.));
#514 = CARTESIAN_POINT('',(-8.977226082267,-3.793823825352,-19.));
#515 = CARTESIAN_POINT('',(-8.291083946157,-3.487513596858,-19.));
#516 = CARTESIAN_POINT('',(-7.9185427829,-3.335768440057,-19.));
#517 = CARTESIAN_POINT('',(-7.54144072249,-3.19527005609,-19.));
#518 = CARTESIAN_POINT('',(-7.160511169233,-3.06534031423,-19.));
#519 = CARTESIAN_POINT('',(-6.776342944054,-2.945417088385,-19.));
#520 = CARTESIAN_POINT('',(-6.389395870671,-2.83501341513,-19.));
#521 = CARTESIAN_POINT('',(-6.,-2.733718702665,-19.));
#522 = PCURVE('',#125,#523);
#523 = DEFINITIONAL_REPRESENTATION('',(#524),#557);
#524 = B_SPLINE_CURVE_WITH_KNOTS('',7,(#525,#526,#527,#528,#529,#530,
    #531,#532,#533,#534,#535,#536,#537,#538,#539,#540,#541,#542,#543,
    #544,#545,#546,#547,#548,#549,#550,#551,#552,#553,#554,#555,#556),
  .UNSPECIFIED.,.F.,.F.,(8,6,6,6,6,8),(0.,0.167660884381,0.283168178722,
    0.457945528178,0.710013270366,1.),.UNSPECIFIED.);
#525 = CARTESIAN_POINT('',(4.,1.999999999999));
#526 = CARTESIAN_POINT('',(4.,2.230806765059));
#527 = CARTESIAN_POINT('',(4.019123586811,2.461710625277));
#528 = CARTESIAN_POINT('',(4.057397623978,2.690572615312));
#529 = CARTESIAN_POINT('',(4.113969596303,2.915702332485));
#530 = CARTESIAN_POINT('',(4.187462912846,3.135782649679));
#531 = CARTESIAN_POINT('',(4.27623076996,3.349813813007));
#532 = CARTESIAN_POINT('',(4.448971237729,3.699867541699));
#533 = CARTESIAN_POINT('',(4.525882493476,3.839518984283));
#534 = CARTESIAN_POINT('',(4.608719803268,3.975875640835));
#535 = CARTESIAN_POINT('',(4.696967427719,4.108852854054));
#536 = CARTESIAN_POINT('',(4.790140173748,4.238422009211));
#537 = CARTESIAN_POINT('',(4.887800085291,4.364599891261));
#538 = CARTESIAN_POINT('',(5.143551074219,4.67331864429));
#539 = CARTESIAN_POINT('',(5.306896263413,4.851508797849));
#540 = CARTESIAN_POINT('',(5.478305101195,5.022251030567));
#541 = CARTESIAN_POINT('',(5.65666369454,5.185816773923));
#542 = CARTESIAN_POINT('',(5.841039842759,5.342510519825));
#543 = CARTESIAN_POINT('',(6.030686513089,5.492665431624));
#544 = CARTESIAN_POINT('',(6.50536469096,5.844270294674));
#545 = CARTESIAN_POINT('',(6.79535405417,6.038939201083));
#546 = CARTESIAN_POINT('',(7.093295437356,6.221690814995));
#547 = CARTESIAN_POINT('',(7.397842441359,6.393340007226));
#548 = CARTESIAN_POINT('',(7.707931127492,6.554616765761));
#549 = CARTESIAN_POINT('',(8.022773917733,6.706176174648));
#550 = CARTESIAN_POINT('',(8.708916053843,7.012486403142));
#551 = CARTESIAN_POINT('',(9.0814572171,7.164231559943));
#552 = CARTESIAN_POINT('',(9.45855927751,7.30472994391));
#553 = CARTESIAN_POINT('',(9.839488830767,7.43465968577));
#554 = CARTESIAN_POINT('',(10.223657055946,7.554582911615));
#555 = CARTESIAN_POINT('',(10.610604129329,7.66498658487));
#556 = CARTESIAN_POINT('',(11.,7.766281297335));
#557 = ( GEOMETRIC_REPRESENTATION_CONTEXT(2) 
PARAMETRIC_REPRESENTATION_CONTEXT() REPRESENTATION_CONTEXT('2D SPACE',''
  ) );
#558 = PCURVE('',#204,#559);
#559 = DEFINITIONAL_REPRESENTATION('',(#560),#593);
#560 = B_SPLINE_CURVE_WITH_KNOTS('',7,(#561,#562,#563,#564,#565,#566,
    #567,#568,#569,#570,#571,#572,#573,#574,#575,#576,#577,#578,#579,
    #580,#581,#582,#583,#584,#585,#586,#587,#588,#589,#590,#591,#592),
  .UNSPECIFIED.,.F.,.F.,(8,6,6,6,6,8),(0.,0.167660884381,0.283168178722,
    0.457945528178,0.710013270366,1.),.UNSPECIFIED.);
#561 = CARTESIAN_POINT('',(3.14159265359,-37.));
#562 = CARTESIAN_POINT('',(3.106083920504,-37.));
#563 = CARTESIAN_POINT('',(3.070560282197,-37.));
#564 = CARTESIAN_POINT('',(3.035277502211,-37.));
#565 = CARTESIAN_POINT('',(3.000422669772,-37.));
#566 = CARTESIAN_POINT('',(2.966137729937,-37.));
#567 = CARTESIAN_POINT('',(2.932532906728,-37.));
#568 = CARTESIAN_POINT('',(2.87706343535,-37.));
#569 = CARTESIAN_POINT('',(2.854786914057,-37.));
#570 = CARTESIAN_POINT('',(2.832874394902,-37.));
#571 = CARTESIAN_POINT('',(2.811331770475,-37.));
#572 = CARTESIAN_POINT('',(2.790158685468,-37.));
#573 = CARTESIAN_POINT('',(2.769349522093,-37.));
#574 = CARTESIAN_POINT('',(2.717941095883,-37.));
#575 = CARTESIAN_POINT('',(2.687805556398,-37.));
#576 = CARTESIAN_POINT('',(2.658442839261,-37.));
#577 = CARTESIAN_POINT('',(2.629810174221,-37.));
#578 = CARTESIAN_POINT('',(2.601863325427,-37.));
#579 = CARTESIAN_POINT('',(2.574554595338,-37.));
#580 = CARTESIAN_POINT('',(2.509291210375,-37.));
#581 = CARTESIAN_POINT('',(2.47198785332,-37.));
#582 = CARTESIAN_POINT('',(2.43576842723,-37.));
#583 = CARTESIAN_POINT('',(2.4005202869,-37.));
#584 = CARTESIAN_POINT('',(2.366144188794,-37.));
#585 = CARTESIAN_POINT('',(2.332549202538,-37.));
#586 = CARTESIAN_POINT('',(2.261792729806,-37.));
#587 = CARTESIAN_POINT('',(2.224867934223,-37.));
#588 = CARTESIAN_POINT('',(2.188745378438,-37.));
#589 = CARTESIAN_POINT('',(2.153328148141,-37.));
#590 = CARTESIAN_POINT('',(2.118534494666,-37.));
#591 = CARTESIAN_POINT('',(2.084289868626,-37.));
#592 = CARTESIAN_POINT('',(2.050524964471,-37.));
#593 = ( GEOMETRIC_REPRESENTATION_CONTEXT(2) 
PARAMETRIC_REPRESENTATION_CONTEXT() REPRESENTATION_CONTEXT('2D SPACE',''
  ) );
#594 = ADVANCED_FACE('',(#595,#697,#788,#879,#985),#100,.T.);
#595 = FACE_BOUND('',#596,.T.);
#596 = EDGE_LOOP('',(#597,#627,#648,#649,#650,#671));
#597 = ORIENTED_EDGE('',*,*,#598,.F.);
#598 = EDGE_CURVE('',#599,#601,#603,.T.);
#599 = VERTEX_POINT('',#600);
#600 = CARTESIAN_POINT('',(16.,8.5,-55.));
#601 = VERTEX_POINT('',#602);
#602 = CARTESIAN_POINT('',(16.,8.5,0.));
#603 = SURFACE_CURVE('',#604,(#608,#615),.PCURVE_S1.);
#604 = LINE('',#605,#606);
#605 = CARTESIAN_POINT('',(16.,8.5,-55.));
#606 = VECTOR('',#607,1.);
#607 = DIRECTION('',(0.,0.,1.));
#608 = PCURVE('',#100,#609);
#609 = DEFINITIONAL_REPRESENTATION('',(#610),#614);
#610 = LINE('',#611,#612);
#611 = CARTESIAN_POINT('',(0.,32.));
#612 = VECTOR('',#613,1.);
#613 = DIRECTION('',(1.,0.));
#614 = ( GEOMETRIC_REPRESENTATION_CONTEXT(2) 
PARAMETRIC_REPRESENTATION_CONTEXT() REPRESENTATION_CONTEXT('2D SPACE',''
  ) );
#615 = PCURVE('',#616,#621);
#616 = PLANE('',#617);
#617 = AXIS2_PLACEMENT_3D('',#618,#619,#620);
#618 = CARTESIAN_POINT('',(16.,-8.5,-55.));
#619 = DIRECTION('',(1.,0.,-0.));
#620 = DIRECTION('',(0.,0.,1.));
#621 = DEFINITIONAL_REPRESENTATION('',(#622),#626);
#622 = LINE('',#623,#624);
#623 = CARTESIAN_POINT('',(0.,-17.));
#624 = VECTOR('',#625,1.);
#625 = DIRECTION('',(1.,0.));
#626 = ( GEOMETRIC_REPRESENTATION_CONTEXT(2) 
PARAMETRIC_REPRESENTATION_CONTEXT() REPRESENTATION_CONTEXT('2D SPACE',''
  ) );
#627 = ORIENTED_EDGE('',*,*,#628,.F.);
#628 = EDGE_CURVE('',#57,#599,#629,.T.);
#629 = SURFACE_CURVE('',#630,(#634,#641),.PCURVE_S1.);
#630 = LINE('',#631,#632);
#631 = CARTESIAN_POINT('',(-16.,8.5,-55.));
#632 = VECTOR('',#633,1.);
#633 = DIRECTION('',(1.,0.,-0.));
#634 = PCURVE('',#100,#635);
#635 = DEFINITIONAL_REPRESENTATION('',(#636),#640);
#636 = LINE('',#637,#638);
#637 = CARTESIAN_POINT('',(0.,0.));
#638 = VECTOR('',#639,1.);
#639 = DIRECTION('',(0.,1.));
#640 = ( GEOMETRIC_REPRESENTATION_CONTEXT(2) 
PARAMETRIC_REPRESENTATION_CONTEXT() REPRESENTATION_CONTEXT('2D SPACE',''
  ) );
#641 = PCURVE('',#72,#642);
#642 = DEFINITIONAL_REPRESENTATION('',(#643),#647);
#643 = LINE('',#644,#645);
#644 = CARTESIAN_POINT('',(0.,17.));
#645 = VECTOR('',#646,1.);
#646 = DIRECTION('',(1.,0.));
#647 = ( GEOMETRIC_REPRESENTATION_CONTEXT(2) 
PARAMETRIC_REPRESENTATION_CONTEXT() REPRESENTATION_CONTEXT('2D SPACE',''
  ) );
#648 = ORIENTED_EDGE('',*,*,#84,.T.);
#649 = ORIENTED_EDGE('',*,*,#466,.T.);
#650 = ORIENTED_EDGE('',*,*,#651,.F.);
#651 = EDGE_CURVE('',#652,#439,#654,.T.);
#652 = VERTEX_POINT('',#653);
#653 = CARTESIAN_POINT('',(-6.,8.5,0.));
#654 = SURFACE_CURVE('',#655,(#659,#665),.PCURVE_S1.);
#655 = LINE('',#656,#657);
#656 = CARTESIAN_POINT('',(-6.,8.5,-37.));
#657 = VECTOR('',#658,1.);
#658 = DIRECTION('',(-0.,0.,-1.));
#659 = PCURVE('',#100,#660);
#660 = DEFINITIONAL_REPRESENTATION('',(#661),#664);
#661 = B_SPLINE_CURVE_WITH_KNOTS('',1,(#662,#663),.UNSPECIFIED.,.F.,.F.,
  (2,2),(-37.,-18.),.PIECEWISE_BEZIER_KNOTS.);
#662 = CARTESIAN_POINT('',(55.,10.));
#663 = CARTESIAN_POINT('',(36.,10.));
#664 = ( GEOMETRIC_REPRESENTATION_CONTEXT(2) 
PARAMETRIC_REPRESENTATION_CONTEXT() REPRESENTATION_CONTEXT('2D SPACE',''
  ) );
#665 = PCURVE('',#454,#666);
#666 = DEFINITIONAL_REPRESENTATION('',(#667),#670);
#667 = B_SPLINE_CURVE_WITH_KNOTS('',1,(#668,#669),.UNSPECIFIED.,.F.,.F.,
  (2,2),(-37.,-18.),.PIECEWISE_BEZIER_KNOTS.);
#668 = CARTESIAN_POINT('',(19.,-19.));
#669 = CARTESIAN_POINT('',(0.,-19.));
#670 = ( GEOMETRIC_REPRESENTATION_CONTEXT(2) 
PARAMETRIC_REPRESENTATION_CONTEXT() REPRESENTATION_CONTEXT('2D SPACE',''
  ) );
#671 = ORIENTED_EDGE('',*,*,#672,.T.);
#672 = EDGE_CURVE('',#652,#601,#673,.T.);
#673 = SURFACE_CURVE('',#674,(#678,#685),.PCURVE_S1.);
#674 = LINE('',#675,#676);
#675 = CARTESIAN_POINT('',(-16.,8.5,0.));
#676 = VECTOR('',#677,1.);
#677 = DIRECTION('',(1.,0.,-0.));
#678 = PCURVE('',#100,#679);
#679 = DEFINITIONAL_REPRESENTATION('',(#680),#684);
#680 = LINE('',#681,#682);
#681 = CARTESIAN_POINT('',(55.,0.));
#682 = VECTOR('',#683,1.);
#683 = DIRECTION('',(0.,1.));
#684 = ( GEOMETRIC_REPRESENTATION_CONTEXT(2) 
PARAMETRIC_REPRESENTATION_CONTEXT() REPRESENTATION_CONTEXT('2D SPACE',''
  ) );
#685 = PCURVE('',#686,#691);
#686 = PLANE('',#687);
#687 = AXIS2_PLACEMENT_3D('',#688,#689,#690);
#688 = CARTESIAN_POINT('',(-16.,-8.5,0.));
#689 = DIRECTION('',(0.,0.,1.));
#690 = DIRECTION('',(1.,0.,-0.));
#691 = DEFINITIONAL_REPRESENTATION('',(#692),#696);
#692 = LINE('',#693,#694);
#693 = CARTESIAN_POINT('',(0.,17.));
#694 = VECTOR('',#695,1.);
#695 = DIRECTION('',(1.,0.));
#696 = ( GEOMETRIC_REPRESENTATION_CONTEXT(2) 
PARAMETRIC_REPRESENTATION_CONTEXT() REPRESENTATION_CONTEXT('2D SPACE',''
  ) );
#697 = FACE_BOUND('',#698,.T.);
#698 = EDGE_LOOP('',(#699,#722,#743,#764));
#699 = ORIENTED_EDGE('',*,*,#700,.F.);
#700 = EDGE_CURVE('',#701,#703,#705,.T.);
#701 = VERTEX_POINT('',#702);
#702 = CARTESIAN_POINT('',(-14.,8.5,-40.5));
#703 = VERTEX_POINT('',#704);
#704 = CARTESIAN_POINT('',(-11.,8.5,-40.5));
#705 = SURFACE_CURVE('',#706,(#710,#716),.PCURVE_S1.);
#706 = LINE('',#707,#708);
#707 = CARTESIAN_POINT('',(-15.,8.5,-40.5));
#708 = VECTOR('',#709,1.);
#709 = DIRECTION('',(1.,0.,-0.));
#710 = PCURVE('',#100,#711);
#711 = DEFINITIONAL_REPRESENTATION('',(#712),#715);
#712 = B_SPLINE_CURVE_WITH_KNOTS('',1,(#713,#714),.UNSPECIFIED.,.F.,.F.,
  (2,2),(1.,4.),.PIECEWISE_BEZIER_KNOTS.);
#713 = CARTESIAN_POINT('',(14.5,2.));
#714 = CARTESIAN_POINT('',(14.5,5.));
#715 = ( GEOMETRIC_REPRESENTATION_CONTEXT(2) 
PARAMETRIC_REPRESENTATION_CONTEXT() REPRESENTATION_CONTEXT('2D SPACE',''
  ) );
#716 = PCURVE('',#343,#717);
#717 = DEFINITIONAL_REPRESENTATION('',(#718),#721);
#718 = B_SPLINE_CURVE_WITH_KNOTS('',1,(#719,#720),.UNSPECIFIED.,.F.,.F.,
  (2,2),(1.,4.),.PIECEWISE_BEZIER_KNOTS.);
#719 = CARTESIAN_POINT('',(0.,19.));
#720 = CARTESIAN_POINT('',(3.,19.));
#721 = ( GEOMETRIC_REPRESENTATION_CONTEXT(2) 
PARAMETRIC_REPRESENTATION_CONTEXT() REPRESENTATION_CONTEXT('2D SPACE',''
  ) );
#722 = ORIENTED_EDGE('',*,*,#723,.T.);
#723 = EDGE_CURVE('',#701,#724,#726,.T.);
#724 = VERTEX_POINT('',#725);
#725 = CARTESIAN_POINT('',(-14.,8.5,-52.5));
#726 = SURFACE_CURVE('',#727,(#731,#737),.PCURVE_S1.);
#727 = LINE('',#728,#729);
#728 = CARTESIAN_POINT('',(-14.,8.5,-53.75));
#729 = VECTOR('',#730,1.);
#730 = DIRECTION('',(-0.,0.,-1.));
#731 = PCURVE('',#100,#732);
#732 = DEFINITIONAL_REPRESENTATION('',(#733),#736);
#733 = B_SPLINE_CURVE_WITH_KNOTS('',1,(#734,#735),.UNSPECIFIED.,.F.,.F.,
  (2,2),(-13.25,-1.25),.PIECEWISE_BEZIER_KNOTS.);
#734 = CARTESIAN_POINT('',(14.5,2.));
#735 = CARTESIAN_POINT('',(2.5,2.));
#736 = ( GEOMETRIC_REPRESENTATION_CONTEXT(2) 
PARAMETRIC_REPRESENTATION_CONTEXT() REPRESENTATION_CONTEXT('2D SPACE',''
  ) );
#737 = PCURVE('',#369,#738);
#738 = DEFINITIONAL_REPRESENTATION('',(#739),#742);
#739 = B_SPLINE_CURVE_WITH_KNOTS('',1,(#740,#741),.UNSPECIFIED.,.F.,.F.,
  (2,2),(-13.25,-1.25),.PIECEWISE_BEZIER_KNOTS.);
#740 = CARTESIAN_POINT('',(12.,-19.));
#741 = CARTESIAN_POINT('',(0.,-19.));
#742 = ( GEOMETRIC_REPRESENTATION_CONTEXT(2) 
PARAMETRIC_REPRESENTATION_CONTEXT() REPRESENTATION_CONTEXT('2D SPACE',''
  ) );
#743 = ORIENTED_EDGE('',*,*,#744,.T.);
#744 = EDGE_CURVE('',#724,#745,#747,.T.);
#745 = VERTEX_POINT('',#746);
#746 = CARTESIAN_POINT('',(-11.,8.5,-52.5));
#747 = SURFACE_CURVE('',#748,(#752,#758),.PCURVE_S1.);
#748 = LINE('',#749,#750);
#749 = CARTESIAN_POINT('',(-15.,8.5,-52.5));
#750 = VECTOR('',#751,1.);
#751 = DIRECTION('',(1.,0.,-0.));
#752 = PCURVE('',#100,#753);
#753 = DEFINITIONAL_REPRESENTATION('',(#754),#757);
#754 = B_SPLINE_CURVE_WITH_KNOTS('',1,(#755,#756),.UNSPECIFIED.,.F.,.F.,
  (2,2),(1.,4.),.PIECEWISE_BEZIER_KNOTS.);
#755 = CARTESIAN_POINT('',(2.5,2.));
#756 = CARTESIAN_POINT('',(2.5,5.));
#757 = ( GEOMETRIC_REPRESENTATION_CONTEXT(2) 
PARAMETRIC_REPRESENTATION_CONTEXT() REPRESENTATION_CONTEXT('2D SPACE',''
  ) );
#758 = PCURVE('',#395,#759);
#759 = DEFINITIONAL_REPRESENTATION('',(#760),#763);
#760 = B_SPLINE_CURVE_WITH_KNOTS('',1,(#761,#762),.UNSPECIFIED.,.F.,.F.,
  (2,2),(1.,4.),.PIECEWISE_BEZIER_KNOTS.);
#761 = CARTESIAN_POINT('',(0.,19.));
#762 = CARTESIAN_POINT('',(3.,19.));
#763 = ( GEOMETRIC_REPRESENTATION_CONTEXT(2) 
PARAMETRIC_REPRESENTATION_CONTEXT() REPRESENTATION_CONTEXT('2D SPACE',''
  ) );
#764 = ORIENTED_EDGE('',*,*,#765,.F.);
#765 = EDGE_CURVE('',#703,#745,#766,.T.);
#766 = SURFACE_CURVE('',#767,(#771,#777),.PCURVE_S1.);
#767 = LINE('',#768,#769);
#768 = CARTESIAN_POINT('',(-11.,8.5,-53.75));
#769 = VECTOR('',#770,1.);
#770 = DIRECTION('',(-0.,0.,-1.));
#771 = PCURVE('',#100,#772);
#772 = DEFINITIONAL_REPRESENTATION('',(#773),#776);
#773 = B_SPLINE_CURVE_WITH_KNOTS('',1,(#774,#775),.UNSPECIFIED.,.F.,.F.,
  (2,2),(-13.25,-1.25),.PIECEWISE_BEZIER_KNOTS.);
#774 = CARTESIAN_POINT('',(14.5,5.));
#775 = CARTESIAN_POINT('',(2.5,5.));
#776 = ( GEOMETRIC_REPRESENTATION_CONTEXT(2) 
PARAMETRIC_REPRESENTATION_CONTEXT() REPRESENTATION_CONTEXT('2D SPACE',''
  ) );
#777 = PCURVE('',#778,#783);
#778 = PLANE('',#779);
#779 = AXIS2_PLACEMENT_3D('',#780,#781,#782);
#780 = CARTESIAN_POINT('',(-11.,-10.5,-52.5));
#781 = DIRECTION('',(1.,0.,-0.));
#782 = DIRECTION('',(0.,0.,1.));
#783 = DEFINITIONAL_REPRESENTATION('',(#784),#787);
#784 = B_SPLINE_CURVE_WITH_KNOTS('',1,(#785,#786),.UNSPECIFIED.,.F.,.F.,
  (2,2),(-13.25,-1.25),.PIECEWISE_BEZIER_KNOTS.);
#785 = CARTESIAN_POINT('',(12.,-19.));
#786 = CARTESIAN_POINT('',(0.,-19.));
#787 = ( GEOMETRIC_REPRESENTATION_CONTEXT(2) 
PARAMETRIC_REPRESENTATION_CONTEXT() REPRESENTATION_CONTEXT('2D SPACE',''
  ) );
#788 = FACE_BOUND('',#789,.T.);
#789 = EDGE_LOOP('',(#790,#813,#834,#855));
#790 = ORIENTED_EDGE('',*,*,#791,.F.);
#791 = EDGE_CURVE('',#792,#794,#796,.T.);
#792 = VERTEX_POINT('',#793);
#793 = CARTESIAN_POINT('',(-14.,8.5,-20.5));
#794 = VERTEX_POINT('',#795);
#795 = CARTESIAN_POINT('',(-11.,8.5,-20.5));
#796 = SURFACE_CURVE('',#797,(#801,#807),.PCURVE_S1.);
#797 = LINE('',#798,#799);
#798 = CARTESIAN_POINT('',(-15.,8.5,-20.5));
#799 = VECTOR('',#800,1.);
#800 = DIRECTION('',(1.,0.,-0.));
#801 = PCURVE('',#100,#802);
#802 = DEFINITIONAL_REPRESENTATION('',(#803),#806);
#803 = B_SPLINE_CURVE_WITH_KNOTS('',1,(#804,#805),.UNSPECIFIED.,.F.,.F.,
  (2,2),(1.,4.),.PIECEWISE_BEZIER_KNOTS.);
#804 = CARTESIAN_POINT('',(34.5,2.));
#805 = CARTESIAN_POINT('',(34.5,5.));
#806 = ( GEOMETRIC_REPRESENTATION_CONTEXT(2) 
PARAMETRIC_REPRESENTATION_CONTEXT() REPRESENTATION_CONTEXT('2D SPACE',''
  ) );
#807 = PCURVE('',#236,#808);
#808 = DEFINITIONAL_REPRESENTATION('',(#809),#812);
#809 = B_SPLINE_CURVE_WITH_KNOTS('',1,(#810,#811),.UNSPECIFIED.,.F.,.F.,
  (2,2),(1.,4.),.PIECEWISE_BEZIER_KNOTS.);
#810 = CARTESIAN_POINT('',(0.,19.));
#811 = CARTESIAN_POINT('',(3.,19.));
#812 = ( GEOMETRIC_REPRESENTATION_CONTEXT(2) 
PARAMETRIC_REPRESENTATION_CONTEXT() REPRESENTATION_CONTEXT('2D SPACE',''
  ) );
#813 = ORIENTED_EDGE('',*,*,#814,.T.);
#814 = EDGE_CURVE('',#792,#815,#817,.T.);
#815 = VERTEX_POINT('',#816);
#816 = CARTESIAN_POINT('',(-14.,8.5,-32.5));
#817 = SURFACE_CURVE('',#818,(#822,#828),.PCURVE_S1.);
#818 = LINE('',#819,#820);
#819 = CARTESIAN_POINT('',(-14.,8.5,-43.75));
#820 = VECTOR('',#821,1.);
#821 = DIRECTION('',(-0.,0.,-1.));
#822 = PCURVE('',#100,#823);
#823 = DEFINITIONAL_REPRESENTATION('',(#824),#827);
#824 = B_SPLINE_CURVE_WITH_KNOTS('',1,(#825,#826),.UNSPECIFIED.,.F.,.F.,
  (2,2),(-23.25,-11.25),.PIECEWISE_BEZIER_KNOTS.);
#825 = CARTESIAN_POINT('',(34.5,2.));
#826 = CARTESIAN_POINT('',(22.5,2.));
#827 = ( GEOMETRIC_REPRESENTATION_CONTEXT(2) 
PARAMETRIC_REPRESENTATION_CONTEXT() REPRESENTATION_CONTEXT('2D SPACE',''
  ) );
#828 = PCURVE('',#262,#829);
#829 = DEFINITIONAL_REPRESENTATION('',(#830),#833);
#830 = B_SPLINE_CURVE_WITH_KNOTS('',1,(#831,#832),.UNSPECIFIED.,.F.,.F.,
  (2,2),(-23.25,-11.25),.PIECEWISE_BEZIER_KNOTS.);
#831 = CARTESIAN_POINT('',(12.,-19.));
#832 = CARTESIAN_POINT('',(0.,-19.));
#833 = ( GEOMETRIC_REPRESENTATION_CONTEXT(2) 
PARAMETRIC_REPRESENTATION_CONTEXT() REPRESENTATION_CONTEXT('2D SPACE',''
  ) );
#834 = ORIENTED_EDGE('',*,*,#835,.T.);
#835 = EDGE_CURVE('',#815,#836,#838,.T.);
#836 = VERTEX_POINT('',#837);
#837 = CARTESIAN_POINT('',(-11.,8.5,-32.5));
#838 = SURFACE_CURVE('',#839,(#843,#849),.PCURVE_S1.);
#839 = LINE('',#840,#841);
#840 = CARTESIAN_POINT('',(-15.,8.5,-32.5));
#841 = VECTOR('',#842,1.);
#842 = DIRECTION('',(1.,0.,-0.));
#843 = PCURVE('',#100,#844);
#844 = DEFINITIONAL_REPRESENTATION('',(#845),#848);
#845 = B_SPLINE_CURVE_WITH_KNOTS('',1,(#846,#847),.UNSPECIFIED.,.F.,.F.,
  (2,2),(1.,4.),.PIECEWISE_BEZIER_KNOTS.);
#846 = CARTESIAN_POINT('',(22.5,2.));
#847 = CARTESIAN_POINT('',(22.5,5.));
#848 = ( GEOMETRIC_REPRESENTATION_CONTEXT(2) 
PARAMETRIC_REPRESENTATION_CONTEXT() REPRESENTATION_CONTEXT('2D SPACE',''
  ) );
#849 = PCURVE('',#288,#850);
#850 = DEFINITIONAL_REPRESENTATION('',(#851),#854);
#851 = B_SPLINE_CURVE_WITH_KNOTS('',1,(#852,#853),.UNSPECIFIED.,.F.,.F.,
  (2,2),(1.,4.),.PIECEWISE_BEZIER_KNOTS.);
#852 = CARTESIAN_POINT('',(0.,19.));
#853 = CARTESIAN_POINT('',(3.,19.));
#854 = ( GEOMETRIC_REPRESENTATION_CONTEXT(2) 
PARAMETRIC_REPRESENTATION_CONTEXT() REPRESENTATION_CONTEXT('2D SPACE',''
  ) );
#855 = ORIENTED_EDGE('',*,*,#856,.F.);
#856 = EDGE_CURVE('',#794,#836,#857,.T.);
#857 = SURFACE_CURVE('',#858,(#862,#868),.PCURVE_S1.);
#858 = LINE('',#859,#860);
#859 = CARTESIAN_POINT('',(-11.,8.5,-43.75));
#860 = VECTOR('',#861,1.);
#861 = DIRECTION('',(-0.,0.,-1.));
#862 = PCURVE('',#100,#863);
#863 = DEFINITIONAL_REPRESENTATION('',(#864),#867);
#864 = B_SPLINE_CURVE_WITH_KNOTS('',1,(#865,#866),.UNSPECIFIED.,.F.,.F.,
  (2,2),(-23.25,-11.25),.PIECEWISE_BEZIER_KNOTS.);
#865 = CARTESIAN_POINT('',(34.5,5.));
#866 = CARTESIAN_POINT('',(22.5,5.));
#867 = ( GEOMETRIC_REPRESENTATION_CONTEXT(2) 
PARAMETRIC_REPRESENTATION_CONTEXT() REPRESENTATION_CONTEXT('2D SPACE',''
  ) );
#868 = PCURVE('',#869,#874);
#869 = PLANE('',#870);
#870 = AXIS2_PLACEMENT_3D('',#871,#872,#873);
#871 = CARTESIAN_POINT('',(-11.,-10.5,-32.5));
#872 = DIRECTION('',(1.,0.,-0.));
#873 = DIRECTION('',(0.,0.,1.));
#874 = DEFINITIONAL_REPRESENTATION('',(#875),#878);
#875 = B_SPLINE_CURVE_WITH_KNOTS('',1,(#876,#877),.UNSPECIFIED.,.F.,.F.,
  (2,2),(-23.25,-11.25),.PIECEWISE_BEZIER_KNOTS.);
#876 = CARTESIAN_POINT('',(12.,-19.));
#877 = CARTESIAN_POINT('',(0.,-19.));
#878 = ( GEOMETRIC_REPRESENTATION_CONTEXT(2) 
PARAMETRIC_REPRESENTATION_CONTEXT() REPRESENTATION_CONTEXT('2D SPACE',''
  ) );
#879 = FACE_BOUND('',#880,.T.);
#880 = EDGE_LOOP('',(#881,#909,#935,#961));
#881 = ORIENTED_EDGE('',*,*,#882,.F.);
#882 = EDGE_CURVE('',#883,#885,#887,.T.);
#883 = VERTEX_POINT('',#884);
#884 = CARTESIAN_POINT('',(11.,8.5,-40.5));
#885 = VERTEX_POINT('',#886);
#886 = CARTESIAN_POINT('',(14.,8.5,-40.5));
#887 = SURFACE_CURVE('',#888,(#892,#898),.PCURVE_S1.);
#888 = LINE('',#889,#890);
#889 = CARTESIAN_POINT('',(-2.5,8.5,-40.5));
#890 = VECTOR('',#891,1.);
#891 = DIRECTION('',(1.,0.,-0.));
#892 = PCURVE('',#100,#893);
#893 = DEFINITIONAL_REPRESENTATION('',(#894),#897);
#894 = B_SPLINE_CURVE_WITH_KNOTS('',1,(#895,#896),.UNSPECIFIED.,.F.,.F.,
  (2,2),(13.5,16.5),.PIECEWISE_BEZIER_KNOTS.);
#895 = CARTESIAN_POINT('',(14.5,27.));
#896 = CARTESIAN_POINT('',(14.5,30.));
#897 = ( GEOMETRIC_REPRESENTATION_CONTEXT(2) 
PARAMETRIC_REPRESENTATION_CONTEXT() REPRESENTATION_CONTEXT('2D SPACE',''
  ) );
#898 = PCURVE('',#899,#904);
#899 = PLANE('',#900);
#900 = AXIS2_PLACEMENT_3D('',#901,#902,#903);
#901 = CARTESIAN_POINT('',(11.,-10.5,-40.5));
#902 = DIRECTION('',(0.,0.,1.));
#903 = DIRECTION('',(1.,0.,-0.));
#904 = DEFINITIONAL_REPRESENTATION('',(#905),#908);
#905 = B_SPLINE_CURVE_WITH_KNOTS('',1,(#906,#907),.UNSPECIFIED.,.F.,.F.,
  (2,2),(13.5,16.5),.PIECEWISE_BEZIER_KNOTS.);
#906 = CARTESIAN_POINT('',(0.,19.));
#907 = CARTESIAN_POINT('',(3.,19.));
#908 = ( GEOMETRIC_REPRESENTATION_CONTEXT(2) 
PARAMETRIC_REPRESENTATION_CONTEXT() REPRESENTATION_CONTEXT('2D SPACE',''
  ) );
#909 = ORIENTED_EDGE('',*,*,#910,.T.);
#910 = EDGE_CURVE('',#883,#911,#913,.T.);
#911 = VERTEX_POINT('',#912);
#912 = CARTESIAN_POINT('',(11.,8.5,-52.5));
#913 = SURFACE_CURVE('',#914,(#918,#924),.PCURVE_S1.);
#914 = LINE('',#915,#916);
#915 = CARTESIAN_POINT('',(11.,8.5,-53.75));
#916 = VECTOR('',#917,1.);
#917 = DIRECTION('',(-0.,0.,-1.));
#918 = PCURVE('',#100,#919);
#919 = DEFINITIONAL_REPRESENTATION('',(#920),#923);
#920 = B_SPLINE_CURVE_WITH_KNOTS('',1,(#921,#922),.UNSPECIFIED.,.F.,.F.,
  (2,2),(-13.25,-1.25),.PIECEWISE_BEZIER_KNOTS.);
#921 = CARTESIAN_POINT('',(14.5,27.));
#922 = CARTESIAN_POINT('',(2.5,27.));
#923 = ( GEOMETRIC_REPRESENTATION_CONTEXT(2) 
PARAMETRIC_REPRESENTATION_CONTEXT() REPRESENTATION_CONTEXT('2D SPACE',''
  ) );
#924 = PCURVE('',#925,#930);
#925 = PLANE('',#926);
#926 = AXIS2_PLACEMENT_3D('',#927,#928,#929);
#927 = CARTESIAN_POINT('',(11.,-10.5,-52.5));
#928 = DIRECTION('',(1.,0.,-0.));
#929 = DIRECTION('',(0.,0.,1.));
#930 = DEFINITIONAL_REPRESENTATION('',(#931),#934);
#931 = B_SPLINE_CURVE_WITH_KNOTS('',1,(#932,#933),.UNSPECIFIED.,.F.,.F.,
  (2,2),(-13.25,-1.25),.PIECEWISE_BEZIER_KNOTS.);
#932 = CARTESIAN_POINT('',(12.,-19.));
#933 = CARTESIAN_POINT('',(0.,-19.));
#934 = ( GEOMETRIC_REPRESENTATION_CONTEXT(2) 
PARAMETRIC_REPRESENTATION_CONTEXT() REPRESENTATION_CONTEXT('2D SPACE',''
  ) );
#935 = ORIENTED_EDGE('',*,*,#936,.T.);
#936 = EDGE_CURVE('',#911,#937,#939,.T.);
#937 = VERTEX_POINT('',#938);
#938 = CARTESIAN_POINT('',(14.,8.5,-52.5));
#939 = SURFACE_CURVE('',#940,(#944,#950),.PCURVE_S1.);
#940 = LINE('',#941,#942);
#941 = CARTESIAN_POINT('',(-2.5,8.5,-52.5));
#942 = VECTOR('',#943,1.);
#943 = DIRECTION('',(1.,0.,-0.));
#944 = PCURVE('',#100,#945);
#945 = DEFINITIONAL_REPRESENTATION('',(#946),#949);
#946 = B_SPLINE_CURVE_WITH_KNOTS('',1,(#947,#948),.UNSPECIFIED.,.F.,.F.,
  (2,2),(13.5,16.5),.PIECEWISE_BEZIER_KNOTS.);
#947 = CARTESIAN_POINT('',(2.5,27.));
#948 = CARTESIAN_POINT('',(2.5,30.));
#949 = ( GEOMETRIC_REPRESENTATION_CONTEXT(2) 
PARAMETRIC_REPRESENTATION_CONTEXT() REPRESENTATION_CONTEXT('2D SPACE',''
  ) );
#950 = PCURVE('',#951,#956);
#951 = PLANE('',#952);
#952 = AXIS2_PLACEMENT_3D('',#953,#954,#955);
#953 = CARTESIAN_POINT('',(11.,-10.5,-52.5));
#954 = DIRECTION('',(0.,0.,1.));
#955 = DIRECTION('',(1.,0.,-0.));
#956 = DEFINITIONAL_REPRESENTATION('',(#957),#960);
#957 = B_SPLINE_CURVE_WITH_KNOTS('',1,(#958,#959),.UNSPECIFIED.,.F.,.F.,
  (2,2),(13.5,16.5),.PIECEWISE_BEZIER_KNOTS.);
#958 = CARTESIAN_POINT('',(0.,19.));
#959 = CARTESIAN_POINT('',(3.,19.));
#960 = ( GEOMETRIC_REPRESENTATION_CONTEXT(2) 
PARAMETRIC_REPRESENTATION_CONTEXT() REPRESENTATION_CONTEXT('2D SPACE',''
  ) );
#961 = ORIENTED_EDGE('',*,*,#962,.F.);
#962 = EDGE_CURVE('',#885,#937,#963,.T.);
#963 = SURFACE_CURVE('',#964,(#968,#974),.PCURVE_S1.);
#964 = LINE('',#965,#966);
#965 = CARTESIAN_POINT('',(14.,8.5,-53.75));
#966 = VECTOR('',#967,1.);
#967 = DIRECTION('',(-0.,0.,-1.));
#968 = PCURVE('',#100,#969);
#969 = DEFINITIONAL_REPRESENTATION('',(#970),#973);
#970 = B_SPLINE_CURVE_WITH_KNOTS('',1,(#971,#972),.UNSPECIFIED.,.F.,.F.,
  (2,2),(-13.25,-1.25),.PIECEWISE_BEZIER_KNOTS.);
#971 = CARTESIAN_POINT('',(14.5,30.));
#972 = CARTESIAN_POINT('',(2.5,30.));
#973 = ( GEOMETRIC_REPRESENTATION_CONTEXT(2) 
PARAMETRIC_REPRESENTATION_CONTEXT() REPRESENTATION_CONTEXT('2D SPACE',''
  ) );
#974 = PCURVE('',#975,#980);
#975 = PLANE('',#976);
#976 = AXIS2_PLACEMENT_3D('',#977,#978,#979);
#977 = CARTESIAN_POINT('',(14.,-10.5,-52.5));
#978 = DIRECTION('',(1.,0.,-0.));
#979 = DIRECTION('',(0.,0.,1.));
#980 = DEFINITIONAL_REPRESENTATION('',(#981),#984);
#981 = B_SPLINE_CURVE_WITH_KNOTS('',1,(#982,#983),.UNSPECIFIED.,.F.,.F.,
  (2,2),(-13.25,-1.25),.PIECEWISE_BEZIER_KNOTS.);
#982 = CARTESIAN_POINT('',(12.,-19.));
#983 = CARTESIAN_POINT('',(0.,-19.));
#984 = ( GEOMETRIC_REPRESENTATION_CONTEXT(2) 
PARAMETRIC_REPRESENTATION_CONTEXT() REPRESENTATION_CONTEXT('2D SPACE',''
  ) );
#985 = FACE_BOUND('',#986,.T.);
#986 = EDGE_LOOP('',(#987,#1015,#1041,#1067));
#987 = ORIENTED_EDGE('',*,*,#988,.F.);
#988 = EDGE_CURVE('',#989,#991,#993,.T.);
#989 = VERTEX_POINT('',#990);
#990 = CARTESIAN_POINT('',(11.,8.5,-20.5));
#991 = VERTEX_POINT('',#992);
#992 = CARTESIAN_POINT('',(14.,8.5,-20.5));
#993 = SURFACE_CURVE('',#994,(#998,#1004),.PCURVE_S1.);
#994 = LINE('',#995,#996);
#995 = CARTESIAN_POINT('',(-2.5,8.5,-20.5));
#996 = VECTOR('',#997,1.);
#997 = DIRECTION('',(1.,0.,-0.));
#998 = PCURVE('',#100,#999);
#999 = DEFINITIONAL_REPRESENTATION('',(#1000),#1003);
#1000 = B_SPLINE_CURVE_WITH_KNOTS('',1,(#1001,#1002),.UNSPECIFIED.,.F.,
  .F.,(2,2),(13.5,16.5),.PIECEWISE_BEZIER_KNOTS.);
#1001 = CARTESIAN_POINT('',(34.5,27.));
#1002 = CARTESIAN_POINT('',(34.5,30.));
#1003 = ( GEOMETRIC_REPRESENTATION_CONTEXT(2) 
PARAMETRIC_REPRESENTATION_CONTEXT() REPRESENTATION_CONTEXT('2D SPACE',''
  ) );
#1004 = PCURVE('',#1005,#1010);
#1005 = PLANE('',#1006);
#1006 = AXIS2_PLACEMENT_3D('',#1007,#1008,#1009);
#1007 = CARTESIAN_POINT('',(11.,-10.5,-20.5));
#1008 = DIRECTION('',(0.,0.,1.));
#1009 = DIRECTION('',(1.,0.,-0.));
#1010 = DEFINITIONAL_REPRESENTATION('',(#1011),#1014);
#1011 = B_SPLINE_CURVE_WITH_KNOTS('',1,(#1012,#1013),.UNSPECIFIED.,.F.,
  .F.,(2,2),(13.5,16.5),.PIECEWISE_BEZIER_KNOTS.);
#1012 = CARTESIAN_POINT('',(0.,19.));
#1013 = CARTESIAN_POINT('',(3.,19.));
#1014 = ( GEOMETRIC_REPRESENTATION_CONTEXT(2) 
PARAMETRIC_REPRESENTATION_CONTEXT() REPRESENTATION_CONTEXT('2D SPACE',''
  ) );
#1015 = ORIENTED_EDGE('',*,*,#1016,.T.);
#1016 = EDGE_CURVE('',#989,#1017,#1019,.T.);
#1017 = VERTEX_POINT('',#1018);
#1018 = CARTESIAN_POINT('',(11.,8.5,-32.5));
#1019 = SURFACE_CURVE('',#1020,(#1024,#1030),.PCURVE_S1.);
#1020 = LINE('',#1021,#1022);
#1021 = CARTESIAN_POINT('',(11.,8.5,-43.75));
#1022 = VECTOR('',#1023,1.);
#1023 = DIRECTION('',(-0.,0.,-1.));
#1024 = PCURVE('',#100,#1025);
#1025 = DEFINITIONAL_REPRESENTATION('',(#1026),#1029);
#1026 = B_SPLINE_CURVE_WITH_KNOTS('',1,(#1027,#1028),.UNSPECIFIED.,.F.,
  .F.,(2,2),(-23.25,-11.25),.PIECEWISE_BEZIER_KNOTS.);
#1027 = CARTESIAN_POINT('',(34.5,27.));
#1028 = CARTESIAN_POINT('',(22.5,27.));
#1029 = ( GEOMETRIC_REPRESENTATION_CONTEXT(2) 
PARAMETRIC_REPRESENTATION_CONTEXT() REPRESENTATION_CONTEXT('2D SPACE',''
  ) );
#1030 = PCURVE('',#1031,#1036);
#1031 = PLANE('',#1032);
#1032 = AXIS2_PLACEMENT_3D('',#1033,#1034,#1035);
#1033 = CARTESIAN_POINT('',(11.,-10.5,-32.5));
#1034 = DIRECTION('',(1.,0.,-0.));
#1035 = DIRECTION('',(0.,0.,1.));
#1036 = DEFINITIONAL_REPRESENTATION('',(#1037),#1040);
#1037 = B_SPLINE_CURVE_WITH_KNOTS('',1,(#1038,#1039),.UNSPECIFIED.,.F.,
  .F.,(2,2),(-23.25,-11.25),.PIECEWISE_BEZIER_KNOTS.);
#1038 = CARTESIAN_POINT('',(12.,-19.));
#1039 = CARTESIAN_POINT('',(0.,-19.));
#1040 = ( GEOMETRIC_REPRESENTATION_CONTEXT(2) 
PARAMETRIC_REPRESENTATION_CONTEXT() REPRESENTATION_CONTEXT('2D SPACE',''
  ) );
#1041 = ORIENTED_EDGE('',*,*,#1042,.T.);
#1042 = EDGE_CURVE('',#1017,#1043,#1045,.T.);
#1043 = VERTEX_POINT('',#1044);
#1044 = CARTESIAN_POINT('',(14.,8.5,-32.5));
#1045 = SURFACE_CURVE('',#1046,(#1050,#1056),.PCURVE_S1.);
#1046 = LINE('',#1047,#1048);
#1047 = CARTESIAN_POINT('',(-2.5,8.5,-32.5));
#1048 = VECTOR('',#1049,1.);
#1049 = DIRECTION('',(1.,0.,-0.));
#1050 = PCURVE('',#100,#1051);
#1051 = DEFINITIONAL_REPRESENTATION('',(#1052),#1055);
#1052 = B_SPLINE_CURVE_WITH_KNOTS('',1,(#1053,#1054),.UNSPECIFIED.,.F.,
  .F.,(2,2),(13.5,16.5),.PIECEWISE_BEZIER_KNOTS.);
#1053 = CARTESIAN_POINT('',(22.5,27.));
#1054 = CARTESIAN_POINT('',(22.5,30.));
#1055 = ( GEOMETRIC_REPRESENTATION_CONTEXT(2) 
PARAMETRIC_REPRESENTATION_CONTEXT() REPRESENTATION_CONTEXT('2D SPACE',''
  ) );
#1056 = PCURVE('',#1057,#1062);
#1057 = PLANE('',#1058);
#1058 = AXIS2_PLACEMENT_3D('',#1059,#1060,#1061);
#1059 = CARTESIAN_POINT('',(11.,-10.5,-32.5));
#1060 = DIRECTION('',(0.,0.,1.));
#1061 = DIRECTION('',(1.,0.,-0.));
#1062 = DEFINITIONAL_REPRESENTATION('',(#1063),#1066);
#1063 = B_SPLINE_CURVE_WITH_KNOTS('',1,(#1064,#1065),.UNSPECIFIED.,.F.,
  .F.,(2,2),(13.5,16.5),.PIECEWISE_BEZIER_KNOTS.);
#1064 = CARTESIAN_POINT('',(0.,19.));
#1065 = CARTESIAN_POINT('',(3.,19.));
#1066 = ( GEOMETRIC_REPRESENTATION_CONTEXT(2) 
PARAMETRIC_REPRESENTATION_CONTEXT() REPRESENTATION_CONTEXT('2D SPACE',''
  ) );
#1067 = ORIENTED_EDGE('',*,*,#1068,.F.);
#1068 = EDGE_CURVE('',#991,#1043,#1069,.T.);
#1069 = SURFACE_CURVE('',#1070,(#1074,#1080),.PCURVE_S1.);
#1070 = LINE('',#1071,#1072);
#1071 = CARTESIAN_POINT('',(14.,8.5,-43.75));
#1072 = VECTOR('',#1073,1.);
#1073 = DIRECTION('',(-0.,0.,-1.));
#1074 = PCURVE('',#100,#1075);
#1075 = DEFINITIONAL_REPRESENTATION('',(#1076),#1079);
#1076 = B_SPLINE_CURVE_WITH_KNOTS('',1,(#1077,#1078),.UNSPECIFIED.,.F.,
  .F.,(2,2),(-23.25,-11.25),.PIECEWISE_BEZIER_KNOTS.);
#1077 = CARTESIAN_POINT('',(34.5,30.));
#1078 = CARTESIAN_POINT('',(22.5,30.));
#1079 = ( GEOMETRIC_REPRESENTATION_CONTEXT(2) 
PARAMETRIC_REPRESENTATION_CONTEXT() REPRESENTATION_CONTEXT('2D SPACE',''
  ) );
#1080 = PCURVE('',#1081,#1086);
#1081 = PLANE('',#1082);
#1082 = AXIS2_PLACEMENT_3D('',#1083,#1084,#1085);
#1083 = CARTESIAN_POINT('',(14.,-10.5,-32.5));
#1084 = DIRECTION('',(1.,0.,-0.));
#1085 = DIRECTION('',(0.,0.,1.));
#1086 = DEFINITIONAL_REPRESENTATION('',(#1087),#1090);
#1087 = B_SPLINE_CURVE_WITH_KNOTS('',1,(#1088,#1089),.UNSPECIFIED.,.F.,
  .F.,(2,2),(-23.25,-11.25),.PIECEWISE_BEZIER_KNOTS.);
#1088 = CARTESIAN_POINT('',(12.,-19.));
#1089 = CARTESIAN_POINT('',(0.,-19.));
#1090 = ( GEOMETRIC_REPRESENTATION_CONTEXT(2) 
PARAMETRIC_REPRESENTATION_CONTEXT() REPRESENTATION_CONTEXT('2D SPACE',''
  ) );
#1091 = ADVANCED_FACE('',(#1092),#72,.F.);
#1092 = FACE_BOUND('',#1093,.F.);
#1093 = EDGE_LOOP('',(#1094,#1095,#1096,#1097,#1369,#1397));
#1094 = ORIENTED_EDGE('',*,*,#628,.F.);
#1095 = ORIENTED_EDGE('',*,*,#56,.F.);
#1096 = ORIENTED_EDGE('',*,*,#139,.T.);
#1097 = ORIENTED_EDGE('',*,*,#1098,.T.);
#1098 = EDGE_CURVE('',#140,#1099,#1101,.T.);
#1099 = VERTEX_POINT('',#1100);
#1100 = CARTESIAN_POINT('',(13.,-8.5,-55.));
#1101 = SURFACE_CURVE('',#1102,(#1189,#1279),.PCURVE_S1.);
#1102 = B_SPLINE_CURVE_WITH_KNOTS('',8,(#1103,#1104,#1105,#1106,#1107,
    #1108,#1109,#1110,#1111,#1112,#1113,#1114,#1115,#1116,#1117,#1118,
    #1119,#1120,#1121,#1122,#1123,#1124,#1125,#1126,#1127,#1128,#1129,
    #1130,#1131,#1132,#1133,#1134,#1135,#1136,#1137,#1138,#1139,#1140,
    #1141,#1142,#1143,#1144,#1145,#1146,#1147,#1148,#1149,#1150,#1151,
    #1152,#1153,#1154,#1155,#1156,#1157,#1158,#1159,#1160,#1161,#1162,
    #1163,#1164,#1165,#1166,#1167,#1168,#1169,#1170,#1171,#1172,#1173,
    #1174,#1175,#1176,#1177,#1178,#1179,#1180,#1181,#1182,#1183,#1184,
    #1185,#1186,#1187,#1188),.UNSPECIFIED.,.F.,.F.,(9,7,7,7,7,7,7,7,7,7,
    7,7,9),(0.,5.374880771645E-02,9.112073034297E-02,0.152941820613,
    0.216526601099,0.278364726071,0.500067405525,0.620398909915,
    0.735400734276,0.79812621389,0.861739132805,0.931833795465,1.),
  .UNSPECIFIED.);
#1103 = CARTESIAN_POINT('',(-13.,-8.5,-55.));
#1104 = CARTESIAN_POINT('',(-13.,-8.289742478196,-55.));
#1105 = CARTESIAN_POINT('',(-12.98445383947,-8.079404412437,-55.));
#1106 = CARTESIAN_POINT('',(-12.95334252158,-7.870501054936,-55.));
#1107 = CARTESIAN_POINT('',(-12.90716557753,-7.664278031495,-55.));
#1108 = CARTESIAN_POINT('',(-12.84677530721,-7.461747636737,-55.));
#1109 = CARTESIAN_POINT('',(-12.77324398314,-7.263718641145,-55.));
#1110 = CARTESIAN_POINT('',(-12.68776401787,-7.070819609886,-55.));
#1111 = CARTESIAN_POINT('',(-12.52470443421,-6.753282035679,-55.));
#1112 = CARTESIAN_POINT('',(-12.45261975035,-6.625688323482,-55.));
#1113 = CARTESIAN_POINT('',(-12.37570325439,-6.500831437798,-55.));
#1114 = CARTESIAN_POINT('',(-12.29432405529,-6.378768492034,-55.));
#1115 = CARTESIAN_POINT('',(-12.20883414653,-6.25952341939,-55.));
#1116 = CARTESIAN_POINT('',(-12.11956043021,-6.143092239755,-55.));
#1117 = CARTESIAN_POINT('',(-12.02679877875,-6.029447046175,-55.));
#1118 = CARTESIAN_POINT('',(-11.77202454669,-5.735072789764,-55.));
#1119 = CARTESIAN_POINT('',(-11.60446237172,-5.559158115065,-55.));
#1120 = CARTESIAN_POINT('',(-11.42927769781,-5.390522711359,-55.));
#1121 = CARTESIAN_POINT('',(-11.24747194143,-5.228889869907,-55.));
#1122 = CARTESIAN_POINT('',(-11.05990082255,-5.07397160345,-55.));
#1123 = CARTESIAN_POINT('',(-10.86727737547,-4.925466133671,-55.));
#1124 = CARTESIAN_POINT('',(-10.67017099446,-4.783059411313,-55.));
#1125 = CARTESIAN_POINT('',(-10.26209491039,-4.505904053312,-55.));
#1126 = CARTESIAN_POINT('',(-10.05095590121,-4.371534100983,-55.));
#1127 = CARTESIAN_POINT('',(-9.836090869725,-4.24299406255,-55.));
#1128 = CARTESIAN_POINT('',(-9.617933200957,-4.120000299821,-55.));
#1129 = CARTESIAN_POINT('',(-9.396852618113,-4.002298448049,-55.));
#1130 = CARTESIAN_POINT('',(-9.173160723934,-3.889654194508,-55.));
#1131 = CARTESIAN_POINT('',(-8.947113747286,-3.781848673415,-55.));
#1132 = CARTESIAN_POINT('',(-8.496979865015,-3.578342336408,-55.));
#1133 = CARTESIAN_POINT('',(-8.273031463194,-3.482400035619,-55.));
#1134 = CARTESIAN_POINT('',(-8.047266694442,-3.390668932243,-55.));
#1135 = CARTESIAN_POINT('',(-7.819861636961,-3.302988589456,-55.));
#1136 = CARTESIAN_POINT('',(-7.590971162175,-3.219215572642,-55.));
#1137 = CARTESIAN_POINT('',(-7.360730448627,-3.139219728878,-55.));
#1138 = CARTESIAN_POINT('',(-7.129255889815,-3.062881949458,-55.));
#1139 = CARTESIAN_POINT('',(-6.062687869398,-2.729131217271,-55.));
#1140 = CARTESIAN_POINT('',(-5.214668889636,-2.513957371639,-55.));
#1141 = CARTESIAN_POINT('',(-4.356527972485,-2.33926799148,-55.));
#1142 = CARTESIAN_POINT('',(-3.4912820162,-2.202254260495,-55.));
#1143 = CARTESIAN_POINT('',(-2.621389566928,-2.100799800326,-55.));
#1144 = CARTESIAN_POINT('',(-1.748721921849,-2.033627540506,-55.));
#1145 = CARTESIAN_POINT('',(-0.874648715103,-2.,-55.));
#1146 = CARTESIAN_POINT('',(0.474724960292,-2.,-55.));
#1147 = CARTESIAN_POINT('',(0.949433258612,-2.009906182519,-55.));
#1148 = CARTESIAN_POINT('',(1.423902213134,-2.029716978319,-55.));
#1149 = CARTESIAN_POINT('',(1.897889362681,-2.059490192211,-55.));
#1150 = CARTESIAN_POINT('',(2.371132668511,-2.099337977923,-55.));
#1151 = CARTESIAN_POINT('',(2.843350018192,-2.149429372092,-55.));
#1152 = CARTESIAN_POINT('',(3.314238031559,-2.210000387406,-55.));
#1153 = CARTESIAN_POINT('',(4.231919243686,-2.34958179119,-55.));
#1154 = CARTESIAN_POINT('',(4.678800421242,-2.427648244187,-55.));
#1155 = CARTESIAN_POINT('',(5.123859734886,-2.515852203174,-55.));
#1156 = CARTESIAN_POINT('',(5.566762540518,-2.61453949178,-55.));
#1157 = CARTESIAN_POINT('',(6.007090377225,-2.724129829516,-55.));
#1158 = CARTESIAN_POINT('',(6.444338347498,-2.845125792983,-55.));
#1159 = CARTESIAN_POINT('',(6.877907151773,-2.978142154657,-55.));
#1160 = CARTESIAN_POINT('',(7.541169921398,-3.203518611044,-55.));
#1161 = CARTESIAN_POINT('',(7.773931524052,-3.286868186541,-55.));
#1162 = CARTESIAN_POINT('',(8.005252545085,-3.374152971137,-55.));
#1163 = CARTESIAN_POINT('',(8.234992678645,-3.465512848472,-55.));
#1164 = CARTESIAN_POINT('',(8.462987152602,-3.561100389233,-55.));
#1165 = CARTESIAN_POINT('',(8.689045491341,-3.661083656848,-55.));
#1166 = CARTESIAN_POINT('',(8.91294937675,-3.765651038025,-55.));
#1167 = CARTESIAN_POINT('',(9.359083620512,-3.985932482052,-55.));
#1168 = CARTESIAN_POINT('',(9.581215177624,-4.101768589322,-55.));
#1169 = CARTESIAN_POINT('',(9.800605704151,-4.22275840746,-55.));
#1170 = CARTESIAN_POINT('',(10.016945204139,-4.349149005649,-55.));
#1171 = CARTESIAN_POINT('',(10.22985280939,-4.481201775319,-55.));
#1172 = CARTESIAN_POINT('',(10.438873600528,-4.619197239572,-55.));
#1173 = CARTESIAN_POINT('',(10.643471699993,-4.763445431425,-55.));
#1174 = CARTESIAN_POINT('',(11.062900214145,-5.080529539839,-55.));
#1175 = CARTESIAN_POINT('',(11.276518645578,-5.254682225011,-55.));
#1176 = CARTESIAN_POINT('',(11.483151075754,-5.437299280854,-55.));
#1177 = CARTESIAN_POINT('',(11.681738045426,-5.628866002559,-55.));
#1178 = CARTESIAN_POINT('',(11.870900586061,-5.829796822003,-55.));
#1179 = CARTESIAN_POINT('',(12.048961222117,-6.040414482108,-55.));
#1180 = CARTESIAN_POINT('',(12.213969881165,-6.260925159659,-55.));
#1181 = CARTESIAN_POINT('',(12.509379183075,-6.715513332268,-55.));
#1182 = CARTESIAN_POINT('',(12.640752258109,-6.949273993606,-55.));
#1183 = CARTESIAN_POINT('',(12.755452166185,-7.192240099424,-55.));
#1184 = CARTESIAN_POINT('',(12.850951246607,-7.443607699143,-55.));
#1185 = CARTESIAN_POINT('',(12.924814276287,-7.702138384781,-55.));
#1186 = CARTESIAN_POINT('',(12.974948894346,-7.966087653028,-55.));
#1187 = CARTESIAN_POINT('',(13.,-8.233094101092,-55.));
#1188 = CARTESIAN_POINT('',(13.,-8.5,-55.));
#1189 = PCURVE('',#72,#1190);
#1190 = DEFINITIONAL_REPRESENTATION('',(#1191),#1278);
#1191 = B_SPLINE_CURVE_WITH_KNOTS('',8,(#1192,#1193,#1194,#1195,#1196,
    #1197,#1198,#1199,#1200,#1201,#1202,#1203,#1204,#1205,#1206,#1207,
    #1208,#1209,#1210,#1211,#1212,#1213,#1214,#1215,#1216,#1217,#1218,
    #1219,#1220,#1221,#1222,#1223,#1224,#1225,#1226,#1227,#1228,#1229,
    #1230,#1231,#1232,#1233,#1234,#1235,#1236,#1237,#1238,#1239,#1240,
    #1241,#1242,#1243,#1244,#1245,#1246,#1247,#1248,#1249,#1250,#1251,
    #1252,#1253,#1254,#1255,#1256,#1257,#1258,#1259,#1260,#1261,#1262,
    #1263,#1264,#1265,#1266,#1267,#1268,#1269,#1270,#1271,#1272,#1273,
    #1274,#1275,#1276,#1277),.UNSPECIFIED.,.F.,.F.,(9,7,7,7,7,7,7,7,7,7,
    7,7,9),(0.,5.374880771645E-02,9.112073034297E-02,0.152941820613,
    0.216526601099,0.278364726071,0.500067405525,0.620398909915,
    0.735400734276,0.79812621389,0.861739132805,0.931833795465,1.),
  .UNSPECIFIED.);
#1192 = CARTESIAN_POINT('',(3.,0.));
#1193 = CARTESIAN_POINT('',(3.,0.210257521804));
#1194 = CARTESIAN_POINT('',(3.015546160523,0.420595587563));
#1195 = CARTESIAN_POINT('',(3.046657478415,0.629498945064));
#1196 = CARTESIAN_POINT('',(3.092834422463,0.835721968505));
#1197 = CARTESIAN_POINT('',(3.153224692785,1.038252363263));
#1198 = CARTESIAN_POINT('',(3.226756016852,1.236281358855));
#1199 = CARTESIAN_POINT('',(3.312235982124,1.429180390114));
#1200 = CARTESIAN_POINT('',(3.47529556579,1.746717964321));
#1201 = CARTESIAN_POINT('',(3.547380249643,1.874311676518));
#1202 = CARTESIAN_POINT('',(3.62429674561,1.999168562202));
#1203 = CARTESIAN_POINT('',(3.705675944705,2.121231507966));
#1204 = CARTESIAN_POINT('',(3.791165853469,2.24047658061));
#1205 = CARTESIAN_POINT('',(3.880439569782,2.356907760245));
#1206 = CARTESIAN_POINT('',(3.973201221244,2.470552953825));
#1207 = CARTESIAN_POINT('',(4.227975453308,2.764927210236));
#1208 = CARTESIAN_POINT('',(4.395537628279,2.940841884935));
#1209 = CARTESIAN_POINT('',(4.570722302182,3.109477288641));
#1210 = CARTESIAN_POINT('',(4.752528058566,3.271110130093));
#1211 = CARTESIAN_POINT('',(4.940099177448,3.42602839655));
#1212 = CARTESIAN_POINT('',(5.132722624526,3.574533866329));
#1213 = CARTESIAN_POINT('',(5.329829005538,3.716940588687));
#1214 = CARTESIAN_POINT('',(5.737905089605,3.994095946688));
#1215 = CARTESIAN_POINT('',(5.949044098784,4.128465899017));
#1216 = CARTESIAN_POINT('',(6.163909130275,4.25700593745));
#1217 = CARTESIAN_POINT('',(6.382066799043,4.379999700179));
#1218 = CARTESIAN_POINT('',(6.603147381887,4.497701551951));
#1219 = CARTESIAN_POINT('',(6.826839276066,4.610345805492));
#1220 = CARTESIAN_POINT('',(7.052886252714,4.718151326585));
#1221 = CARTESIAN_POINT('',(7.503020134985,4.921657663592));
#1222 = CARTESIAN_POINT('',(7.726968536806,5.017599964381));
#1223 = CARTESIAN_POINT('',(7.952733305558,5.109331067757));
#1224 = CARTESIAN_POINT('',(8.180138363039,5.197011410544));
#1225 = CARTESIAN_POINT('',(8.409028837825,5.280784427358));
#1226 = CARTESIAN_POINT('',(8.639269551373,5.360780271122));
#1227 = CARTESIAN_POINT('',(8.870744110185,5.437118050542));
#1228 = CARTESIAN_POINT('',(9.937312130602,5.770868782729));
#1229 = CARTESIAN_POINT('',(10.785331110364,5.986042628361));
#1230 = CARTESIAN_POINT('',(11.643472027515,6.16073200852));
#1231 = CARTESIAN_POINT('',(12.5087179838,6.297745739505));
#1232 = CARTESIAN_POINT('',(13.378610433072,6.399200199674));
#1233 = CARTESIAN_POINT('',(14.251278078151,6.466372459494));
#1234 = CARTESIAN_POINT('',(15.125351284897,6.5));
#1235 = CARTESIAN_POINT('',(16.474724960292,6.5));
#1236 = CARTESIAN_POINT('',(16.949433258612,6.490093817481));
#1237 = CARTESIAN_POINT('',(17.423902213134,6.470283021681));
#1238 = CARTESIAN_POINT('',(17.897889362681,6.440509807789));
#1239 = CARTESIAN_POINT('',(18.371132668511,6.400662022077));
#1240 = CARTESIAN_POINT('',(18.843350018192,6.350570627908));
#1241 = CARTESIAN_POINT('',(19.314238031559,6.289999612594));
#1242 = CARTESIAN_POINT('',(20.231919243686,6.15041820881));
#1243 = CARTESIAN_POINT('',(20.678800421242,6.072351755813));
#1244 = CARTESIAN_POINT('',(21.123859734886,5.984147796826));
#1245 = CARTESIAN_POINT('',(21.566762540518,5.88546050822));
#1246 = CARTESIAN_POINT('',(22.007090377225,5.775870170484));
#1247 = CARTESIAN_POINT('',(22.444338347498,5.654874207017));
#1248 = CARTESIAN_POINT('',(22.877907151773,5.521857845343));
#1249 = CARTESIAN_POINT('',(23.541169921398,5.296481388956));
#1250 = CARTESIAN_POINT('',(23.773931524052,5.213131813459));
#1251 = CARTESIAN_POINT('',(24.005252545085,5.125847028863));
#1252 = CARTESIAN_POINT('',(24.234992678645,5.034487151528));
#1253 = CARTESIAN_POINT('',(24.462987152602,4.938899610767));
#1254 = CARTESIAN_POINT('',(24.689045491341,4.838916343152));
#1255 = CARTESIAN_POINT('',(24.91294937675,4.734348961975));
#1256 = CARTESIAN_POINT('',(25.359083620512,4.514067517948));
#1257 = CARTESIAN_POINT('',(25.581215177624,4.398231410678));
#1258 = CARTESIAN_POINT('',(25.800605704151,4.27724159254));
#1259 = CARTESIAN_POINT('',(26.016945204139,4.150850994351));
#1260 = CARTESIAN_POINT('',(26.22985280939,4.018798224681));
#1261 = CARTESIAN_POINT('',(26.438873600528,3.880802760428));
#1262 = CARTESIAN_POINT('',(26.643471699993,3.736554568575));
#1263 = CARTESIAN_POINT('',(27.062900214145,3.419470460161));
#1264 = CARTESIAN_POINT('',(27.276518645578,3.245317774989));
#1265 = CARTESIAN_POINT('',(27.483151075754,3.062700719146));
#1266 = CARTESIAN_POINT('',(27.681738045426,2.871133997441));
#1267 = CARTESIAN_POINT('',(27.870900586061,2.670203177997));
#1268 = CARTESIAN_POINT('',(28.048961222117,2.459585517892));
#1269 = CARTESIAN_POINT('',(28.213969881165,2.239074840341));
#1270 = CARTESIAN_POINT('',(28.509379183075,1.784486667732));
#1271 = CARTESIAN_POINT('',(28.640752258109,1.550726006394));
#1272 = CARTESIAN_POINT('',(28.755452166185,1.307759900576));
#1273 = CARTESIAN_POINT('',(28.850951246607,1.056392300857));
#1274 = CARTESIAN_POINT('',(28.924814276287,0.797861615219));
#1275 = CARTESIAN_POINT('',(28.974948894346,0.533912346972));
#1276 = CARTESIAN_POINT('',(29.,0.266905898908));
#1277 = CARTESIAN_POINT('',(29.,0.));
#1278 = ( GEOMETRIC_REPRESENTATION_CONTEXT(2) 
PARAMETRIC_REPRESENTATION_CONTEXT() REPRESENTATION_CONTEXT('2D SPACE',''
  ) );
#1279 = PCURVE('',#204,#1280);
#1280 = DEFINITIONAL_REPRESENTATION('',(#1281),#1368);
#1281 = B_SPLINE_CURVE_WITH_KNOTS('',8,(#1282,#1283,#1284,#1285,#1286,
    #1287,#1288,#1289,#1290,#1291,#1292,#1293,#1294,#1295,#1296,#1297,
    #1298,#1299,#1300,#1301,#1302,#1303,#1304,#1305,#1306,#1307,#1308,
    #1309,#1310,#1311,#1312,#1313,#1314,#1315,#1316,#1317,#1318,#1319,
    #1320,#1321,#1322,#1323,#1324,#1325,#1326,#1327,#1328,#1329,#1330,
    #1331,#1332,#1333,#1334,#1335,#1336,#1337,#1338,#1339,#1340,#1341,
    #1342,#1343,#1344,#1345,#1346,#1347,#1348,#1349,#1350,#1351,#1352,
    #1353,#1354,#1355,#1356,#1357,#1358,#1359,#1360,#1361,#1362,#1363,
    #1364,#1365,#1366,#1367),.UNSPECIFIED.,.F.,.F.,(9,7,7,7,7,7,7,7,7,7,
    7,7,9),(0.,5.374880771645E-02,9.112073034297E-02,0.152941820613,
    0.216526601099,0.278364726071,0.500067405525,0.620398909915,
    0.735400734276,0.79812621389,0.861739132805,0.931833795465,1.),
  .UNSPECIFIED.);
#1282 = CARTESIAN_POINT('',(3.14159265359,-1.));
#1283 = CARTESIAN_POINT('',(3.109245342543,-1.));
#1284 = CARTESIAN_POINT('',(3.076885673439,-1.));
#1285 = CARTESIAN_POINT('',(3.044695031698,-1.));
#1286 = CARTESIAN_POINT('',(3.012813576011,-1.));
#1287 = CARTESIAN_POINT('',(2.98135124337,-1.));
#1288 = CARTESIAN_POINT('',(2.950395507935,-1.));
#1289 = CARTESIAN_POINT('',(2.92001589375,-1.));
#1290 = CARTESIAN_POINT('',(2.869579404191,-1.));
#1291 = CARTESIAN_POINT('',(2.849187331177,-1.));
#1292 = CARTESIAN_POINT('',(2.829097152544,-1.));
#1293 = CARTESIAN_POINT('',(2.809312577473,-1.));
#1294 = CARTESIAN_POINT('',(2.789833653651,-1.));
#1295 = CARTESIAN_POINT('',(2.770657288056,-1.));
#1296 = CARTESIAN_POINT('',(2.751777528879,-1.));
#1297 = CARTESIAN_POINT('',(2.702430627352,-1.));
#1298 = CARTESIAN_POINT('',(2.672473696781,-1.));
#1299 = CARTESIAN_POINT('',(2.643267389918,-1.));
#1300 = CARTESIAN_POINT('',(2.614768479977,-1.));
#1301 = CARTESIAN_POINT('',(2.58693511672,-1.));
#1302 = CARTESIAN_POINT('',(2.559724709281,-1.));
#1303 = CARTESIAN_POINT('',(2.53309251547,-1.));
#1304 = CARTESIAN_POINT('',(2.480144709292,-1.));
#1305 = CARTESIAN_POINT('',(2.453868272945,-1.));
#1306 = CARTESIAN_POINT('',(2.428114749869,-1.));
#1307 = CARTESIAN_POINT('',(2.402844462286,-1.));
#1308 = CARTESIAN_POINT('',(2.378022345285,-1.));
#1309 = CARTESIAN_POINT('',(2.353616065753,-1.));
#1310 = CARTESIAN_POINT('',(2.329594848234,-1.));
#1311 = CARTESIAN_POINT('',(2.282913261024,-1.));
#1312 = CARTESIAN_POINT('',(2.26023586485,-1.));
#1313 = CARTESIAN_POINT('',(2.237870784247,-1.));
#1314 = CARTESIAN_POINT('',(2.215795206491,-1.));
#1315 = CARTESIAN_POINT('',(2.193988636498,-1.));
#1316 = CARTESIAN_POINT('',(2.172432207545,-1.));
#1317 = CARTESIAN_POINT('',(2.151108207294,-1.));
#1318 = CARTESIAN_POINT('',(2.054321809553,-1.));
#1319 = CARTESIAN_POINT('',(1.981463923545,-1.));
#1320 = CARTESIAN_POINT('',(1.910590536995,-1.));
#1321 = CARTESIAN_POINT('',(1.841211778086,-1.));
#1322 = CARTESIAN_POINT('',(1.77290514951,-1.));
#1323 = CARTESIAN_POINT('',(1.705313529773,-1.));
#1324 = CARTESIAN_POINT('',(1.638076997187,-1.));
#1325 = CARTESIAN_POINT('',(1.534279022157,-1.));
#1326 = CARTESIAN_POINT('',(1.497762975071,-1.));
#1327 = CARTESIAN_POINT('',(1.461191219972,-1.));
#1328 = CARTESIAN_POINT('',(1.42450804832,-1.));
#1329 = CARTESIAN_POINT('',(1.387657417094,-1.));
#1330 = CARTESIAN_POINT('',(1.35058081158,-1.));
#1331 = CARTESIAN_POINT('',(1.313214562486,-1.));
#1332 = CARTESIAN_POINT('',(1.239429704904,-1.));
#1333 = CARTESIAN_POINT('',(1.203046872379,-1.));
#1334 = CARTESIAN_POINT('',(1.16627273813,-1.));
#1335 = CARTESIAN_POINT('',(1.129039716473,-1.));
#1336 = CARTESIAN_POINT('',(1.091274721789,-1.));
#1337 = CARTESIAN_POINT('',(1.05289638546,-1.));
#1338 = CARTESIAN_POINT('',(1.013809539733,-1.));
#1339 = CARTESIAN_POINT('',(0.952122426488,-1.));
#1340 = CARTESIAN_POINT('',(0.930106159416,-1.));
#1341 = CARTESIAN_POINT('',(0.907825538288,-1.));
#1342 = CARTESIAN_POINT('',(0.885260155213,-1.));
#1343 = CARTESIAN_POINT('',(0.86238826852,-1.));
#1344 = CARTESIAN_POINT('',(0.839186196413,-1.));
#1345 = CARTESIAN_POINT('',(0.815627413288,-1.));
#1346 = CARTESIAN_POINT('',(0.767396495499,-1.));
#1347 = CARTESIAN_POINT('',(0.742716560033,-1.));
#1348 = CARTESIAN_POINT('',(0.7176077523,-1.));
#1349 = CARTESIAN_POINT('',(0.692035441274,-1.));
#1350 = CARTESIAN_POINT('',(0.665963644049,-1.));
#1351 = CARTESIAN_POINT('',(0.639353648327,-1.));
#1352 = CARTESIAN_POINT('',(0.612161768251,-1.));
#1353 = CARTESIAN_POINT('',(0.553675457421,-1.));
#1354 = CARTESIAN_POINT('',(0.52226348562,-1.));
#1355 = CARTESIAN_POINT('',(0.490017869462,-1.));
#1356 = CARTESIAN_POINT('',(0.456868373723,-1.));
#1357 = CARTESIAN_POINT('',(0.422755017544,-1.));
#1358 = CARTESIAN_POINT('',(0.38762663723,-1.));
#1359 = CARTESIAN_POINT('',(0.351439970951,-1.));
#1360 = CARTESIAN_POINT('',(0.277904233861,-1.));
#1361 = CARTESIAN_POINT('',(0.240578392889,-1.));
#1362 = CARTESIAN_POINT('',(0.202229445239,-1.));
#1363 = CARTESIAN_POINT('',(0.162944190787,-1.));
#1364 = CARTESIAN_POINT('',(0.122853482401,-1.));
#1365 = CARTESIAN_POINT('',(8.214034875907E-02,-1.));
#1366 = CARTESIAN_POINT('',(4.106244598586E-02,-1.));
#1367 = CARTESIAN_POINT('',(0.,-1.));
#1368 = ( GEOMETRIC_REPRESENTATION_CONTEXT(2) 
PARAMETRIC_REPRESENTATION_CONTEXT() REPRESENTATION_CONTEXT('2D SPACE',''
  ) );
#1369 = ORIENTED_EDGE('',*,*,#1370,.T.);
#1370 = EDGE_CURVE('',#1099,#1371,#1373,.T.);
#1371 = VERTEX_POINT('',#1372);
#1372 = CARTESIAN_POINT('',(16.,-8.5,-55.));
#1373 = SURFACE_CURVE('',#1374,(#1378,#1385),.PCURVE_S1.);
#1374 = LINE('',#1375,#1376);
#1375 = CARTESIAN_POINT('',(-16.,-8.5,-55.));
#1376 = VECTOR('',#1377,1.);
#1377 = DIRECTION('',(1.,0.,-0.));
#1378 = PCURVE('',#72,#1379);
#1379 = DEFINITIONAL_REPRESENTATION('',(#1380),#1384);
#1380 = LINE('',#1381,#1382);
#1381 = CARTESIAN_POINT('',(0.,0.));
#1382 = VECTOR('',#1383,1.);
#1383 = DIRECTION('',(1.,0.));
#1384 = ( GEOMETRIC_REPRESENTATION_CONTEXT(2) 
PARAMETRIC_REPRESENTATION_CONTEXT() REPRESENTATION_CONTEXT('2D SPACE',''
  ) );
#1385 = PCURVE('',#1386,#1391);
#1386 = PLANE('',#1387);
#1387 = AXIS2_PLACEMENT_3D('',#1388,#1389,#1390);
#1388 = CARTESIAN_POINT('',(-16.,-8.5,-55.));
#1389 = DIRECTION('',(-0.,1.,0.));
#1390 = DIRECTION('',(0.,0.,1.));
#1391 = DEFINITIONAL_REPRESENTATION('',(#1392),#1396);
#1392 = LINE('',#1393,#1394);
#1393 = CARTESIAN_POINT('',(0.,0.));
#1394 = VECTOR('',#1395,1.);
#1395 = DIRECTION('',(0.,1.));
#1396 = ( GEOMETRIC_REPRESENTATION_CONTEXT(2) 
PARAMETRIC_REPRESENTATION_CONTEXT() REPRESENTATION_CONTEXT('2D SPACE',''
  ) );
#1397 = ORIENTED_EDGE('',*,*,#1398,.T.);
#1398 = EDGE_CURVE('',#1371,#599,#1399,.T.);
#1399 = SURFACE_CURVE('',#1400,(#1404,#1411),.PCURVE_S1.);
#1400 = LINE('',#1401,#1402);
#1401 = CARTESIAN_POINT('',(16.,-8.5,-55.));
#1402 = VECTOR('',#1403,1.);
#1403 = DIRECTION('',(-0.,1.,0.));
#1404 = PCURVE('',#72,#1405);
#1405 = DEFINITIONAL_REPRESENTATION('',(#1406),#1410);
#1406 = LINE('',#1407,#1408);
#1407 = CARTESIAN_POINT('',(32.,0.));
#1408 = VECTOR('',#1409,1.);
#1409 = DIRECTION('',(0.,1.));
#1410 = ( GEOMETRIC_REPRESENTATION_CONTEXT(2) 
PARAMETRIC_REPRESENTATION_CONTEXT() REPRESENTATION_CONTEXT('2D SPACE',''
  ) );
#1411 = PCURVE('',#616,#1412);
#1412 = DEFINITIONAL_REPRESENTATION('',(#1413),#1417);
#1413 = LINE('',#1414,#1415);
#1414 = CARTESIAN_POINT('',(0.,0.));
#1415 = VECTOR('',#1416,1.);
#1416 = DIRECTION('',(0.,-1.));
#1417 = ( GEOMETRIC_REPRESENTATION_CONTEXT(2) 
PARAMETRIC_REPRESENTATION_CONTEXT() REPRESENTATION_CONTEXT('2D SPACE',''
  ) );
#1418 = ADVANCED_FACE('',(#1419),#204,.T.);
#1419 = FACE_BOUND('',#1420,.T.);
#1420 = EDGE_LOOP('',(#1421,#1422,#1423,#1479,#1508,#1562,#1563,#1619,
    #1648,#1702,#1703,#1704,#1727,#1783,#1812,#1868,#1891,#1947,#1976,
    #2032,#2055,#2327));
#1421 = ORIENTED_EDGE('',*,*,#487,.F.);
#1422 = ORIENTED_EDGE('',*,*,#184,.T.);
#1423 = ORIENTED_EDGE('',*,*,#1424,.T.);
#1424 = EDGE_CURVE('',#185,#1425,#1427,.T.);
#1425 = VERTEX_POINT('',#1426);
#1426 = CARTESIAN_POINT('',(-11.,-5.035898384862,-20.5));
#1427 = SURFACE_CURVE('',#1428,(#1443,#1461),.PCURVE_S1.);
#1428 = B_SPLINE_CURVE_WITH_KNOTS('',7,(#1429,#1430,#1431,#1432,#1433,
    #1434,#1435,#1436,#1437,#1438,#1439,#1440,#1441,#1442),
  .UNSPECIFIED.,.F.,.F.,(8,6,8),(0.,0.4999220746,1.),.UNSPECIFIED.);
#1429 = CARTESIAN_POINT('',(-13.,-8.500000000001,-20.5));
#1430 = CARTESIAN_POINT('',(-13.,-8.204852827581,-20.5));
#1431 = CARTESIAN_POINT('',(-12.96872898234,-7.909566516536,-20.5));
#1432 = CARTESIAN_POINT('',(-12.90613448863,-7.618712464925,-20.5));
#1433 = CARTESIAN_POINT('',(-12.81459407959,-7.335485255677,-20.5));
#1434 = CARTESIAN_POINT('',(-12.69746180047,-7.062093522173,-20.5));
#1435 = CARTESIAN_POINT('',(-12.55843489679,-6.799935706362,-20.5));
#1436 = CARTESIAN_POINT('',(-12.24360895208,-6.299467514135,-20.5));
#1437 = CARTESIAN_POINT('',(-12.06762476134,-6.060889002959,-20.5));
#1438 = CARTESIAN_POINT('',(-11.87609234274,-5.834035985849,-20.5));
#1439 = CARTESIAN_POINT('',(-11.67164829073,-5.618648311382,-20.5));
#1440 = CARTESIAN_POINT('',(-11.45647258103,-5.414258196299,-20.5));
#1441 = CARTESIAN_POINT('',(-11.23222317734,-5.220250291549,-20.5));
#1442 = CARTESIAN_POINT('',(-11.,-5.035898384862,-20.5));
#1443 = PCURVE('',#204,#1444);
#1444 = DEFINITIONAL_REPRESENTATION('',(#1445),#1460);
#1445 = B_SPLINE_CURVE_WITH_KNOTS('',7,(#1446,#1447,#1448,#1449,#1450,
    #1451,#1452,#1453,#1454,#1455,#1456,#1457,#1458,#1459),
  .UNSPECIFIED.,.F.,.F.,(8,6,8),(0.,0.4999220746,1.),.UNSPECIFIED.);
#1446 = CARTESIAN_POINT('',(3.14159265359,-35.5));
#1447 = CARTESIAN_POINT('',(3.096185396295,-35.5));
#1448 = CARTESIAN_POINT('',(3.050756744949,-35.5));
#1449 = CARTESIAN_POINT('',(3.005856989305,-35.5));
#1450 = CARTESIAN_POINT('',(2.961824347633,-35.5));
#1451 = CARTESIAN_POINT('',(2.918891307657,-35.5));
#1452 = CARTESIAN_POINT('',(2.877208808823,-35.5));
#1453 = CARTESIAN_POINT('',(2.79649494424,-35.5));
#1454 = CARTESIAN_POINT('',(2.757419950593,-35.5));
#1455 = CARTESIAN_POINT('',(2.719599444644,-35.5));
#1456 = CARTESIAN_POINT('',(2.682979747754,-35.5));
#1457 = CARTESIAN_POINT('',(2.647489996703,-35.5));
#1458 = CARTESIAN_POINT('',(2.613041379073,-35.5));
#1459 = CARTESIAN_POINT('',(2.579522850584,-35.5));
#1460 = ( GEOMETRIC_REPRESENTATION_CONTEXT(2) 
PARAMETRIC_REPRESENTATION_CONTEXT() REPRESENTATION_CONTEXT('2D SPACE',''
  ) );
#1461 = PCURVE('',#236,#1462);
#1462 = DEFINITIONAL_REPRESENTATION('',(#1463),#1478);
#1463 = B_SPLINE_CURVE_WITH_KNOTS('',7,(#1464,#1465,#1466,#1467,#1468,
    #1469,#1470,#1471,#1472,#1473,#1474,#1475,#1476,#1477),
  .UNSPECIFIED.,.F.,.F.,(8,6,8),(0.,0.4999220746,1.),.UNSPECIFIED.);
#1464 = CARTESIAN_POINT('',(1.,1.999999999999));
#1465 = CARTESIAN_POINT('',(1.,2.295147172419));
#1466 = CARTESIAN_POINT('',(1.031271017654,2.590433483464));
#1467 = CARTESIAN_POINT('',(1.093865511365,2.881287535075));
#1468 = CARTESIAN_POINT('',(1.18540592041,3.164514744323));
#1469 = CARTESIAN_POINT('',(1.302538199529,3.437906477827));
#1470 = CARTESIAN_POINT('',(1.441565103208,3.700064293638));
#1471 = CARTESIAN_POINT('',(1.756391047914,4.200532485865));
#1472 = CARTESIAN_POINT('',(1.932375238659,4.439110997041));
#1473 = CARTESIAN_POINT('',(2.123907657252,4.665964014151));
#1474 = CARTESIAN_POINT('',(2.328351709268,4.881351688618));
#1475 = CARTESIAN_POINT('',(2.543527418961,5.085741803701));
#1476 = CARTESIAN_POINT('',(2.767776822652,5.279749708451));
#1477 = CARTESIAN_POINT('',(3.,5.464101615138));
#1478 = ( GEOMETRIC_REPRESENTATION_CONTEXT(2) 
PARAMETRIC_REPRESENTATION_CONTEXT() REPRESENTATION_CONTEXT('2D SPACE',''
  ) );
#1479 = ORIENTED_EDGE('',*,*,#1480,.T.);
#1480 = EDGE_CURVE('',#1425,#1481,#1483,.T.);
#1481 = VERTEX_POINT('',#1482);
#1482 = CARTESIAN_POINT('',(-11.,-5.035898384862,-32.5));
#1483 = SURFACE_CURVE('',#1484,(#1490,#1499),.PCURVE_S1.);
#1484 = B_SPLINE_CURVE_WITH_KNOTS('',4,(#1485,#1486,#1487,#1488,#1489),
  .UNSPECIFIED.,.F.,.F.,(5,5),(0.,1.),.PIECEWISE_BEZIER_KNOTS.);
#1485 = CARTESIAN_POINT('',(-11.,-5.035898384862,-20.5));
#1486 = CARTESIAN_POINT('',(-11.,-5.035898384862,-23.5));
#1487 = CARTESIAN_POINT('',(-11.,-5.035898384862,-26.5));
#1488 = CARTESIAN_POINT('',(-11.,-5.035898384862,-29.5));
#1489 = CARTESIAN_POINT('',(-11.,-5.035898384862,-32.5));
#1490 = PCURVE('',#204,#1491);
#1491 = DEFINITIONAL_REPRESENTATION('',(#1492),#1498);
#1492 = B_SPLINE_CURVE_WITH_KNOTS('',4,(#1493,#1494,#1495,#1496,#1497),
  .UNSPECIFIED.,.F.,.F.,(5,5),(0.,1.),.PIECEWISE_BEZIER_KNOTS.);
#1493 = CARTESIAN_POINT('',(2.579522850584,-35.5));
#1494 = CARTESIAN_POINT('',(2.579522850584,-32.5));
#1495 = CARTESIAN_POINT('',(2.579522850584,-29.5));
#1496 = CARTESIAN_POINT('',(2.579522850584,-26.5));
#1497 = CARTESIAN_POINT('',(2.579522850584,-23.5));
#1498 = ( GEOMETRIC_REPRESENTATION_CONTEXT(2) 
PARAMETRIC_REPRESENTATION_CONTEXT() REPRESENTATION_CONTEXT('2D SPACE',''
  ) );
#1499 = PCURVE('',#869,#1500);
#1500 = DEFINITIONAL_REPRESENTATION('',(#1501),#1507);
#1501 = B_SPLINE_CURVE_WITH_KNOTS('',4,(#1502,#1503,#1504,#1505,#1506),
  .UNSPECIFIED.,.F.,.F.,(5,5),(0.,1.),.PIECEWISE_BEZIER_KNOTS.);
#1502 = CARTESIAN_POINT('',(12.,-5.464101615138));
#1503 = CARTESIAN_POINT('',(9.,-5.464101615138));
#1504 = CARTESIAN_POINT('',(6.,-5.464101615138));
#1505 = CARTESIAN_POINT('',(3.,-5.464101615138));
#1506 = CARTESIAN_POINT('',(0.,-5.464101615138));
#1507 = ( GEOMETRIC_REPRESENTATION_CONTEXT(2) 
PARAMETRIC_REPRESENTATION_CONTEXT() REPRESENTATION_CONTEXT('2D SPACE',''
  ) );
#1508 = ORIENTED_EDGE('',*,*,#1509,.F.);
#1509 = EDGE_CURVE('',#274,#1481,#1510,.T.);
#1510 = SURFACE_CURVE('',#1511,(#1526,#1544),.PCURVE_S1.);
#1511 = B_SPLINE_CURVE_WITH_KNOTS('',7,(#1512,#1513,#1514,#1515,#1516,
    #1517,#1518,#1519,#1520,#1521,#1522,#1523,#1524,#1525),
  .UNSPECIFIED.,.F.,.F.,(8,6,8),(0.,0.4999220746,1.),.UNSPECIFIED.);
#1512 = CARTESIAN_POINT('',(-13.,-8.500000000001,-32.5));
#1513 = CARTESIAN_POINT('',(-13.,-8.204852827581,-32.5));
#1514 = CARTESIAN_POINT('',(-12.96872898234,-7.909566516536,-32.5));
#1515 = CARTESIAN_POINT('',(-12.90613448863,-7.618712464925,-32.5));
#1516 = CARTESIAN_POINT('',(-12.81459407959,-7.335485255677,-32.5));
#1517 = CARTESIAN_POINT('',(-12.69746180047,-7.062093522173,-32.5));
#1518 = CARTESIAN_POINT('',(-12.55843489679,-6.799935706362,-32.5));
#1519 = CARTESIAN_POINT('',(-12.24360895208,-6.299467514135,-32.5));
#1520 = CARTESIAN_POINT('',(-12.06762476134,-6.060889002959,-32.5));
#1521 = CARTESIAN_POINT('',(-11.87609234274,-5.834035985849,-32.5));
#1522 = CARTESIAN_POINT('',(-11.67164829073,-5.618648311382,-32.5));
#1523 = CARTESIAN_POINT('',(-11.45647258103,-5.414258196299,-32.5));
#1524 = CARTESIAN_POINT('',(-11.23222317734,-5.220250291549,-32.5));
#1525 = CARTESIAN_POINT('',(-11.,-5.035898384862,-32.5));
#1526 = PCURVE('',#204,#1527);
#1527 = DEFINITIONAL_REPRESENTATION('',(#1528),#1543);
#1528 = B_SPLINE_CURVE_WITH_KNOTS('',7,(#1529,#1530,#1531,#1532,#1533,
    #1534,#1535,#1536,#1537,#1538,#1539,#1540,#1541,#1542),
  .UNSPECIFIED.,.F.,.F.,(8,6,8),(0.,0.4999220746,1.),.UNSPECIFIED.);
#1529 = CARTESIAN_POINT('',(3.14159265359,-23.5));
#1530 = CARTESIAN_POINT('',(3.096185396295,-23.5));
#1531 = CARTESIAN_POINT('',(3.050756744949,-23.5));
#1532 = CARTESIAN_POINT('',(3.005856989305,-23.5));
#1533 = CARTESIAN_POINT('',(2.961824347633,-23.5));
#1534 = CARTESIAN_POINT('',(2.918891307657,-23.5));
#1535 = CARTESIAN_POINT('',(2.877208808823,-23.5));
#1536 = CARTESIAN_POINT('',(2.79649494424,-23.5));
#1537 = CARTESIAN_POINT('',(2.757419950593,-23.5));
#1538 = CARTESIAN_POINT('',(2.719599444644,-23.5));
#1539 = CARTESIAN_POINT('',(2.682979747754,-23.5));
#1540 = CARTESIAN_POINT('',(2.647489996703,-23.5));
#1541 = CARTESIAN_POINT('',(2.613041379073,-23.5));
#1542 = CARTESIAN_POINT('',(2.579522850584,-23.5));
#1543 = ( GEOMETRIC_REPRESENTATION_CONTEXT(2) 
PARAMETRIC_REPRESENTATION_CONTEXT() REPRESENTATION_CONTEXT('2D SPACE',''
  ) );
#1544 = PCURVE('',#288,#1545);
#1545 = DEFINITIONAL_REPRESENTATION('',(#1546),#1561);
#1546 = B_SPLINE_CURVE_WITH_KNOTS('',7,(#1547,#1548,#1549,#1550,#1551,
    #1552,#1553,#1554,#1555,#1556,#1557,#1558,#1559,#1560),
  .UNSPECIFIED.,.F.,.F.,(8,6,8),(0.,0.4999220746,1.),.UNSPECIFIED.);
#1547 = CARTESIAN_POINT('',(1.,1.999999999999));
#1548 = CARTESIAN_POINT('',(1.,2.295147172419));
#1549 = CARTESIAN_POINT('',(1.031271017654,2.590433483464));
#1550 = CARTESIAN_POINT('',(1.093865511365,2.881287535075));
#1551 = CARTESIAN_POINT('',(1.18540592041,3.164514744323));
#1552 = CARTESIAN_POINT('',(1.302538199529,3.437906477827));
#1553 = CARTESIAN_POINT('',(1.441565103208,3.700064293638));
#1554 = CARTESIAN_POINT('',(1.756391047914,4.200532485865));
#1555 = CARTESIAN_POINT('',(1.932375238659,4.439110997041));
#1556 = CARTESIAN_POINT('',(2.123907657252,4.665964014151));
#1557 = CARTESIAN_POINT('',(2.328351709268,4.881351688618));
#1558 = CARTESIAN_POINT('',(2.543527418961,5.085741803701));
#1559 = CARTESIAN_POINT('',(2.767776822652,5.279749708451));
#1560 = CARTESIAN_POINT('',(3.,5.464101615138));
#1561 = ( GEOMETRIC_REPRESENTATION_CONTEXT(2) 
PARAMETRIC_REPRESENTATION_CONTEXT() REPRESENTATION_CONTEXT('2D SPACE',''
  ) );
#1562 = ORIENTED_EDGE('',*,*,#299,.T.);
#1563 = ORIENTED_EDGE('',*,*,#1564,.T.);
#1564 = EDGE_CURVE('',#300,#1565,#1567,.T.);
#1565 = VERTEX_POINT('',#1566);
#1566 = CARTESIAN_POINT('',(-11.,-5.035898384862,-40.5));
#1567 = SURFACE_CURVE('',#1568,(#1583,#1601),.PCURVE_S1.);
#1568 = B_SPLINE_CURVE_WITH_KNOTS('',7,(#1569,#1570,#1571,#1572,#1573,
    #1574,#1575,#1576,#1577,#1578,#1579,#1580,#1581,#1582),
  .UNSPECIFIED.,.F.,.F.,(8,6,8),(0.,0.4999220746,1.),.UNSPECIFIED.);
#1569 = CARTESIAN_POINT('',(-13.,-8.500000000001,-40.5));
#1570 = CARTESIAN_POINT('',(-13.,-8.204852827581,-40.5));
#1571 = CARTESIAN_POINT('',(-12.96872898234,-7.909566516536,-40.5));
#1572 = CARTESIAN_POINT('',(-12.90613448863,-7.618712464925,-40.5));
#1573 = CARTESIAN_POINT('',(-12.81459407959,-7.335485255677,-40.5));
#1574 = CARTESIAN_POINT('',(-12.69746180047,-7.062093522173,-40.5));
#1575 = CARTESIAN_POINT('',(-12.55843489679,-6.799935706362,-40.5));
#1576 = CARTESIAN_POINT('',(-12.24360895208,-6.299467514135,-40.5));
#1577 = CARTESIAN_POINT('',(-12.06762476134,-6.060889002959,-40.5));
#1578 = CARTESIAN_POINT('',(-11.87609234274,-5.834035985849,-40.5));
#1579 = CARTESIAN_POINT('',(-11.67164829073,-5.618648311382,-40.5));
#1580 = CARTESIAN_POINT('',(-11.45647258103,-5.414258196299,-40.5));
#1581 = CARTESIAN_POINT('',(-11.23222317734,-5.220250291549,-40.5));
#1582 = CARTESIAN_POINT('',(-11.,-5.035898384862,-40.5));
#1583 = PCURVE('',#204,#1584);
#1584 = DEFINITIONAL_REPRESENTATION('',(#1585),#1600);
#1585 = B_SPLINE_CURVE_WITH_KNOTS('',7,(#1586,#1587,#1588,#1589,#1590,
    #1591,#1592,#1593,#1594,#1595,#1596,#1597,#1598,#1599),
  .UNSPECIFIED.,.F.,.F.,(8,6,8),(0.,0.4999220746,1.),.UNSPECIFIED.);
#1586 = CARTESIAN_POINT('',(3.14159265359,-15.5));
#1587 = CARTESIAN_POINT('',(3.096185396295,-15.5));
#1588 = CARTESIAN_POINT('',(3.050756744949,-15.5));
#1589 = CARTESIAN_POINT('',(3.005856989305,-15.5));
#1590 = CARTESIAN_POINT('',(2.961824347633,-15.5));
#1591 = CARTESIAN_POINT('',(2.918891307657,-15.5));
#1592 = CARTESIAN_POINT('',(2.877208808823,-15.5));
#1593 = CARTESIAN_POINT('',(2.79649494424,-15.5));
#1594 = CARTESIAN_POINT('',(2.757419950593,-15.5));
#1595 = CARTESIAN_POINT('',(2.719599444644,-15.5));
#1596 = CARTESIAN_POINT('',(2.682979747754,-15.5));
#1597 = CARTESIAN_POINT('',(2.647489996703,-15.5));
#1598 = CARTESIAN_POINT('',(2.613041379073,-15.5));
#1599 = CARTESIAN_POINT('',(2.579522850584,-15.5));
#1600 = ( GEOMETRIC_REPRESENTATION_CONTEXT(2) 
PARAMETRIC_REPRESENTATION_CONTEXT() REPRESENTATION_CONTEXT('2D SPACE',''
  ) );
#1601 = PCURVE('',#343,#1602);
#1602 = DEFINITIONAL_REPRESENTATION('',(#1603),#1618);
#1603 = B_SPLINE_CURVE_WITH_KNOTS('',7,(#1604,#1605,#1606,#1607,#1608,
    #1609,#1610,#1611,#1612,#1613,#1614,#1615,#1616,#1617),
  .UNSPECIFIED.,.F.,.F.,(8,6,8),(0.,0.4999220746,1.),.UNSPECIFIED.);
#1604 = CARTESIAN_POINT('',(1.,1.999999999999));
#1605 = CARTESIAN_POINT('',(1.,2.295147172419));
#1606 = CARTESIAN_POINT('',(1.031271017654,2.590433483464));
#1607 = CARTESIAN_POINT('',(1.093865511365,2.881287535075));
#1608 = CARTESIAN_POINT('',(1.18540592041,3.164514744323));
#1609 = CARTESIAN_POINT('',(1.302538199529,3.437906477827));
#1610 = CARTESIAN_POINT('',(1.441565103208,3.700064293638));
#1611 = CARTESIAN_POINT('',(1.756391047914,4.200532485865));
#1612 = CARTESIAN_POINT('',(1.932375238659,4.439110997041));
#1613 = CARTESIAN_POINT('',(2.123907657252,4.665964014151));
#1614 = CARTESIAN_POINT('',(2.328351709268,4.881351688618));
#1615 = CARTESIAN_POINT('',(2.543527418961,5.085741803701));
#1616 = CARTESIAN_POINT('',(2.767776822652,5.279749708451));
#1617 = CARTESIAN_POINT('',(3.,5.464101615138));
#1618 = ( GEOMETRIC_REPRESENTATION_CONTEXT(2) 
PARAMETRIC_REPRESENTATION_CONTEXT() REPRESENTATION_CONTEXT('2D SPACE',''
  ) );
#1619 = ORIENTED_EDGE('',*,*,#1620,.T.);
#1620 = EDGE_CURVE('',#1565,#1621,#1623,.T.);
#1621 = VERTEX_POINT('',#1622);
#1622 = CARTESIAN_POINT('',(-11.,-5.035898384862,-52.5));
#1623 = SURFACE_CURVE('',#1624,(#1630,#1639),.PCURVE_S1.);
#1624 = B_SPLINE_CURVE_WITH_KNOTS('',4,(#1625,#1626,#1627,#1628,#1629),
  .UNSPECIFIED.,.F.,.F.,(5,5),(0.,1.),.PIECEWISE_BEZIER_KNOTS.);
#1625 = CARTESIAN_POINT('',(-11.,-5.035898384862,-40.5));
#1626 = CARTESIAN_POINT('',(-11.,-5.035898384862,-43.5));
#1627 = CARTESIAN_POINT('',(-11.,-5.035898384862,-46.5));
#1628 = CARTESIAN_POINT('',(-11.,-5.035898384862,-49.5));
#1629 = CARTESIAN_POINT('',(-11.,-5.035898384862,-52.5));
#1630 = PCURVE('',#204,#1631);
#1631 = DEFINITIONAL_REPRESENTATION('',(#1632),#1638);
#1632 = B_SPLINE_CURVE_WITH_KNOTS('',4,(#1633,#1634,#1635,#1636,#1637),
  .UNSPECIFIED.,.F.,.F.,(5,5),(0.,1.),.PIECEWISE_BEZIER_KNOTS.);
#1633 = CARTESIAN_POINT('',(2.579522850584,-15.5));
#1634 = CARTESIAN_POINT('',(2.579522850584,-12.5));
#1635 = CARTESIAN_POINT('',(2.579522850584,-9.5));
#1636 = CARTESIAN_POINT('',(2.579522850584,-6.5));
#1637 = CARTESIAN_POINT('',(2.579522850584,-3.5));
#1638 = ( GEOMETRIC_REPRESENTATION_CONTEXT(2) 
PARAMETRIC_REPRESENTATION_CONTEXT() REPRESENTATION_CONTEXT('2D SPACE',''
  ) );
#1639 = PCURVE('',#778,#1640);
#1640 = DEFINITIONAL_REPRESENTATION('',(#1641),#1647);
#1641 = B_SPLINE_CURVE_WITH_KNOTS('',4,(#1642,#1643,#1644,#1645,#1646),
  .UNSPECIFIED.,.F.,.F.,(5,5),(0.,1.),.PIECEWISE_BEZIER_KNOTS.);
#1642 = CARTESIAN_POINT('',(12.,-5.464101615138));
#1643 = CARTESIAN_POINT('',(9.,-5.464101615138));
#1644 = CARTESIAN_POINT('',(6.,-5.464101615138));
#1645 = CARTESIAN_POINT('',(3.,-5.464101615138));
#1646 = CARTESIAN_POINT('',(0.,-5.464101615138));
#1647 = ( GEOMETRIC_REPRESENTATION_CONTEXT(2) 
PARAMETRIC_REPRESENTATION_CONTEXT() REPRESENTATION_CONTEXT('2D SPACE',''
  ) );
#1648 = ORIENTED_EDGE('',*,*,#1649,.F.);
#1649 = EDGE_CURVE('',#381,#1621,#1650,.T.);
#1650 = SURFACE_CURVE('',#1651,(#1666,#1684),.PCURVE_S1.);
#1651 = B_SPLINE_CURVE_WITH_KNOTS('',7,(#1652,#1653,#1654,#1655,#1656,
    #1657,#1658,#1659,#1660,#1661,#1662,#1663,#1664,#1665),
  .UNSPECIFIED.,.F.,.F.,(8,6,8),(0.,0.4999220746,1.),.UNSPECIFIED.);
#1652 = CARTESIAN_POINT('',(-13.,-8.500000000001,-52.5));
#1653 = CARTESIAN_POINT('',(-13.,-8.204852827581,-52.5));
#1654 = CARTESIAN_POINT('',(-12.96872898234,-7.909566516536,-52.5));
#1655 = CARTESIAN_POINT('',(-12.90613448863,-7.618712464925,-52.5));
#1656 = CARTESIAN_POINT('',(-12.81459407959,-7.335485255677,-52.5));
#1657 = CARTESIAN_POINT('',(-12.69746180047,-7.062093522173,-52.5));
#1658 = CARTESIAN_POINT('',(-12.55843489679,-6.799935706362,-52.5));
#1659 = CARTESIAN_POINT('',(-12.24360895208,-6.299467514135,-52.5));
#1660 = CARTESIAN_POINT('',(-12.06762476134,-6.060889002959,-52.5));
#1661 = CARTESIAN_POINT('',(-11.87609234274,-5.834035985849,-52.5));
#1662 = CARTESIAN_POINT('',(-11.67164829073,-5.618648311382,-52.5));
#1663 = CARTESIAN_POINT('',(-11.45647258103,-5.414258196299,-52.5));
#1664 = CARTESIAN_POINT('',(-11.23222317734,-5.220250291549,-52.5));
#1665 = CARTESIAN_POINT('',(-11.,-5.035898384862,-52.5));
#1666 = PCURVE('',#204,#1667);
#1667 = DEFINITIONAL_REPRESENTATION('',(#1668),#1683);
#1668 = B_SPLINE_CURVE_WITH_KNOTS('',7,(#1669,#1670,#1671,#1672,#1673,
    #1674,#1675,#1676,#1677,#1678,#1679,#1680,#1681,#1682),
  .UNSPECIFIED.,.F.,.F.,(8,6,8),(0.,0.4999220746,1.),.UNSPECIFIED.);
#1669 = CARTESIAN_POINT('',(3.14159265359,-3.5));
#1670 = CARTESIAN_POINT('',(3.096185396295,-3.5));
#1671 = CARTESIAN_POINT('',(3.050756744949,-3.5));
#1672 = CARTESIAN_POINT('',(3.005856989305,-3.5));
#1673 = CARTESIAN_POINT('',(2.961824347633,-3.5));
#1674 = CARTESIAN_POINT('',(2.918891307657,-3.5));
#1675 = CARTESIAN_POINT('',(2.877208808823,-3.5));
#1676 = CARTESIAN_POINT('',(2.79649494424,-3.5));
#1677 = CARTESIAN_POINT('',(2.757419950593,-3.5));
#1678 = CARTESIAN_POINT('',(2.719599444644,-3.5));
#1679 = CARTESIAN_POINT('',(2.682979747754,-3.5));
#1680 = CARTESIAN_POINT('',(2.647489996703,-3.5));
#1681 = CARTESIAN_POINT('',(2.613041379073,-3.5));
#1682 = CARTESIAN_POINT('',(2.579522850584,-3.5));
#1683 = ( GEOMETRIC_REPRESENTATION_CONTEXT(2) 
PARAMETRIC_REPRESENTATION_CONTEXT() REPRESENTATION_CONTEXT('2D SPACE',''
  ) );
#1684 = PCURVE('',#395,#1685);
#1685 = DEFINITIONAL_REPRESENTATION('',(#1686),#1701);
#1686 = B_SPLINE_CURVE_WITH_KNOTS('',7,(#1687,#1688,#1689,#1690,#1691,
    #1692,#1693,#1694,#1695,#1696,#1697,#1698,#1699,#1700),
  .UNSPECIFIED.,.F.,.F.,(8,6,8),(0.,0.4999220746,1.),.UNSPECIFIED.);
#1687 = CARTESIAN_POINT('',(1.,1.999999999999));
#1688 = CARTESIAN_POINT('',(1.,2.295147172419));
#1689 = CARTESIAN_POINT('',(1.031271017654,2.590433483464));
#1690 = CARTESIAN_POINT('',(1.093865511365,2.881287535075));
#1691 = CARTESIAN_POINT('',(1.18540592041,3.164514744323));
#1692 = CARTESIAN_POINT('',(1.302538199529,3.437906477827));
#1693 = CARTESIAN_POINT('',(1.441565103208,3.700064293638));
#1694 = CARTESIAN_POINT('',(1.756391047914,4.200532485865));
#1695 = CARTESIAN_POINT('',(1.932375238659,4.439110997041));
#1696 = CARTESIAN_POINT('',(2.123907657252,4.665964014151));
#1697 = CARTESIAN_POINT('',(2.328351709268,4.881351688618));
#1698 = CARTESIAN_POINT('',(2.543527418961,5.085741803701));
#1699 = CARTESIAN_POINT('',(2.767776822652,5.279749708451));
#1700 = CARTESIAN_POINT('',(3.,5.464101615138));
#1701 = ( GEOMETRIC_REPRESENTATION_CONTEXT(2) 
PARAMETRIC_REPRESENTATION_CONTEXT() REPRESENTATION_CONTEXT('2D SPACE',''
  ) );
#1702 = ORIENTED_EDGE('',*,*,#406,.T.);
#1703 = ORIENTED_EDGE('',*,*,#1098,.T.);
#1704 = ORIENTED_EDGE('',*,*,#1705,.T.);
#1705 = EDGE_CURVE('',#1099,#1706,#1708,.T.);
#1706 = VERTEX_POINT('',#1707);
#1707 = CARTESIAN_POINT('',(13.,-8.5,-52.5));
#1708 = SURFACE_CURVE('',#1709,(#1713,#1720),.PCURVE_S1.);
#1709 = LINE('',#1710,#1711);
#1710 = CARTESIAN_POINT('',(13.,-8.5,-56.));
#1711 = VECTOR('',#1712,1.);
#1712 = DIRECTION('',(0.,0.,1.));
#1713 = PCURVE('',#204,#1714);
#1714 = DEFINITIONAL_REPRESENTATION('',(#1715),#1719);
#1715 = LINE('',#1716,#1717);
#1716 = CARTESIAN_POINT('',(0.,0.));
#1717 = VECTOR('',#1718,1.);
#1718 = DIRECTION('',(0.,-1.));
#1719 = ( GEOMETRIC_REPRESENTATION_CONTEXT(2) 
PARAMETRIC_REPRESENTATION_CONTEXT() REPRESENTATION_CONTEXT('2D SPACE',''
  ) );
#1720 = PCURVE('',#1386,#1721);
#1721 = DEFINITIONAL_REPRESENTATION('',(#1722),#1726);
#1722 = LINE('',#1723,#1724);
#1723 = CARTESIAN_POINT('',(-1.,29.));
#1724 = VECTOR('',#1725,1.);
#1725 = DIRECTION('',(1.,0.));
#1726 = ( GEOMETRIC_REPRESENTATION_CONTEXT(2) 
PARAMETRIC_REPRESENTATION_CONTEXT() REPRESENTATION_CONTEXT('2D SPACE',''
  ) );
#1727 = ORIENTED_EDGE('',*,*,#1728,.F.);
#1728 = EDGE_CURVE('',#1729,#1706,#1731,.T.);
#1729 = VERTEX_POINT('',#1730);
#1730 = CARTESIAN_POINT('',(11.,-5.035898384862,-52.5));
#1731 = SURFACE_CURVE('',#1732,(#1747,#1765),.PCURVE_S1.);
#1732 = B_SPLINE_CURVE_WITH_KNOTS('',7,(#1733,#1734,#1735,#1736,#1737,
    #1738,#1739,#1740,#1741,#1742,#1743,#1744,#1745,#1746),
  .UNSPECIFIED.,.F.,.F.,(8,6,8),(0.,0.500077925399,1.),.UNSPECIFIED.);
#1733 = CARTESIAN_POINT('',(11.,-5.035898384862,-52.5));
#1734 = CARTESIAN_POINT('',(11.232223177348,-5.220250291549,-52.5));
#1735 = CARTESIAN_POINT('',(11.456472581038,-5.414258196298,-52.5));
#1736 = CARTESIAN_POINT('',(11.671648290732,-5.618648311382,-52.5));
#1737 = CARTESIAN_POINT('',(11.876092342748,-5.834035985848,-52.5));
#1738 = CARTESIAN_POINT('',(12.067624761341,-6.060889002958,-52.5));
#1739 = CARTESIAN_POINT('',(12.243608952086,-6.299467514134,-52.5));
#1740 = CARTESIAN_POINT('',(12.558434896792,-6.799935706361,-52.5));
#1741 = CARTESIAN_POINT('',(12.69746180047,-7.062093522173,-52.5));
#1742 = CARTESIAN_POINT('',(12.81459407959,-7.335485255676,-52.5));
#1743 = CARTESIAN_POINT('',(12.906134488635,-7.618712464925,-52.5));
#1744 = CARTESIAN_POINT('',(12.968728982345,-7.909566516535,-52.5));
#1745 = CARTESIAN_POINT('',(13.,-8.20485282758,-52.5));
#1746 = CARTESIAN_POINT('',(13.,-8.5,-52.5));
#1747 = PCURVE('',#204,#1748);
#1748 = DEFINITIONAL_REPRESENTATION('',(#1749),#1764);
#1749 = B_SPLINE_CURVE_WITH_KNOTS('',7,(#1750,#1751,#1752,#1753,#1754,
    #1755,#1756,#1757,#1758,#1759,#1760,#1761,#1762,#1763),
  .UNSPECIFIED.,.F.,.F.,(8,6,8),(0.,0.500077925399,1.),.UNSPECIFIED.);
#1750 = CARTESIAN_POINT('',(0.562069803006,-3.5));
#1751 = CARTESIAN_POINT('',(0.528551274517,-3.5));
#1752 = CARTESIAN_POINT('',(0.494102656886,-3.5));
#1753 = CARTESIAN_POINT('',(0.458612905835,-3.5));
#1754 = CARTESIAN_POINT('',(0.421993208946,-3.5));
#1755 = CARTESIAN_POINT('',(0.384172702996,-3.5));
#1756 = CARTESIAN_POINT('',(0.34509770935,-3.5));
#1757 = CARTESIAN_POINT('',(0.264383844767,-3.5));
#1758 = CARTESIAN_POINT('',(0.222701345933,-3.5));
#1759 = CARTESIAN_POINT('',(0.179768305957,-3.5));
#1760 = CARTESIAN_POINT('',(0.135735664285,-3.5));
#1761 = CARTESIAN_POINT('',(9.083590864105E-02,-3.5));
#1762 = CARTESIAN_POINT('',(4.540725729532E-02,-3.5));
#1763 = CARTESIAN_POINT('',(0.,-3.5));
#1764 = ( GEOMETRIC_REPRESENTATION_CONTEXT(2) 
PARAMETRIC_REPRESENTATION_CONTEXT() REPRESENTATION_CONTEXT('2D SPACE',''
  ) );
#1765 = PCURVE('',#951,#1766);
#1766 = DEFINITIONAL_REPRESENTATION('',(#1767),#1782);
#1767 = B_SPLINE_CURVE_WITH_KNOTS('',7,(#1768,#1769,#1770,#1771,#1772,
    #1773,#1774,#1775,#1776,#1777,#1778,#1779,#1780,#1781),
  .UNSPECIFIED.,.F.,.F.,(8,6,8),(0.,0.500077925399,1.),.UNSPECIFIED.);
#1768 = CARTESIAN_POINT('',(0.,5.464101615138));
#1769 = CARTESIAN_POINT('',(0.232223177348,5.279749708451));
#1770 = CARTESIAN_POINT('',(0.456472581038,5.085741803702));
#1771 = CARTESIAN_POINT('',(0.671648290732,4.881351688618));
#1772 = CARTESIAN_POINT('',(0.876092342748,4.665964014152));
#1773 = CARTESIAN_POINT('',(1.067624761341,4.439110997042));
#1774 = CARTESIAN_POINT('',(1.243608952086,4.200532485866));
#1775 = CARTESIAN_POINT('',(1.558434896792,3.700064293639));
#1776 = CARTESIAN_POINT('',(1.69746180047,3.437906477827));
#1777 = CARTESIAN_POINT('',(1.81459407959,3.164514744324));
#1778 = CARTESIAN_POINT('',(1.906134488635,2.881287535075));
#1779 = CARTESIAN_POINT('',(1.968728982345,2.590433483465));
#1780 = CARTESIAN_POINT('',(2.,2.29514717242));
#1781 = CARTESIAN_POINT('',(2.,2.));
#1782 = ( GEOMETRIC_REPRESENTATION_CONTEXT(2) 
PARAMETRIC_REPRESENTATION_CONTEXT() REPRESENTATION_CONTEXT('2D SPACE',''
  ) );
#1783 = ORIENTED_EDGE('',*,*,#1784,.F.);
#1784 = EDGE_CURVE('',#1785,#1729,#1787,.T.);
#1785 = VERTEX_POINT('',#1786);
#1786 = CARTESIAN_POINT('',(11.,-5.035898384862,-40.5));
#1787 = SURFACE_CURVE('',#1788,(#1794,#1803),.PCURVE_S1.);
#1788 = B_SPLINE_CURVE_WITH_KNOTS('',4,(#1789,#1790,#1791,#1792,#1793),
  .UNSPECIFIED.,.F.,.F.,(5,5),(0.,1.),.PIECEWISE_BEZIER_KNOTS.);
#1789 = CARTESIAN_POINT('',(11.,-5.035898384862,-40.5));
#1790 = CARTESIAN_POINT('',(11.,-5.035898384862,-43.5));
#1791 = CARTESIAN_POINT('',(11.,-5.035898384862,-46.5));
#1792 = CARTESIAN_POINT('',(11.,-5.035898384862,-49.5));
#1793 = CARTESIAN_POINT('',(11.,-5.035898384862,-52.5));
#1794 = PCURVE('',#204,#1795);
#1795 = DEFINITIONAL_REPRESENTATION('',(#1796),#1802);
#1796 = B_SPLINE_CURVE_WITH_KNOTS('',4,(#1797,#1798,#1799,#1800,#1801),
  .UNSPECIFIED.,.F.,.F.,(5,5),(0.,1.),.PIECEWISE_BEZIER_KNOTS.);
#1797 = CARTESIAN_POINT('',(0.562069803006,-15.5));
#1798 = CARTESIAN_POINT('',(0.562069803006,-12.5));
#1799 = CARTESIAN_POINT('',(0.562069803006,-9.5));
#1800 = CARTESIAN_POINT('',(0.562069803006,-6.5));
#1801 = CARTESIAN_POINT('',(0.562069803006,-3.5));
#1802 = ( GEOMETRIC_REPRESENTATION_CONTEXT(2) 
PARAMETRIC_REPRESENTATION_CONTEXT() REPRESENTATION_CONTEXT('2D SPACE',''
  ) );
#1803 = PCURVE('',#925,#1804);
#1804 = DEFINITIONAL_REPRESENTATION('',(#1805),#1811);
#1805 = B_SPLINE_CURVE_WITH_KNOTS('',4,(#1806,#1807,#1808,#1809,#1810),
  .UNSPECIFIED.,.F.,.F.,(5,5),(0.,1.),.PIECEWISE_BEZIER_KNOTS.);
#1806 = CARTESIAN_POINT('',(12.,-5.464101615138));
#1807 = CARTESIAN_POINT('',(9.,-5.464101615138));
#1808 = CARTESIAN_POINT('',(6.,-5.464101615138));
#1809 = CARTESIAN_POINT('',(3.,-5.464101615138));
#1810 = CARTESIAN_POINT('',(0.,-5.464101615138));
#1811 = ( GEOMETRIC_REPRESENTATION_CONTEXT(2) 
PARAMETRIC_REPRESENTATION_CONTEXT() REPRESENTATION_CONTEXT('2D SPACE',''
  ) );
#1812 = ORIENTED_EDGE('',*,*,#1813,.T.);
#1813 = EDGE_CURVE('',#1785,#1814,#1816,.T.);
#1814 = VERTEX_POINT('',#1815);
#1815 = CARTESIAN_POINT('',(13.,-8.5,-40.5));
#1816 = SURFACE_CURVE('',#1817,(#1832,#1850),.PCURVE_S1.);
#1817 = B_SPLINE_CURVE_WITH_KNOTS('',7,(#1818,#1819,#1820,#1821,#1822,
    #1823,#1824,#1825,#1826,#1827,#1828,#1829,#1830,#1831),
  .UNSPECIFIED.,.F.,.F.,(8,6,8),(0.,0.500077925399,1.),.UNSPECIFIED.);
#1818 = CARTESIAN_POINT('',(11.,-5.035898384862,-40.5));
#1819 = CARTESIAN_POINT('',(11.232223177348,-5.220250291549,-40.5));
#1820 = CARTESIAN_POINT('',(11.456472581038,-5.414258196298,-40.5));
#1821 = CARTESIAN_POINT('',(11.671648290732,-5.618648311382,-40.5));
#1822 = CARTESIAN_POINT('',(11.876092342748,-5.834035985848,-40.5));
#1823 = CARTESIAN_POINT('',(12.067624761341,-6.060889002958,-40.5));
#1824 = CARTESIAN_POINT('',(12.243608952086,-6.299467514134,-40.5));
#1825 = CARTESIAN_POINT('',(12.558434896792,-6.799935706361,-40.5));
#1826 = CARTESIAN_POINT('',(12.69746180047,-7.062093522173,-40.5));
#1827 = CARTESIAN_POINT('',(12.81459407959,-7.335485255676,-40.5));
#1828 = CARTESIAN_POINT('',(12.906134488635,-7.618712464925,-40.5));
#1829 = CARTESIAN_POINT('',(12.968728982345,-7.909566516535,-40.5));
#1830 = CARTESIAN_POINT('',(13.,-8.20485282758,-40.5));
#1831 = CARTESIAN_POINT('',(13.,-8.5,-40.5));
#1832 = PCURVE('',#204,#1833);
#1833 = DEFINITIONAL_REPRESENTATION('',(#1834),#1849);
#1834 = B_SPLINE_CURVE_WITH_KNOTS('',7,(#1835,#1836,#1837,#1838,#1839,
    #1840,#1841,#1842,#1843,#1844,#1845,#1846,#1847,#1848),
  .UNSPECIFIED.,.F.,.F.,(8,6,8),(0.,0.500077925399,1.),.UNSPECIFIED.);
#1835 = CARTESIAN_POINT('',(0.562069803006,-15.5));
#1836 = CARTESIAN_POINT('',(0.528551274517,-15.5));
#1837 = CARTESIAN_POINT('',(0.494102656886,-15.5));
#1838 = CARTESIAN_POINT('',(0.458612905835,-15.5));
#1839 = CARTESIAN_POINT('',(0.421993208946,-15.5));
#1840 = CARTESIAN_POINT('',(0.384172702996,-15.5));
#1841 = CARTESIAN_POINT('',(0.34509770935,-15.5));
#1842 = CARTESIAN_POINT('',(0.264383844767,-15.5));
#1843 = CARTESIAN_POINT('',(0.222701345933,-15.5));
#1844 = CARTESIAN_POINT('',(0.179768305957,-15.5));
#1845 = CARTESIAN_POINT('',(0.135735664285,-15.5));
#1846 = CARTESIAN_POINT('',(9.083590864105E-02,-15.5));
#1847 = CARTESIAN_POINT('',(4.540725729532E-02,-15.5));
#1848 = CARTESIAN_POINT('',(0.,-15.5));
#1849 = ( GEOMETRIC_REPRESENTATION_CONTEXT(2) 
PARAMETRIC_REPRESENTATION_CONTEXT() REPRESENTATION_CONTEXT('2D SPACE',''
  ) );
#1850 = PCURVE('',#899,#1851);
#1851 = DEFINITIONAL_REPRESENTATION('',(#1852),#1867);
#1852 = B_SPLINE_CURVE_WITH_KNOTS('',7,(#1853,#1854,#1855,#1856,#1857,
    #1858,#1859,#1860,#1861,#1862,#1863,#1864,#1865,#1866),
  .UNSPECIFIED.,.F.,.F.,(8,6,8),(0.,0.500077925399,1.),.UNSPECIFIED.);
#1853 = CARTESIAN_POINT('',(0.,5.464101615138));
#1854 = CARTESIAN_POINT('',(0.232223177348,5.279749708451));
#1855 = CARTESIAN_POINT('',(0.456472581038,5.085741803702));
#1856 = CARTESIAN_POINT('',(0.671648290732,4.881351688618));
#1857 = CARTESIAN_POINT('',(0.876092342748,4.665964014152));
#1858 = CARTESIAN_POINT('',(1.067624761341,4.439110997042));
#1859 = CARTESIAN_POINT('',(1.243608952086,4.200532485866));
#1860 = CARTESIAN_POINT('',(1.558434896792,3.700064293639));
#1861 = CARTESIAN_POINT('',(1.69746180047,3.437906477827));
#1862 = CARTESIAN_POINT('',(1.81459407959,3.164514744324));
#1863 = CARTESIAN_POINT('',(1.906134488635,2.881287535075));
#1864 = CARTESIAN_POINT('',(1.968728982345,2.590433483465));
#1865 = CARTESIAN_POINT('',(2.,2.29514717242));
#1866 = CARTESIAN_POINT('',(2.,2.));
#1867 = ( GEOMETRIC_REPRESENTATION_CONTEXT(2) 
PARAMETRIC_REPRESENTATION_CONTEXT() REPRESENTATION_CONTEXT('2D SPACE',''
  ) );
#1868 = ORIENTED_EDGE('',*,*,#1869,.T.);
#1869 = EDGE_CURVE('',#1814,#1870,#1872,.T.);
#1870 = VERTEX_POINT('',#1871);
#1871 = CARTESIAN_POINT('',(13.,-8.5,-32.5));
#1872 = SURFACE_CURVE('',#1873,(#1877,#1884),.PCURVE_S1.);
#1873 = LINE('',#1874,#1875);
#1874 = CARTESIAN_POINT('',(13.,-8.5,-56.));
#1875 = VECTOR('',#1876,1.);
#1876 = DIRECTION('',(0.,0.,1.));
#1877 = PCURVE('',#204,#1878);
#1878 = DEFINITIONAL_REPRESENTATION('',(#1879),#1883);
#1879 = LINE('',#1880,#1881);
#1880 = CARTESIAN_POINT('',(0.,0.));
#1881 = VECTOR('',#1882,1.);
#1882 = DIRECTION('',(0.,-1.));
#1883 = ( GEOMETRIC_REPRESENTATION_CONTEXT(2) 
PARAMETRIC_REPRESENTATION_CONTEXT() REPRESENTATION_CONTEXT('2D SPACE',''
  ) );
#1884 = PCURVE('',#1386,#1885);
#1885 = DEFINITIONAL_REPRESENTATION('',(#1886),#1890);
#1886 = LINE('',#1887,#1888);
#1887 = CARTESIAN_POINT('',(-1.,29.));
#1888 = VECTOR('',#1889,1.);
#1889 = DIRECTION('',(1.,0.));
#1890 = ( GEOMETRIC_REPRESENTATION_CONTEXT(2) 
PARAMETRIC_REPRESENTATION_CONTEXT() REPRESENTATION_CONTEXT('2D SPACE',''
  ) );
#1891 = ORIENTED_EDGE('',*,*,#1892,.F.);
#1892 = EDGE_CURVE('',#1893,#1870,#1895,.T.);
#1893 = VERTEX_POINT('',#1894);
#1894 = CARTESIAN_POINT('',(11.,-5.035898384862,-32.5));
#1895 = SURFACE_CURVE('',#1896,(#1911,#1929),.PCURVE_S1.);
#1896 = B_SPLINE_CURVE_WITH_KNOTS('',7,(#1897,#1898,#1899,#1900,#1901,
    #1902,#1903,#1904,#1905,#1906,#1907,#1908,#1909,#1910),
  .UNSPECIFIED.,.F.,.F.,(8,6,8),(0.,0.500077925399,1.),.UNSPECIFIED.);
#1897 = CARTESIAN_POINT('',(11.,-5.035898384862,-32.5));
#1898 = CARTESIAN_POINT('',(11.232223177348,-5.220250291549,-32.5));
#1899 = CARTESIAN_POINT('',(11.456472581038,-5.414258196298,-32.5));
#1900 = CARTESIAN_POINT('',(11.671648290732,-5.618648311382,-32.5));
#1901 = CARTESIAN_POINT('',(11.876092342748,-5.834035985848,-32.5));
#1902 = CARTESIAN_POINT('',(12.067624761341,-6.060889002958,-32.5));
#1903 = CARTESIAN_POINT('',(12.243608952086,-6.299467514134,-32.5));
#1904 = CARTESIAN_POINT('',(12.558434896792,-6.799935706361,-32.5));
#1905 = CARTESIAN_POINT('',(12.69746180047,-7.062093522173,-32.5));
#1906 = CARTESIAN_POINT('',(12.81459407959,-7.335485255676,-32.5));
#1907 = CARTESIAN_POINT('',(12.906134488635,-7.618712464925,-32.5));
#1908 = CARTESIAN_POINT('',(12.968728982345,-7.909566516535,-32.5));
#1909 = CARTESIAN_POINT('',(13.,-8.20485282758,-32.5));
#1910 = CARTESIAN_POINT('',(13.,-8.5,-32.5));
#1911 = PCURVE('',#204,#1912);
#1912 = DEFINITIONAL_REPRESENTATION('',(#1913),#1928);
#1913 = B_SPLINE_CURVE_WITH_KNOTS('',7,(#1914,#1915,#1916,#1917,#1918,
    #1919,#1920,#1921,#1922,#1923,#1924,#1925,#1926,#1927),
  .UNSPECIFIED.,.F.,.F.,(8,6,8),(0.,0.500077925399,1.),.UNSPECIFIED.);
#1914 = CARTESIAN_POINT('',(0.562069803006,-23.5));
#1915 = CARTESIAN_POINT('',(0.528551274517,-23.5));
#1916 = CARTESIAN_POINT('',(0.494102656886,-23.5));
#1917 = CARTESIAN_POINT('',(0.458612905835,-23.5));
#1918 = CARTESIAN_POINT('',(0.421993208946,-23.5));
#1919 = CARTESIAN_POINT('',(0.384172702996,-23.5));
#1920 = CARTESIAN_POINT('',(0.34509770935,-23.5));
#1921 = CARTESIAN_POINT('',(0.264383844767,-23.5));
#1922 = CARTESIAN_POINT('',(0.222701345933,-23.5));
#1923 = CARTESIAN_POINT('',(0.179768305957,-23.5));
#1924 = CARTESIAN_POINT('',(0.135735664285,-23.5));
#1925 = CARTESIAN_POINT('',(9.083590864105E-02,-23.5));
#1926 = CARTESIAN_POINT('',(4.540725729532E-02,-23.5));
#1927 = CARTESIAN_POINT('',(0.,-23.5));
#1928 = ( GEOMETRIC_REPRESENTATION_CONTEXT(2) 
PARAMETRIC_REPRESENTATION_CONTEXT() REPRESENTATION_CONTEXT('2D SPACE',''
  ) );
#1929 = PCURVE('',#1057,#1930);
#1930 = DEFINITIONAL_REPRESENTATION('',(#1931),#1946);
#1931 = B_SPLINE_CURVE_WITH_KNOTS('',7,(#1932,#1933,#1934,#1935,#1936,
    #1937,#1938,#1939,#1940,#1941,#1942,#1943,#1944,#1945),
  .UNSPECIFIED.,.F.,.F.,(8,6,8),(0.,0.500077925399,1.),.UNSPECIFIED.);
#1932 = CARTESIAN_POINT('',(0.,5.464101615138));
#1933 = CARTESIAN_POINT('',(0.232223177348,5.279749708451));
#1934 = CARTESIAN_POINT('',(0.456472581038,5.085741803702));
#1935 = CARTESIAN_POINT('',(0.671648290732,4.881351688618));
#1936 = CARTESIAN_POINT('',(0.876092342748,4.665964014152));
#1937 = CARTESIAN_POINT('',(1.067624761341,4.439110997042));
#1938 = CARTESIAN_POINT('',(1.243608952086,4.200532485866));
#1939 = CARTESIAN_POINT('',(1.558434896792,3.700064293639));
#1940 = CARTESIAN_POINT('',(1.69746180047,3.437906477827));
#1941 = CARTESIAN_POINT('',(1.81459407959,3.164514744324));
#1942 = CARTESIAN_POINT('',(1.906134488635,2.881287535075));
#1943 = CARTESIAN_POINT('',(1.968728982345,2.590433483465));
#1944 = CARTESIAN_POINT('',(2.,2.29514717242));
#1945 = CARTESIAN_POINT('',(2.,2.));
#1946 = ( GEOMETRIC_REPRESENTATION_CONTEXT(2) 
PARAMETRIC_REPRESENTATION_CONTEXT() REPRESENTATION_CONTEXT('2D SPACE',''
  ) );
#1947 = ORIENTED_EDGE('',*,*,#1948,.F.);
#1948 = EDGE_CURVE('',#1949,#1893,#1951,.T.);
#1949 = VERTEX_POINT('',#1950);
#1950 = CARTESIAN_POINT('',(11.,-5.035898384862,-20.5));
#1951 = SURFACE_CURVE('',#1952,(#1958,#1967),.PCURVE_S1.);
#1952 = B_SPLINE_CURVE_WITH_KNOTS('',4,(#1953,#1954,#1955,#1956,#1957),
  .UNSPECIFIED.,.F.,.F.,(5,5),(0.,1.),.PIECEWISE_BEZIER_KNOTS.);
#1953 = CARTESIAN_POINT('',(11.,-5.035898384862,-20.5));
#1954 = CARTESIAN_POINT('',(11.,-5.035898384862,-23.5));
#1955 = CARTESIAN_POINT('',(11.,-5.035898384862,-26.5));
#1956 = CARTESIAN_POINT('',(11.,-5.035898384862,-29.5));
#1957 = CARTESIAN_POINT('',(11.,-5.035898384862,-32.5));
#1958 = PCURVE('',#204,#1959);
#1959 = DEFINITIONAL_REPRESENTATION('',(#1960),#1966);
#1960 = B_SPLINE_CURVE_WITH_KNOTS('',4,(#1961,#1962,#1963,#1964,#1965),
  .UNSPECIFIED.,.F.,.F.,(5,5),(0.,1.),.PIECEWISE_BEZIER_KNOTS.);
#1961 = CARTESIAN_POINT('',(0.562069803006,-35.5));
#1962 = CARTESIAN_POINT('',(0.562069803006,-32.5));
#1963 = CARTESIAN_POINT('',(0.562069803006,-29.5));
#1964 = CARTESIAN_POINT('',(0.562069803006,-26.5));
#1965 = CARTESIAN_POINT('',(0.562069803006,-23.5));
#1966 = ( GEOMETRIC_REPRESENTATION_CONTEXT(2) 
PARAMETRIC_REPRESENTATION_CONTEXT() REPRESENTATION_CONTEXT('2D SPACE',''
  ) );
#1967 = PCURVE('',#1031,#1968);
#1968 = DEFINITIONAL_REPRESENTATION('',(#1969),#1975);
#1969 = B_SPLINE_CURVE_WITH_KNOTS('',4,(#1970,#1971,#1972,#1973,#1974),
  .UNSPECIFIED.,.F.,.F.,(5,5),(0.,1.),.PIECEWISE_BEZIER_KNOTS.);
#1970 = CARTESIAN_POINT('',(12.,-5.464101615138));
#1971 = CARTESIAN_POINT('',(9.,-5.464101615138));
#1972 = CARTESIAN_POINT('',(6.,-5.464101615138));
#1973 = CARTESIAN_POINT('',(3.,-5.464101615138));
#1974 = CARTESIAN_POINT('',(0.,-5.464101615138));
#1975 = ( GEOMETRIC_REPRESENTATION_CONTEXT(2) 
PARAMETRIC_REPRESENTATION_CONTEXT() REPRESENTATION_CONTEXT('2D SPACE',''
  ) );
#1976 = ORIENTED_EDGE('',*,*,#1977,.T.);
#1977 = EDGE_CURVE('',#1949,#1978,#1980,.T.);
#1978 = VERTEX_POINT('',#1979);
#1979 = CARTESIAN_POINT('',(13.,-8.5,-20.5));
#1980 = SURFACE_CURVE('',#1981,(#1996,#2014),.PCURVE_S1.);
#1981 = B_SPLINE_CURVE_WITH_KNOTS('',7,(#1982,#1983,#1984,#1985,#1986,
    #1987,#1988,#1989,#1990,#1991,#1992,#1993,#1994,#1995),
  .UNSPECIFIED.,.F.,.F.,(8,6,8),(0.,0.500077925399,1.),.UNSPECIFIED.);
#1982 = CARTESIAN_POINT('',(11.,-5.035898384862,-20.5));
#1983 = CARTESIAN_POINT('',(11.232223177348,-5.220250291549,-20.5));
#1984 = CARTESIAN_POINT('',(11.456472581038,-5.414258196298,-20.5));
#1985 = CARTESIAN_POINT('',(11.671648290732,-5.618648311382,-20.5));
#1986 = CARTESIAN_POINT('',(11.876092342748,-5.834035985848,-20.5));
#1987 = CARTESIAN_POINT('',(12.067624761341,-6.060889002958,-20.5));
#1988 = CARTESIAN_POINT('',(12.243608952086,-6.299467514134,-20.5));
#1989 = CARTESIAN_POINT('',(12.558434896792,-6.799935706361,-20.5));
#1990 = CARTESIAN_POINT('',(12.69746180047,-7.062093522173,-20.5));
#1991 = CARTESIAN_POINT('',(12.81459407959,-7.335485255676,-20.5));
#1992 = CARTESIAN_POINT('',(12.906134488635,-7.618712464925,-20.5));
#1993 = CARTESIAN_POINT('',(12.968728982345,-7.909566516535,-20.5));
#1994 = CARTESIAN_POINT('',(13.,-8.20485282758,-20.5));
#1995 = CARTESIAN_POINT('',(13.,-8.5,-20.5));
#1996 = PCURVE('',#204,#1997);
#1997 = DEFINITIONAL_REPRESENTATION('',(#1998),#2013);
#1998 = B_SPLINE_CURVE_WITH_KNOTS('',7,(#1999,#2000,#2001,#2002,#2003,
    #2004,#2005,#2006,#2007,#2008,#2009,#2010,#2011,#2012),
  .UNSPECIFIED.,.F.,.F.,(8,6,8),(0.,0.500077925399,1.),.UNSPECIFIED.);
#1999 = CARTESIAN_POINT('',(0.562069803006,-35.5));
#2000 = CARTESIAN_POINT('',(0.528551274517,-35.5));
#2001 = CARTESIAN_POINT('',(0.494102656886,-35.5));
#2002 = CARTESIAN_POINT('',(0.458612905835,-35.5));
#2003 = CARTESIAN_POINT('',(0.421993208946,-35.5));
#2004 = CARTESIAN_POINT('',(0.384172702996,-35.5));
#2005 = CARTESIAN_POINT('',(0.34509770935,-35.5));
#2006 = CARTESIAN_POINT('',(0.264383844767,-35.5));
#2007 = CARTESIAN_POINT('',(0.222701345933,-35.5));
#2008 = CARTESIAN_POINT('',(0.179768305957,-35.5));
#2009 = CARTESIAN_POINT('',(0.135735664285,-35.5));
#2010 = CARTESIAN_POINT('',(9.083590864105E-02,-35.5));
#2011 = CARTESIAN_POINT('',(4.540725729532E-02,-35.5));
#2012 = CARTESIAN_POINT('',(0.,-35.5));
#2013 = ( GEOMETRIC_REPRESENTATION_CONTEXT(2) 
PARAMETRIC_REPRESENTATION_CONTEXT() REPRESENTATION_CONTEXT('2D SPACE',''
  ) );
#2014 = PCURVE('',#1005,#2015);
#2015 = DEFINITIONAL_REPRESENTATION('',(#2016),#2031);
#2016 = B_SPLINE_CURVE_WITH_KNOTS('',7,(#2017,#2018,#2019,#2020,#2021,
    #2022,#2023,#2024,#2025,#2026,#2027,#2028,#2029,#2030),
  .UNSPECIFIED.,.F.,.F.,(8,6,8),(0.,0.500077925399,1.),.UNSPECIFIED.);
#2017 = CARTESIAN_POINT('',(0.,5.464101615138));
#2018 = CARTESIAN_POINT('',(0.232223177348,5.279749708451));
#2019 = CARTESIAN_POINT('',(0.456472581038,5.085741803702));
#2020 = CARTESIAN_POINT('',(0.671648290732,4.881351688618));
#2021 = CARTESIAN_POINT('',(0.876092342748,4.665964014152));
#2022 = CARTESIAN_POINT('',(1.067624761341,4.439110997042));
#2023 = CARTESIAN_POINT('',(1.243608952086,4.200532485866));
#2024 = CARTESIAN_POINT('',(1.558434896792,3.700064293639));
#2025 = CARTESIAN_POINT('',(1.69746180047,3.437906477827));
#2026 = CARTESIAN_POINT('',(1.81459407959,3.164514744324));
#2027 = CARTESIAN_POINT('',(1.906134488635,2.881287535075));
#2028 = CARTESIAN_POINT('',(1.968728982345,2.590433483465));
#2029 = CARTESIAN_POINT('',(2.,2.29514717242));
#2030 = CARTESIAN_POINT('',(2.,2.));
#2031 = ( GEOMETRIC_REPRESENTATION_CONTEXT(2) 
PARAMETRIC_REPRESENTATION_CONTEXT() REPRESENTATION_CONTEXT('2D SPACE',''
  ) );
#2032 = ORIENTED_EDGE('',*,*,#2033,.T.);
#2033 = EDGE_CURVE('',#1978,#2034,#2036,.T.);
#2034 = VERTEX_POINT('',#2035);
#2035 = CARTESIAN_POINT('',(13.,-8.5,0.));
#2036 = SURFACE_CURVE('',#2037,(#2041,#2048),.PCURVE_S1.);
#2037 = LINE('',#2038,#2039);
#2038 = CARTESIAN_POINT('',(13.,-8.5,-56.));
#2039 = VECTOR('',#2040,1.);
#2040 = DIRECTION('',(0.,0.,1.));
#2041 = PCURVE('',#204,#2042);
#2042 = DEFINITIONAL_REPRESENTATION('',(#2043),#2047);
#2043 = LINE('',#2044,#2045);
#2044 = CARTESIAN_POINT('',(0.,0.));
#2045 = VECTOR('',#2046,1.);
#2046 = DIRECTION('',(0.,-1.));
#2047 = ( GEOMETRIC_REPRESENTATION_CONTEXT(2) 
PARAMETRIC_REPRESENTATION_CONTEXT() REPRESENTATION_CONTEXT('2D SPACE',''
  ) );
#2048 = PCURVE('',#1386,#2049);
#2049 = DEFINITIONAL_REPRESENTATION('',(#2050),#2054);
#2050 = LINE('',#2051,#2052);
#2051 = CARTESIAN_POINT('',(-1.,29.));
#2052 = VECTOR('',#2053,1.);
#2053 = DIRECTION('',(1.,0.));
#2054 = ( GEOMETRIC_REPRESENTATION_CONTEXT(2) 
PARAMETRIC_REPRESENTATION_CONTEXT() REPRESENTATION_CONTEXT('2D SPACE',''
  ) );
#2055 = ORIENTED_EDGE('',*,*,#2056,.F.);
#2056 = EDGE_CURVE('',#2057,#2034,#2059,.T.);
#2057 = VERTEX_POINT('',#2058);
#2058 = CARTESIAN_POINT('',(-6.,-2.733718687646,0.));
#2059 = SURFACE_CURVE('',#2060,(#2147,#2237),.PCURVE_S1.);
#2060 = B_SPLINE_CURVE_WITH_KNOTS('',8,(#2061,#2062,#2063,#2064,#2065,
    #2066,#2067,#2068,#2069,#2070,#2071,#2072,#2073,#2074,#2075,#2076,
    #2077,#2078,#2079,#2080,#2081,#2082,#2083,#2084,#2085,#2086,#2087,
    #2088,#2089,#2090,#2091,#2092,#2093,#2094,#2095,#2096,#2097,#2098,
    #2099,#2100,#2101,#2102,#2103,#2104,#2105,#2106,#2107,#2108,#2109,
    #2110,#2111,#2112,#2113,#2114,#2115,#2116,#2117,#2118,#2119,#2120,
    #2121,#2122,#2123,#2124,#2125,#2126,#2127,#2128,#2129,#2130,#2131,
    #2132,#2133,#2134,#2135,#2136,#2137,#2138,#2139,#2140,#2141,#2142,
    #2143,#2144,#2145,#2146),.UNSPECIFIED.,.F.,.F.,(9,7,7,7,7,7,7,7,7,7,
    7,7,9),(0.,5.374880771645E-02,9.112073034297E-02,0.152941820613,
    0.216526601099,0.278364726071,0.500067405525,0.620398909915,
    0.735400734276,0.79812621389,0.861739132805,0.931833795465,1.),
  .UNSPECIFIED.);
#2061 = CARTESIAN_POINT('',(-13.,-8.5,0.));
#2062 = CARTESIAN_POINT('',(-13.,-8.289742478196,0.));
#2063 = CARTESIAN_POINT('',(-12.98445383947,-8.079404412437,0.));
#2064 = CARTESIAN_POINT('',(-12.95334252158,-7.870501054936,0.));
#2065 = CARTESIAN_POINT('',(-12.90716557753,-7.664278031495,0.));
#2066 = CARTESIAN_POINT('',(-12.84677530721,-7.461747636737,0.));
#2067 = CARTESIAN_POINT('',(-12.77324398314,-7.263718641145,0.));
#2068 = CARTESIAN_POINT('',(-12.68776401787,-7.070819609886,0.));
#2069 = CARTESIAN_POINT('',(-12.52470443421,-6.753282035679,0.));
#2070 = CARTESIAN_POINT('',(-12.45261975035,-6.625688323482,0.));
#2071 = CARTESIAN_POINT('',(-12.37570325439,-6.500831437798,0.));
#2072 = CARTESIAN_POINT('',(-12.29432405529,-6.378768492034,0.));
#2073 = CARTESIAN_POINT('',(-12.20883414653,-6.25952341939,0.));
#2074 = CARTESIAN_POINT('',(-12.11956043021,-6.143092239755,0.));
#2075 = CARTESIAN_POINT('',(-12.02679877875,-6.029447046175,0.));
#2076 = CARTESIAN_POINT('',(-11.77202454669,-5.735072789764,0.));
#2077 = CARTESIAN_POINT('',(-11.60446237172,-5.559158115065,0.));
#2078 = CARTESIAN_POINT('',(-11.42927769781,-5.390522711359,0.));
#2079 = CARTESIAN_POINT('',(-11.24747194143,-5.228889869907,0.));
#2080 = CARTESIAN_POINT('',(-11.05990082255,-5.07397160345,0.));
#2081 = CARTESIAN_POINT('',(-10.86727737547,-4.925466133671,0.));
#2082 = CARTESIAN_POINT('',(-10.67017099446,-4.783059411313,0.));
#2083 = CARTESIAN_POINT('',(-10.26209491039,-4.505904053312,0.));
#2084 = CARTESIAN_POINT('',(-10.05095590121,-4.371534100983,0.));
#2085 = CARTESIAN_POINT('',(-9.836090869725,-4.24299406255,0.));
#2086 = CARTESIAN_POINT('',(-9.617933200957,-4.120000299821,0.));
#2087 = CARTESIAN_POINT('',(-9.396852618113,-4.002298448049,0.));
#2088 = CARTESIAN_POINT('',(-9.173160723934,-3.889654194508,0.));
#2089 = CARTESIAN_POINT('',(-8.947113747286,-3.781848673415,0.));
#2090 = CARTESIAN_POINT('',(-8.496979865015,-3.578342336408,0.));
#2091 = CARTESIAN_POINT('',(-8.273031463194,-3.482400035619,0.));
#2092 = CARTESIAN_POINT('',(-8.047266694442,-3.390668932243,0.));
#2093 = CARTESIAN_POINT('',(-7.819861636961,-3.302988589456,0.));
#2094 = CARTESIAN_POINT('',(-7.590971162175,-3.219215572642,0.));
#2095 = CARTESIAN_POINT('',(-7.360730448627,-3.139219728878,0.));
#2096 = CARTESIAN_POINT('',(-7.129255889815,-3.062881949458,0.));
#2097 = CARTESIAN_POINT('',(-6.062687869398,-2.729131217271,0.));
#2098 = CARTESIAN_POINT('',(-5.214668889636,-2.513957371639,0.));
#2099 = CARTESIAN_POINT('',(-4.356527972485,-2.33926799148,0.));
#2100 = CARTESIAN_POINT('',(-3.4912820162,-2.202254260495,0.));
#2101 = CARTESIAN_POINT('',(-2.621389566928,-2.100799800326,0.));
#2102 = CARTESIAN_POINT('',(-1.748721921849,-2.033627540506,0.));
#2103 = CARTESIAN_POINT('',(-0.874648715103,-2.,0.));
#2104 = CARTESIAN_POINT('',(0.474724960292,-2.,0.));
#2105 = CARTESIAN_POINT('',(0.949433258612,-2.009906182519,0.));
#2106 = CARTESIAN_POINT('',(1.423902213134,-2.029716978319,0.));
#2107 = CARTESIAN_POINT('',(1.897889362681,-2.059490192211,0.));
#2108 = CARTESIAN_POINT('',(2.371132668511,-2.099337977923,0.));
#2109 = CARTESIAN_POINT('',(2.843350018192,-2.149429372092,0.));
#2110 = CARTESIAN_POINT('',(3.314238031559,-2.210000387406,0.));
#2111 = CARTESIAN_POINT('',(4.231919243686,-2.34958179119,0.));
#2112 = CARTESIAN_POINT('',(4.678800421242,-2.427648244187,0.));
#2113 = CARTESIAN_POINT('',(5.123859734886,-2.515852203174,0.));
#2114 = CARTESIAN_POINT('',(5.566762540518,-2.61453949178,0.));
#2115 = CARTESIAN_POINT('',(6.007090377225,-2.724129829516,0.));
#2116 = CARTESIAN_POINT('',(6.444338347498,-2.845125792983,0.));
#2117 = CARTESIAN_POINT('',(6.877907151773,-2.978142154657,0.));
#2118 = CARTESIAN_POINT('',(7.541169921398,-3.203518611044,0.));
#2119 = CARTESIAN_POINT('',(7.773931524052,-3.286868186541,0.));
#2120 = CARTESIAN_POINT('',(8.005252545085,-3.374152971137,0.));
#2121 = CARTESIAN_POINT('',(8.234992678645,-3.465512848472,0.));
#2122 = CARTESIAN_POINT('',(8.462987152602,-3.561100389233,0.));
#2123 = CARTESIAN_POINT('',(8.689045491341,-3.661083656848,0.));
#2124 = CARTESIAN_POINT('',(8.91294937675,-3.765651038025,0.));
#2125 = CARTESIAN_POINT('',(9.359083620512,-3.985932482052,0.));
#2126 = CARTESIAN_POINT('',(9.581215177624,-4.101768589322,0.));
#2127 = CARTESIAN_POINT('',(9.800605704151,-4.22275840746,0.));
#2128 = CARTESIAN_POINT('',(10.016945204139,-4.349149005649,0.));
#2129 = CARTESIAN_POINT('',(10.22985280939,-4.481201775319,0.));
#2130 = CARTESIAN_POINT('',(10.438873600528,-4.619197239572,0.));
#2131 = CARTESIAN_POINT('',(10.643471699993,-4.763445431425,0.));
#2132 = CARTESIAN_POINT('',(11.062900214145,-5.080529539839,0.));
#2133 = CARTESIAN_POINT('',(11.276518645578,-5.254682225011,0.));
#2134 = CARTESIAN_POINT('',(11.483151075754,-5.437299280854,0.));
#2135 = CARTESIAN_POINT('',(11.681738045426,-5.628866002559,0.));
#2136 = CARTESIAN_POINT('',(11.870900586061,-5.829796822003,0.));
#2137 = CARTESIAN_POINT('',(12.048961222117,-6.040414482108,0.));
#2138 = CARTESIAN_POINT('',(12.213969881165,-6.260925159659,0.));
#2139 = CARTESIAN_POINT('',(12.509379183075,-6.715513332268,0.));
#2140 = CARTESIAN_POINT('',(12.640752258109,-6.949273993606,0.));
#2141 = CARTESIAN_POINT('',(12.755452166185,-7.192240099424,0.));
#2142 = CARTESIAN_POINT('',(12.850951246607,-7.443607699143,0.));
#2143 = CARTESIAN_POINT('',(12.924814276287,-7.702138384781,0.));
#2144 = CARTESIAN_POINT('',(12.974948894346,-7.966087653028,0.));
#2145 = CARTESIAN_POINT('',(13.,-8.233094101092,0.));
#2146 = CARTESIAN_POINT('',(13.,-8.5,0.));
#2147 = PCURVE('',#204,#2148);
#2148 = DEFINITIONAL_REPRESENTATION('',(#2149),#2236);
#2149 = B_SPLINE_CURVE_WITH_KNOTS('',8,(#2150,#2151,#2152,#2153,#2154,
    #2155,#2156,#2157,#2158,#2159,#2160,#2161,#2162,#2163,#2164,#2165,
    #2166,#2167,#2168,#2169,#2170,#2171,#2172,#2173,#2174,#2175,#2176,
    #2177,#2178,#2179,#2180,#2181,#2182,#2183,#2184,#2185,#2186,#2187,
    #2188,#2189,#2190,#2191,#2192,#2193,#2194,#2195,#2196,#2197,#2198,
    #2199,#2200,#2201,#2202,#2203,#2204,#2205,#2206,#2207,#2208,#2209,
    #2210,#2211,#2212,#2213,#2214,#2215,#2216,#2217,#2218,#2219,#2220,
    #2221,#2222,#2223,#2224,#2225,#2226,#2227,#2228,#2229,#2230,#2231,
    #2232,#2233,#2234,#2235),.UNSPECIFIED.,.F.,.F.,(9,7,7,7,7,7,7,7,7,7,
    7,7,9),(0.,5.374880771645E-02,9.112073034297E-02,0.152941820613,
    0.216526601099,0.278364726071,0.500067405525,0.620398909915,
    0.735400734276,0.79812621389,0.861739132805,0.931833795465,1.),
  .UNSPECIFIED.);
#2150 = CARTESIAN_POINT('',(3.14159265359,-56.));
#2151 = CARTESIAN_POINT('',(3.109245342543,-56.));
#2152 = CARTESIAN_POINT('',(3.076885673439,-56.));
#2153 = CARTESIAN_POINT('',(3.044695031698,-56.));
#2154 = CARTESIAN_POINT('',(3.012813576011,-56.));
#2155 = CARTESIAN_POINT('',(2.98135124337,-56.));
#2156 = CARTESIAN_POINT('',(2.950395507935,-56.));
#2157 = CARTESIAN_POINT('',(2.92001589375,-56.));
#2158 = CARTESIAN_POINT('',(2.869579404191,-56.));
#2159 = CARTESIAN_POINT('',(2.849187331177,-56.));
#2160 = CARTESIAN_POINT('',(2.829097152544,-56.));
#2161 = CARTESIAN_POINT('',(2.809312577473,-56.));
#2162 = CARTESIAN_POINT('',(2.789833653651,-56.));
#2163 = CARTESIAN_POINT('',(2.770657288056,-56.));
#2164 = CARTESIAN_POINT('',(2.751777528879,-56.));
#2165 = CARTESIAN_POINT('',(2.702430627352,-56.));
#2166 = CARTESIAN_POINT('',(2.672473696781,-56.));
#2167 = CARTESIAN_POINT('',(2.643267389918,-56.));
#2168 = CARTESIAN_POINT('',(2.614768479977,-56.));
#2169 = CARTESIAN_POINT('',(2.58693511672,-56.));
#2170 = CARTESIAN_POINT('',(2.559724709281,-56.));
#2171 = CARTESIAN_POINT('',(2.53309251547,-56.));
#2172 = CARTESIAN_POINT('',(2.480144709292,-56.));
#2173 = CARTESIAN_POINT('',(2.453868272945,-56.));
#2174 = CARTESIAN_POINT('',(2.428114749869,-56.));
#2175 = CARTESIAN_POINT('',(2.402844462286,-56.));
#2176 = CARTESIAN_POINT('',(2.378022345285,-56.));
#2177 = CARTESIAN_POINT('',(2.353616065753,-56.));
#2178 = CARTESIAN_POINT('',(2.329594848234,-56.));
#2179 = CARTESIAN_POINT('',(2.282913261024,-56.));
#2180 = CARTESIAN_POINT('',(2.26023586485,-56.));
#2181 = CARTESIAN_POINT('',(2.237870784247,-56.));
#2182 = CARTESIAN_POINT('',(2.215795206491,-56.));
#2183 = CARTESIAN_POINT('',(2.193988636498,-56.));
#2184 = CARTESIAN_POINT('',(2.172432207545,-56.));
#2185 = CARTESIAN_POINT('',(2.151108207294,-56.));
#2186 = CARTESIAN_POINT('',(2.054321809553,-56.));
#2187 = CARTESIAN_POINT('',(1.981463923545,-56.));
#2188 = CARTESIAN_POINT('',(1.910590536995,-56.));
#2189 = CARTESIAN_POINT('',(1.841211778086,-56.));
#2190 = CARTESIAN_POINT('',(1.77290514951,-56.));
#2191 = CARTESIAN_POINT('',(1.705313529773,-56.));
#2192 = CARTESIAN_POINT('',(1.638076997187,-56.));
#2193 = CARTESIAN_POINT('',(1.534279022157,-56.));
#2194 = CARTESIAN_POINT('',(1.497762975071,-56.));
#2195 = CARTESIAN_POINT('',(1.461191219972,-56.));
#2196 = CARTESIAN_POINT('',(1.42450804832,-56.));
#2197 = CARTESIAN_POINT('',(1.387657417094,-56.));
#2198 = CARTESIAN_POINT('',(1.35058081158,-56.));
#2199 = CARTESIAN_POINT('',(1.313214562486,-56.));
#2200 = CARTESIAN_POINT('',(1.239429704904,-56.));
#2201 = CARTESIAN_POINT('',(1.203046872379,-56.));
#2202 = CARTESIAN_POINT('',(1.16627273813,-56.));
#2203 = CARTESIAN_POINT('',(1.129039716473,-56.));
#2204 = CARTESIAN_POINT('',(1.091274721789,-56.));
#2205 = CARTESIAN_POINT('',(1.05289638546,-56.));
#2206 = CARTESIAN_POINT('',(1.013809539733,-56.));
#2207 = CARTESIAN_POINT('',(0.952122426488,-56.));
#2208 = CARTESIAN_POINT('',(0.930106159416,-56.));
#2209 = CARTESIAN_POINT('',(0.907825538288,-56.));
#2210 = CARTESIAN_POINT('',(0.885260155213,-56.));
#2211 = CARTESIAN_POINT('',(0.86238826852,-56.));
#2212 = CARTESIAN_POINT('',(0.839186196413,-56.));
#2213 = CARTESIAN_POINT('',(0.815627413288,-56.));
#2214 = CARTESIAN_POINT('',(0.767396495499,-56.));
#2215 = CARTESIAN_POINT('',(0.742716560033,-56.));
#2216 = CARTESIAN_POINT('',(0.7176077523,-56.));
#2217 = CARTESIAN_POINT('',(0.692035441274,-56.));
#2218 = CARTESIAN_POINT('',(0.665963644049,-56.));
#2219 = CARTESIAN_POINT('',(0.639353648327,-56.));
#2220 = CARTESIAN_POINT('',(0.612161768251,-56.));
#2221 = CARTESIAN_POINT('',(0.553675457421,-56.));
#2222 = CARTESIAN_POINT('',(0.52226348562,-56.));
#2223 = CARTESIAN_POINT('',(0.490017869462,-56.));
#2224 = CARTESIAN_POINT('',(0.456868373723,-56.));
#2225 = CARTESIAN_POINT('',(0.422755017544,-56.));
#2226 = CARTESIAN_POINT('',(0.38762663723,-56.));
#2227 = CARTESIAN_POINT('',(0.351439970951,-56.));
#2228 = CARTESIAN_POINT('',(0.277904233861,-56.));
#2229 = CARTESIAN_POINT('',(0.240578392889,-56.));
#2230 = CARTESIAN_POINT('',(0.202229445239,-56.));
#2231 = CARTESIAN_POINT('',(0.162944190787,-56.));
#2232 = CARTESIAN_POINT('',(0.122853482401,-56.));
#2233 = CARTESIAN_POINT('',(8.214034875907E-02,-56.));
#2234 = CARTESIAN_POINT('',(4.106244598586E-02,-56.));
#2235 = CARTESIAN_POINT('',(0.,-56.));
#2236 = ( GEOMETRIC_REPRESENTATION_CONTEXT(2) 
PARAMETRIC_REPRESENTATION_CONTEXT() REPRESENTATION_CONTEXT('2D SPACE',''
  ) );
#2237 = PCURVE('',#686,#2238);
#2238 = DEFINITIONAL_REPRESENTATION('',(#2239),#2326);
#2239 = B_SPLINE_CURVE_WITH_KNOTS('',8,(#2240,#2241,#2242,#2243,#2244,
    #2245,#2246,#2247,#2248,#2249,#2250,#2251,#2252,#2253,#2254,#2255,
    #2256,#2257,#2258,#2259,#2260,#2261,#2262,#2263,#2264,#2265,#2266,
    #2267,#2268,#2269,#2270,#2271,#2272,#2273,#2274,#2275,#2276,#2277,
    #2278,#2279,#2280,#2281,#2282,#2283,#2284,#2285,#2286,#2287,#2288,
    #2289,#2290,#2291,#2292,#2293,#2294,#2295,#2296,#2297,#2298,#2299,
    #2300,#2301,#2302,#2303,#2304,#2305,#2306,#2307,#2308,#2309,#2310,
    #2311,#2312,#2313,#2314,#2315,#2316,#2317,#2318,#2319,#2320,#2321,
    #2322,#2323,#2324,#2325),.UNSPECIFIED.,.F.,.F.,(9,7,7,7,7,7,7,7,7,7,
    7,7,9),(0.,5.374880771645E-02,9.112073034297E-02,0.152941820613,
    0.216526601099,0.278364726071,0.500067405525,0.620398909915,
    0.735400734276,0.79812621389,0.861739132805,0.931833795465,1.),
  .UNSPECIFIED.);
#2240 = CARTESIAN_POINT('',(3.,0.));
#2241 = CARTESIAN_POINT('',(3.,0.210257521804));
#2242 = CARTESIAN_POINT('',(3.015546160523,0.420595587563));
#2243 = CARTESIAN_POINT('',(3.046657478415,0.629498945064));
#2244 = CARTESIAN_POINT('',(3.092834422463,0.835721968505));
#2245 = CARTESIAN_POINT('',(3.153224692785,1.038252363263));
#2246 = CARTESIAN_POINT('',(3.226756016852,1.236281358855));
#2247 = CARTESIAN_POINT('',(3.312235982124,1.429180390114));
#2248 = CARTESIAN_POINT('',(3.47529556579,1.746717964321));
#2249 = CARTESIAN_POINT('',(3.547380249643,1.874311676518));
#2250 = CARTESIAN_POINT('',(3.62429674561,1.999168562202));
#2251 = CARTESIAN_POINT('',(3.705675944705,2.121231507966));
#2252 = CARTESIAN_POINT('',(3.791165853469,2.24047658061));
#2253 = CARTESIAN_POINT('',(3.880439569782,2.356907760245));
#2254 = CARTESIAN_POINT('',(3.973201221244,2.470552953825));
#2255 = CARTESIAN_POINT('',(4.227975453308,2.764927210236));
#2256 = CARTESIAN_POINT('',(4.395537628279,2.940841884935));
#2257 = CARTESIAN_POINT('',(4.570722302182,3.109477288641));
#2258 = CARTESIAN_POINT('',(4.752528058566,3.271110130093));
#2259 = CARTESIAN_POINT('',(4.940099177448,3.42602839655));
#2260 = CARTESIAN_POINT('',(5.132722624526,3.574533866329));
#2261 = CARTESIAN_POINT('',(5.329829005538,3.716940588687));
#2262 = CARTESIAN_POINT('',(5.737905089605,3.994095946688));
#2263 = CARTESIAN_POINT('',(5.949044098784,4.128465899017));
#2264 = CARTESIAN_POINT('',(6.163909130275,4.25700593745));
#2265 = CARTESIAN_POINT('',(6.382066799043,4.379999700179));
#2266 = CARTESIAN_POINT('',(6.603147381887,4.497701551951));
#2267 = CARTESIAN_POINT('',(6.826839276066,4.610345805492));
#2268 = CARTESIAN_POINT('',(7.052886252714,4.718151326585));
#2269 = CARTESIAN_POINT('',(7.503020134985,4.921657663592));
#2270 = CARTESIAN_POINT('',(7.726968536806,5.017599964381));
#2271 = CARTESIAN_POINT('',(7.952733305558,5.109331067757));
#2272 = CARTESIAN_POINT('',(8.180138363039,5.197011410544));
#2273 = CARTESIAN_POINT('',(8.409028837825,5.280784427358));
#2274 = CARTESIAN_POINT('',(8.639269551373,5.360780271122));
#2275 = CARTESIAN_POINT('',(8.870744110185,5.437118050542));
#2276 = CARTESIAN_POINT('',(9.937312130602,5.770868782729));
#2277 = CARTESIAN_POINT('',(10.785331110364,5.986042628361));
#2278 = CARTESIAN_POINT('',(11.643472027515,6.16073200852));
#2279 = CARTESIAN_POINT('',(12.5087179838,6.297745739505));
#2280 = CARTESIAN_POINT('',(13.378610433072,6.399200199674));
#2281 = CARTESIAN_POINT('',(14.251278078151,6.466372459494));
#2282 = CARTESIAN_POINT('',(15.125351284897,6.5));
#2283 = CARTESIAN_POINT('',(16.474724960292,6.5));
#2284 = CARTESIAN_POINT('',(16.949433258612,6.490093817481));
#2285 = CARTESIAN_POINT('',(17.423902213134,6.470283021681));
#2286 = CARTESIAN_POINT('',(17.897889362681,6.440509807789));
#2287 = CARTESIAN_POINT('',(18.371132668511,6.400662022077));
#2288 = CARTESIAN_POINT('',(18.843350018192,6.350570627908));
#2289 = CARTESIAN_POINT('',(19.314238031559,6.289999612594));
#2290 = CARTESIAN_POINT('',(20.231919243686,6.15041820881));
#2291 = CARTESIAN_POINT('',(20.678800421242,6.072351755813));
#2292 = CARTESIAN_POINT('',(21.123859734886,5.984147796826));
#2293 = CARTESIAN_POINT('',(21.566762540518,5.88546050822));
#2294 = CARTESIAN_POINT('',(22.007090377225,5.775870170484));
#2295 = CARTESIAN_POINT('',(22.444338347498,5.654874207017));
#2296 = CARTESIAN_POINT('',(22.877907151773,5.521857845343));
#2297 = CARTESIAN_POINT('',(23.541169921398,5.296481388956));
#2298 = CARTESIAN_POINT('',(23.773931524052,5.213131813459));
#2299 = CARTESIAN_POINT('',(24.005252545085,5.125847028863));
#2300 = CARTESIAN_POINT('',(24.234992678645,5.034487151528));
#2301 = CARTESIAN_POINT('',(24.462987152602,4.938899610767));
#2302 = CARTESIAN_POINT('',(24.689045491341,4.838916343152));
#2303 = CARTESIAN_POINT('',(24.91294937675,4.734348961975));
#2304 = CARTESIAN_POINT('',(25.359083620512,4.514067517948));
#2305 = CARTESIAN_POINT('',(25.581215177624,4.398231410678));
#2306 = CARTESIAN_POINT('',(25.800605704151,4.27724159254));
#2307 = CARTESIAN_POINT('',(26.016945204139,4.150850994351));
#2308 = CARTESIAN_POINT('',(26.22985280939,4.018798224681));
#2309 = CARTESIAN_POINT('',(26.438873600528,3.880802760428));
#2310 = CARTESIAN_POINT('',(26.643471699993,3.736554568575));
#2311 = CARTESIAN_POINT('',(27.062900214145,3.419470460161));
#2312 = CARTESIAN_POINT('',(27.276518645578,3.245317774989));
#2313 = CARTESIAN_POINT('',(27.483151075754,3.062700719146));
#2314 = CARTESIAN_POINT('',(27.681738045426,2.871133997441));
#2315 = CARTESIAN_POINT('',(27.870900586061,2.670203177997));
#2316 = CARTESIAN_POINT('',(28.048961222117,2.459585517892));
#2317 = CARTESIAN_POINT('',(28.213969881165,2.239074840341));
#2318 = CARTESIAN_POINT('',(28.509379183075,1.784486667732));
#2319 = CARTESIAN_POINT('',(28.640752258109,1.550726006394));
#2320 = CARTESIAN_POINT('',(28.755452166185,1.307759900576));
#2321 = CARTESIAN_POINT('',(28.850951246607,1.056392300857));
#2322 = CARTESIAN_POINT('',(28.924814276287,0.797861615219));
#2323 = CARTESIAN_POINT('',(28.974948894346,0.533912346972));
#2324 = CARTESIAN_POINT('',(29.,0.266905898908));
#2325 = CARTESIAN_POINT('',(29.,0.));
#2326 = ( GEOMETRIC_REPRESENTATION_CONTEXT(2) 
PARAMETRIC_REPRESENTATION_CONTEXT() REPRESENTATION_CONTEXT('2D SPACE',''
  ) );
#2327 = ORIENTED_EDGE('',*,*,#2328,.T.);
#2328 = EDGE_CURVE('',#2057,#437,#2329,.T.);
#2329 = SURFACE_CURVE('',#2330,(#2336,#2345),.PCURVE_S1.);
#2330 = B_SPLINE_CURVE_WITH_KNOTS('',4,(#2331,#2332,#2333,#2334,#2335),
  .UNSPECIFIED.,.F.,.F.,(5,5),(0.,1.),.PIECEWISE_BEZIER_KNOTS.);
#2331 = CARTESIAN_POINT('',(-6.,-2.733718702665,5.999999999062E-07));
#2332 = CARTESIAN_POINT('',(-6.,-2.733718702665,-4.74999955));
#2333 = CARTESIAN_POINT('',(-6.,-2.733718702665,-9.4999997));
#2334 = CARTESIAN_POINT('',(-6.,-2.733718702665,-14.24999985));
#2335 = CARTESIAN_POINT('',(-6.,-2.733718702665,-19.));
#2336 = PCURVE('',#204,#2337);
#2337 = DEFINITIONAL_REPRESENTATION('',(#2338),#2344);
#2338 = B_SPLINE_CURVE_WITH_KNOTS('',4,(#2339,#2340,#2341,#2342,#2343),
  .UNSPECIFIED.,.F.,.F.,(5,5),(0.,1.),.PIECEWISE_BEZIER_KNOTS.);
#2339 = CARTESIAN_POINT('',(2.050524964471,-56.0000006));
#2340 = CARTESIAN_POINT('',(2.050524964471,-51.25000045));
#2341 = CARTESIAN_POINT('',(2.050524964471,-46.5000003));
#2342 = CARTESIAN_POINT('',(2.050524964471,-41.75000015));
#2343 = CARTESIAN_POINT('',(2.050524964471,-37.));
#2344 = ( GEOMETRIC_REPRESENTATION_CONTEXT(2) 
PARAMETRIC_REPRESENTATION_CONTEXT() REPRESENTATION_CONTEXT('2D SPACE',''
  ) );
#2345 = PCURVE('',#454,#2346);
#2346 = DEFINITIONAL_REPRESENTATION('',(#2347),#2353);
#2347 = B_SPLINE_CURVE_WITH_KNOTS('',4,(#2348,#2349,#2350,#2351,#2352),
  .UNSPECIFIED.,.F.,.F.,(5,5),(0.,1.),.PIECEWISE_BEZIER_KNOTS.);
#2348 = CARTESIAN_POINT('',(19.0000006,-7.766281297335));
#2349 = CARTESIAN_POINT('',(14.25000045,-7.766281297335));
#2350 = CARTESIAN_POINT('',(9.5000003,-7.766281297335));
#2351 = CARTESIAN_POINT('',(4.75000015,-7.766281297335));
#2352 = CARTESIAN_POINT('',(0.,-7.766281297335));
#2353 = ( GEOMETRIC_REPRESENTATION_CONTEXT(2) 
PARAMETRIC_REPRESENTATION_CONTEXT() REPRESENTATION_CONTEXT('2D SPACE',''
  ) );
#2354 = ADVANCED_FACE('',(#2355),#395,.T.);
#2355 = FACE_BOUND('',#2356,.T.);
#2356 = EDGE_LOOP('',(#2357,#2378,#2379,#2380,#2401));
#2357 = ORIENTED_EDGE('',*,*,#2358,.F.);
#2358 = EDGE_CURVE('',#355,#724,#2359,.T.);
#2359 = SURFACE_CURVE('',#2360,(#2364,#2371),.PCURVE_S1.);
#2360 = LINE('',#2361,#2362);
#2361 = CARTESIAN_POINT('',(-14.,-10.5,-52.5));
#2362 = VECTOR('',#2363,1.);
#2363 = DIRECTION('',(-0.,1.,0.));
#2364 = PCURVE('',#395,#2365);
#2365 = DEFINITIONAL_REPRESENTATION('',(#2366),#2370);
#2366 = LINE('',#2367,#2368);
#2367 = CARTESIAN_POINT('',(0.,0.));
#2368 = VECTOR('',#2369,1.);
#2369 = DIRECTION('',(0.,1.));
#2370 = ( GEOMETRIC_REPRESENTATION_CONTEXT(2) 
PARAMETRIC_REPRESENTATION_CONTEXT() REPRESENTATION_CONTEXT('2D SPACE',''
  ) );
#2371 = PCURVE('',#369,#2372);
#2372 = DEFINITIONAL_REPRESENTATION('',(#2373),#2377);
#2373 = LINE('',#2374,#2375);
#2374 = CARTESIAN_POINT('',(0.,0.));
#2375 = VECTOR('',#2376,1.);
#2376 = DIRECTION('',(0.,-1.));
#2377 = ( GEOMETRIC_REPRESENTATION_CONTEXT(2) 
PARAMETRIC_REPRESENTATION_CONTEXT() REPRESENTATION_CONTEXT('2D SPACE',''
  ) );
#2378 = ORIENTED_EDGE('',*,*,#380,.T.);
#2379 = ORIENTED_EDGE('',*,*,#1649,.T.);
#2380 = ORIENTED_EDGE('',*,*,#2381,.T.);
#2381 = EDGE_CURVE('',#1621,#745,#2382,.T.);
#2382 = SURFACE_CURVE('',#2383,(#2387,#2394),.PCURVE_S1.);
#2383 = LINE('',#2384,#2385);
#2384 = CARTESIAN_POINT('',(-11.,-10.5,-52.5));
#2385 = VECTOR('',#2386,1.);
#2386 = DIRECTION('',(-0.,1.,0.));
#2387 = PCURVE('',#395,#2388);
#2388 = DEFINITIONAL_REPRESENTATION('',(#2389),#2393);
#2389 = LINE('',#2390,#2391);
#2390 = CARTESIAN_POINT('',(3.,0.));
#2391 = VECTOR('',#2392,1.);
#2392 = DIRECTION('',(0.,1.));
#2393 = ( GEOMETRIC_REPRESENTATION_CONTEXT(2) 
PARAMETRIC_REPRESENTATION_CONTEXT() REPRESENTATION_CONTEXT('2D SPACE',''
  ) );
#2394 = PCURVE('',#778,#2395);
#2395 = DEFINITIONAL_REPRESENTATION('',(#2396),#2400);
#2396 = LINE('',#2397,#2398);
#2397 = CARTESIAN_POINT('',(0.,0.));
#2398 = VECTOR('',#2399,1.);
#2399 = DIRECTION('',(0.,-1.));
#2400 = ( GEOMETRIC_REPRESENTATION_CONTEXT(2) 
PARAMETRIC_REPRESENTATION_CONTEXT() REPRESENTATION_CONTEXT('2D SPACE',''
  ) );
#2401 = ORIENTED_EDGE('',*,*,#744,.F.);
#2402 = ADVANCED_FACE('',(#2403),#369,.T.);
#2403 = FACE_BOUND('',#2404,.T.);
#2404 = EDGE_LOOP('',(#2405,#2426,#2427,#2428));
#2405 = ORIENTED_EDGE('',*,*,#2406,.F.);
#2406 = EDGE_CURVE('',#329,#701,#2407,.T.);
#2407 = SURFACE_CURVE('',#2408,(#2412,#2419),.PCURVE_S1.);
#2408 = LINE('',#2409,#2410);
#2409 = CARTESIAN_POINT('',(-14.,-10.5,-40.5));
#2410 = VECTOR('',#2411,1.);
#2411 = DIRECTION('',(-0.,1.,0.));
#2412 = PCURVE('',#369,#2413);
#2413 = DEFINITIONAL_REPRESENTATION('',(#2414),#2418);
#2414 = LINE('',#2415,#2416);
#2415 = CARTESIAN_POINT('',(12.,0.));
#2416 = VECTOR('',#2417,1.);
#2417 = DIRECTION('',(0.,-1.));
#2418 = ( GEOMETRIC_REPRESENTATION_CONTEXT(2) 
PARAMETRIC_REPRESENTATION_CONTEXT() REPRESENTATION_CONTEXT('2D SPACE',''
  ) );
#2419 = PCURVE('',#343,#2420);
#2420 = DEFINITIONAL_REPRESENTATION('',(#2421),#2425);
#2421 = LINE('',#2422,#2423);
#2422 = CARTESIAN_POINT('',(0.,0.));
#2423 = VECTOR('',#2424,1.);
#2424 = DIRECTION('',(0.,1.));
#2425 = ( GEOMETRIC_REPRESENTATION_CONTEXT(2) 
PARAMETRIC_REPRESENTATION_CONTEXT() REPRESENTATION_CONTEXT('2D SPACE',''
  ) );
#2426 = ORIENTED_EDGE('',*,*,#354,.T.);
#2427 = ORIENTED_EDGE('',*,*,#2358,.T.);
#2428 = ORIENTED_EDGE('',*,*,#723,.F.);
#2429 = ADVANCED_FACE('',(#2430),#343,.F.);
#2430 = FACE_BOUND('',#2431,.F.);
#2431 = EDGE_LOOP('',(#2432,#2433,#2434,#2435,#2456));
#2432 = ORIENTED_EDGE('',*,*,#2406,.F.);
#2433 = ORIENTED_EDGE('',*,*,#328,.T.);
#2434 = ORIENTED_EDGE('',*,*,#1564,.T.);
#2435 = ORIENTED_EDGE('',*,*,#2436,.T.);
#2436 = EDGE_CURVE('',#1565,#703,#2437,.T.);
#2437 = SURFACE_CURVE('',#2438,(#2442,#2449),.PCURVE_S1.);
#2438 = LINE('',#2439,#2440);
#2439 = CARTESIAN_POINT('',(-11.,-10.5,-40.5));
#2440 = VECTOR('',#2441,1.);
#2441 = DIRECTION('',(-0.,1.,0.));
#2442 = PCURVE('',#343,#2443);
#2443 = DEFINITIONAL_REPRESENTATION('',(#2444),#2448);
#2444 = LINE('',#2445,#2446);
#2445 = CARTESIAN_POINT('',(3.,0.));
#2446 = VECTOR('',#2447,1.);
#2447 = DIRECTION('',(0.,1.));
#2448 = ( GEOMETRIC_REPRESENTATION_CONTEXT(2) 
PARAMETRIC_REPRESENTATION_CONTEXT() REPRESENTATION_CONTEXT('2D SPACE',''
  ) );
#2449 = PCURVE('',#778,#2450);
#2450 = DEFINITIONAL_REPRESENTATION('',(#2451),#2455);
#2451 = LINE('',#2452,#2453);
#2452 = CARTESIAN_POINT('',(12.,0.));
#2453 = VECTOR('',#2454,1.);
#2454 = DIRECTION('',(0.,-1.));
#2455 = ( GEOMETRIC_REPRESENTATION_CONTEXT(2) 
PARAMETRIC_REPRESENTATION_CONTEXT() REPRESENTATION_CONTEXT('2D SPACE',''
  ) );
#2456 = ORIENTED_EDGE('',*,*,#700,.F.);
#2457 = ADVANCED_FACE('',(#2458),#288,.T.);
#2458 = FACE_BOUND('',#2459,.T.);
#2459 = EDGE_LOOP('',(#2460,#2481,#2482,#2483,#2504));
#2460 = ORIENTED_EDGE('',*,*,#2461,.F.);
#2461 = EDGE_CURVE('',#248,#815,#2462,.T.);
#2462 = SURFACE_CURVE('',#2463,(#2467,#2474),.PCURVE_S1.);
#2463 = LINE('',#2464,#2465);
#2464 = CARTESIAN_POINT('',(-14.,-10.5,-32.5));
#2465 = VECTOR('',#2466,1.);
#2466 = DIRECTION('',(-0.,1.,0.));
#2467 = PCURVE('',#288,#2468);
#2468 = DEFINITIONAL_REPRESENTATION('',(#2469),#2473);
#2469 = LINE('',#2470,#2471);
#2470 = CARTESIAN_POINT('',(0.,0.));
#2471 = VECTOR('',#2472,1.);
#2472 = DIRECTION('',(0.,1.));
#2473 = ( GEOMETRIC_REPRESENTATION_CONTEXT(2) 
PARAMETRIC_REPRESENTATION_CONTEXT() REPRESENTATION_CONTEXT('2D SPACE',''
  ) );
#2474 = PCURVE('',#262,#2475);
#2475 = DEFINITIONAL_REPRESENTATION('',(#2476),#2480);
#2476 = LINE('',#2477,#2478);
#2477 = CARTESIAN_POINT('',(0.,0.));
#2478 = VECTOR('',#2479,1.);
#2479 = DIRECTION('',(0.,-1.));
#2480 = ( GEOMETRIC_REPRESENTATION_CONTEXT(2) 
PARAMETRIC_REPRESENTATION_CONTEXT() REPRESENTATION_CONTEXT('2D SPACE',''
  ) );
#2481 = ORIENTED_EDGE('',*,*,#273,.T.);
#2482 = ORIENTED_EDGE('',*,*,#1509,.T.);
#2483 = ORIENTED_EDGE('',*,*,#2484,.T.);
#2484 = EDGE_CURVE('',#1481,#836,#2485,.T.);
#2485 = SURFACE_CURVE('',#2486,(#2490,#2497),.PCURVE_S1.);
#2486 = LINE('',#2487,#2488);
#2487 = CARTESIAN_POINT('',(-11.,-10.5,-32.5));
#2488 = VECTOR('',#2489,1.);
#2489 = DIRECTION('',(-0.,1.,0.));
#2490 = PCURVE('',#288,#2491);
#2491 = DEFINITIONAL_REPRESENTATION('',(#2492),#2496);
#2492 = LINE('',#2493,#2494);
#2493 = CARTESIAN_POINT('',(3.,0.));
#2494 = VECTOR('',#2495,1.);
#2495 = DIRECTION('',(0.,1.));
#2496 = ( GEOMETRIC_REPRESENTATION_CONTEXT(2) 
PARAMETRIC_REPRESENTATION_CONTEXT() REPRESENTATION_CONTEXT('2D SPACE',''
  ) );
#2497 = PCURVE('',#869,#2498);
#2498 = DEFINITIONAL_REPRESENTATION('',(#2499),#2503);
#2499 = LINE('',#2500,#2501);
#2500 = CARTESIAN_POINT('',(0.,0.));
#2501 = VECTOR('',#2502,1.);
#2502 = DIRECTION('',(0.,-1.));
#2503 = ( GEOMETRIC_REPRESENTATION_CONTEXT(2) 
PARAMETRIC_REPRESENTATION_CONTEXT() REPRESENTATION_CONTEXT('2D SPACE',''
  ) );
#2504 = ORIENTED_EDGE('',*,*,#835,.F.);
#2505 = ADVANCED_FACE('',(#2506),#262,.T.);
#2506 = FACE_BOUND('',#2507,.T.);
#2507 = EDGE_LOOP('',(#2508,#2529,#2530,#2531));
#2508 = ORIENTED_EDGE('',*,*,#2509,.F.);
#2509 = EDGE_CURVE('',#222,#792,#2510,.T.);
#2510 = SURFACE_CURVE('',#2511,(#2515,#2522),.PCURVE_S1.);
#2511 = LINE('',#2512,#2513);
#2512 = CARTESIAN_POINT('',(-14.,-10.5,-20.5));
#2513 = VECTOR('',#2514,1.);
#2514 = DIRECTION('',(-0.,1.,0.));
#2515 = PCURVE('',#262,#2516);
#2516 = DEFINITIONAL_REPRESENTATION('',(#2517),#2521);
#2517 = LINE('',#2518,#2519);
#2518 = CARTESIAN_POINT('',(12.,0.));
#2519 = VECTOR('',#2520,1.);
#2520 = DIRECTION('',(0.,-1.));
#2521 = ( GEOMETRIC_REPRESENTATION_CONTEXT(2) 
PARAMETRIC_REPRESENTATION_CONTEXT() REPRESENTATION_CONTEXT('2D SPACE',''
  ) );
#2522 = PCURVE('',#236,#2523);
#2523 = DEFINITIONAL_REPRESENTATION('',(#2524),#2528);
#2524 = LINE('',#2525,#2526);
#2525 = CARTESIAN_POINT('',(0.,0.));
#2526 = VECTOR('',#2527,1.);
#2527 = DIRECTION('',(0.,1.));
#2528 = ( GEOMETRIC_REPRESENTATION_CONTEXT(2) 
PARAMETRIC_REPRESENTATION_CONTEXT() REPRESENTATION_CONTEXT('2D SPACE',''
  ) );
#2529 = ORIENTED_EDGE('',*,*,#247,.T.);
#2530 = ORIENTED_EDGE('',*,*,#2461,.T.);
#2531 = ORIENTED_EDGE('',*,*,#814,.F.);
#2532 = ADVANCED_FACE('',(#2533),#236,.F.);
#2533 = FACE_BOUND('',#2534,.F.);
#2534 = EDGE_LOOP('',(#2535,#2536,#2537,#2538,#2559));
#2535 = ORIENTED_EDGE('',*,*,#2509,.F.);
#2536 = ORIENTED_EDGE('',*,*,#221,.T.);
#2537 = ORIENTED_EDGE('',*,*,#1424,.T.);
#2538 = ORIENTED_EDGE('',*,*,#2539,.T.);
#2539 = EDGE_CURVE('',#1425,#794,#2540,.T.);
#2540 = SURFACE_CURVE('',#2541,(#2545,#2552),.PCURVE_S1.);
#2541 = LINE('',#2542,#2543);
#2542 = CARTESIAN_POINT('',(-11.,-10.5,-20.5));
#2543 = VECTOR('',#2544,1.);
#2544 = DIRECTION('',(-0.,1.,0.));
#2545 = PCURVE('',#236,#2546);
#2546 = DEFINITIONAL_REPRESENTATION('',(#2547),#2551);
#2547 = LINE('',#2548,#2549);
#2548 = CARTESIAN_POINT('',(3.,0.));
#2549 = VECTOR('',#2550,1.);
#2550 = DIRECTION('',(0.,1.));
#2551 = ( GEOMETRIC_REPRESENTATION_CONTEXT(2) 
PARAMETRIC_REPRESENTATION_CONTEXT() REPRESENTATION_CONTEXT('2D SPACE',''
  ) );
#2552 = PCURVE('',#869,#2553);
#2553 = DEFINITIONAL_REPRESENTATION('',(#2554),#2558);
#2554 = LINE('',#2555,#2556);
#2555 = CARTESIAN_POINT('',(12.,0.));
#2556 = VECTOR('',#2557,1.);
#2557 = DIRECTION('',(0.,-1.));
#2558 = ( GEOMETRIC_REPRESENTATION_CONTEXT(2) 
PARAMETRIC_REPRESENTATION_CONTEXT() REPRESENTATION_CONTEXT('2D SPACE',''
  ) );
#2559 = ORIENTED_EDGE('',*,*,#791,.F.);
#2560 = ADVANCED_FACE('',(#2561),#454,.F.);
#2561 = FACE_BOUND('',#2562,.F.);
#2562 = EDGE_LOOP('',(#2563,#2564,#2565,#2566));
#2563 = ORIENTED_EDGE('',*,*,#2328,.T.);
#2564 = ORIENTED_EDGE('',*,*,#436,.T.);
#2565 = ORIENTED_EDGE('',*,*,#651,.F.);
#2566 = ORIENTED_EDGE('',*,*,#2567,.F.);
#2567 = EDGE_CURVE('',#2057,#652,#2568,.T.);
#2568 = SURFACE_CURVE('',#2569,(#2573,#2579),.PCURVE_S1.);
#2569 = LINE('',#2570,#2571);
#2570 = CARTESIAN_POINT('',(-6.,-9.5,0.));
#2571 = VECTOR('',#2572,1.);
#2572 = DIRECTION('',(-0.,1.,0.));
#2573 = PCURVE('',#454,#2574);
#2574 = DEFINITIONAL_REPRESENTATION('',(#2575),#2578);
#2575 = B_SPLINE_CURVE_WITH_KNOTS('',1,(#2576,#2577),.UNSPECIFIED.,.F.,
  .F.,(2,2),(1.,18.),.PIECEWISE_BEZIER_KNOTS.);
#2576 = CARTESIAN_POINT('',(19.,-2.));
#2577 = CARTESIAN_POINT('',(19.,-19.));
#2578 = ( GEOMETRIC_REPRESENTATION_CONTEXT(2) 
PARAMETRIC_REPRESENTATION_CONTEXT() REPRESENTATION_CONTEXT('2D SPACE',''
  ) );
#2579 = PCURVE('',#686,#2580);
#2580 = DEFINITIONAL_REPRESENTATION('',(#2581),#2584);
#2581 = B_SPLINE_CURVE_WITH_KNOTS('',1,(#2582,#2583),.UNSPECIFIED.,.F.,
  .F.,(2,2),(1.,18.),.PIECEWISE_BEZIER_KNOTS.);
#2582 = CARTESIAN_POINT('',(10.,0.));
#2583 = CARTESIAN_POINT('',(10.,17.));
#2584 = ( GEOMETRIC_REPRESENTATION_CONTEXT(2) 
PARAMETRIC_REPRESENTATION_CONTEXT() REPRESENTATION_CONTEXT('2D SPACE',''
  ) );
#2585 = ADVANCED_FACE('',(#2586,#2634),#616,.T.);
#2586 = FACE_BOUND('',#2587,.T.);
#2587 = EDGE_LOOP('',(#2588,#2611,#2612,#2613));
#2588 = ORIENTED_EDGE('',*,*,#2589,.F.);
#2589 = EDGE_CURVE('',#1371,#2590,#2592,.T.);
#2590 = VERTEX_POINT('',#2591);
#2591 = CARTESIAN_POINT('',(16.,-8.5,0.));
#2592 = SURFACE_CURVE('',#2593,(#2597,#2604),.PCURVE_S1.);
#2593 = LINE('',#2594,#2595);
#2594 = CARTESIAN_POINT('',(16.,-8.5,-55.));
#2595 = VECTOR('',#2596,1.);
#2596 = DIRECTION('',(0.,0.,1.));
#2597 = PCURVE('',#616,#2598);
#2598 = DEFINITIONAL_REPRESENTATION('',(#2599),#2603);
#2599 = LINE('',#2600,#2601);
#2600 = CARTESIAN_POINT('',(0.,0.));
#2601 = VECTOR('',#2602,1.);
#2602 = DIRECTION('',(1.,0.));
#2603 = ( GEOMETRIC_REPRESENTATION_CONTEXT(2) 
PARAMETRIC_REPRESENTATION_CONTEXT() REPRESENTATION_CONTEXT('2D SPACE',''
  ) );
#2604 = PCURVE('',#1386,#2605);
#2605 = DEFINITIONAL_REPRESENTATION('',(#2606),#2610);
#2606 = LINE('',#2607,#2608);
#2607 = CARTESIAN_POINT('',(0.,32.));
#2608 = VECTOR('',#2609,1.);
#2609 = DIRECTION('',(1.,0.));
#2610 = ( GEOMETRIC_REPRESENTATION_CONTEXT(2) 
PARAMETRIC_REPRESENTATION_CONTEXT() REPRESENTATION_CONTEXT('2D SPACE',''
  ) );
#2611 = ORIENTED_EDGE('',*,*,#1398,.T.);
#2612 = ORIENTED_EDGE('',*,*,#598,.T.);
#2613 = ORIENTED_EDGE('',*,*,#2614,.F.);
#2614 = EDGE_CURVE('',#2590,#601,#2615,.T.);
#2615 = SURFACE_CURVE('',#2616,(#2620,#2627),.PCURVE_S1.);
#2616 = LINE('',#2617,#2618);
#2617 = CARTESIAN_POINT('',(16.,-8.5,0.));
#2618 = VECTOR('',#2619,1.);
#2619 = DIRECTION('',(-0.,1.,0.));
#2620 = PCURVE('',#616,#2621);
#2621 = DEFINITIONAL_REPRESENTATION('',(#2622),#2626);
#2622 = LINE('',#2623,#2624);
#2623 = CARTESIAN_POINT('',(55.,0.));
#2624 = VECTOR('',#2625,1.);
#2625 = DIRECTION('',(0.,-1.));
#2626 = ( GEOMETRIC_REPRESENTATION_CONTEXT(2) 
PARAMETRIC_REPRESENTATION_CONTEXT() REPRESENTATION_CONTEXT('2D SPACE',''
  ) );
#2627 = PCURVE('',#686,#2628);
#2628 = DEFINITIONAL_REPRESENTATION('',(#2629),#2633);
#2629 = LINE('',#2630,#2631);
#2630 = CARTESIAN_POINT('',(32.,0.));
#2631 = VECTOR('',#2632,1.);
#2632 = DIRECTION('',(0.,1.));
#2633 = ( GEOMETRIC_REPRESENTATION_CONTEXT(2) 
PARAMETRIC_REPRESENTATION_CONTEXT() REPRESENTATION_CONTEXT('2D SPACE',''
  ) );
#2634 = FACE_BOUND('',#2635,.T.);
#2635 = EDGE_LOOP('',(#2636,#2664,#2690,#2716));
#2636 = ORIENTED_EDGE('',*,*,#2637,.T.);
#2637 = EDGE_CURVE('',#2638,#2640,#2642,.T.);
#2638 = VERTEX_POINT('',#2639);
#2639 = CARTESIAN_POINT('',(16.,6.1,-7.));
#2640 = VERTEX_POINT('',#2641);
#2641 = CARTESIAN_POINT('',(16.,-1.1,-7.));
#2642 = SURFACE_CURVE('',#2643,(#2647,#2653),.PCURVE_S1.);
#2643 = LINE('',#2644,#2645);
#2644 = CARTESIAN_POINT('',(16.,-4.8,-7.));
#2645 = VECTOR('',#2646,1.);
#2646 = DIRECTION('',(0.,-1.,0.));
#2647 = PCURVE('',#616,#2648);
#2648 = DEFINITIONAL_REPRESENTATION('',(#2649),#2652);
#2649 = B_SPLINE_CURVE_WITH_KNOTS('',1,(#2650,#2651),.UNSPECIFIED.,.F.,
  .F.,(2,2),(-10.9,-3.7),.PIECEWISE_BEZIER_KNOTS.);
#2650 = CARTESIAN_POINT('',(48.,-14.6));
#2651 = CARTESIAN_POINT('',(48.,-7.4));
#2652 = ( GEOMETRIC_REPRESENTATION_CONTEXT(2) 
PARAMETRIC_REPRESENTATION_CONTEXT() REPRESENTATION_CONTEXT('2D SPACE',''
  ) );
#2653 = PCURVE('',#2654,#2659);
#2654 = PLANE('',#2655);
#2655 = AXIS2_PLACEMENT_3D('',#2656,#2657,#2658);
#2656 = CARTESIAN_POINT('',(7.5,-1.1,-7.));
#2657 = DIRECTION('',(0.,0.,1.));
#2658 = DIRECTION('',(1.,0.,-0.));
#2659 = DEFINITIONAL_REPRESENTATION('',(#2660),#2663);
#2660 = B_SPLINE_CURVE_WITH_KNOTS('',1,(#2661,#2662),.UNSPECIFIED.,.F.,
  .F.,(2,2),(-10.9,-3.7),.PIECEWISE_BEZIER_KNOTS.);
#2661 = CARTESIAN_POINT('',(8.5,7.2));
#2662 = CARTESIAN_POINT('',(8.5,0.));
#2663 = ( GEOMETRIC_REPRESENTATION_CONTEXT(2) 
PARAMETRIC_REPRESENTATION_CONTEXT() REPRESENTATION_CONTEXT('2D SPACE',''
  ) );
#2664 = ORIENTED_EDGE('',*,*,#2665,.T.);
#2665 = EDGE_CURVE('',#2640,#2666,#2668,.T.);
#2666 = VERTEX_POINT('',#2667);
#2667 = CARTESIAN_POINT('',(16.,-1.1,-3.4));
#2668 = SURFACE_CURVE('',#2669,(#2673,#2679),.PCURVE_S1.);
#2669 = LINE('',#2670,#2671);
#2670 = CARTESIAN_POINT('',(16.,-1.1,-31.));
#2671 = VECTOR('',#2672,1.);
#2672 = DIRECTION('',(0.,0.,1.));
#2673 = PCURVE('',#616,#2674);
#2674 = DEFINITIONAL_REPRESENTATION('',(#2675),#2678);
#2675 = B_SPLINE_CURVE_WITH_KNOTS('',1,(#2676,#2677),.UNSPECIFIED.,.F.,
  .F.,(2,2),(24.,27.6),.PIECEWISE_BEZIER_KNOTS.);
#2676 = CARTESIAN_POINT('',(48.,-7.4));
#2677 = CARTESIAN_POINT('',(51.6,-7.4));
#2678 = ( GEOMETRIC_REPRESENTATION_CONTEXT(2) 
PARAMETRIC_REPRESENTATION_CONTEXT() REPRESENTATION_CONTEXT('2D SPACE',''
  ) );
#2679 = PCURVE('',#2680,#2685);
#2680 = PLANE('',#2681);
#2681 = AXIS2_PLACEMENT_3D('',#2682,#2683,#2684);
#2682 = CARTESIAN_POINT('',(7.5,-1.1,-7.));
#2683 = DIRECTION('',(-0.,1.,0.));
#2684 = DIRECTION('',(0.,0.,1.));
#2685 = DEFINITIONAL_REPRESENTATION('',(#2686),#2689);
#2686 = B_SPLINE_CURVE_WITH_KNOTS('',1,(#2687,#2688),.UNSPECIFIED.,.F.,
  .F.,(2,2),(24.,27.6),.PIECEWISE_BEZIER_KNOTS.);
#2687 = CARTESIAN_POINT('',(0.,8.5));
#2688 = CARTESIAN_POINT('',(3.6,8.5));
#2689 = ( GEOMETRIC_REPRESENTATION_CONTEXT(2) 
PARAMETRIC_REPRESENTATION_CONTEXT() REPRESENTATION_CONTEXT('2D SPACE',''
  ) );
#2690 = ORIENTED_EDGE('',*,*,#2691,.F.);
#2691 = EDGE_CURVE('',#2692,#2666,#2694,.T.);
#2692 = VERTEX_POINT('',#2693);
#2693 = CARTESIAN_POINT('',(16.,6.1,-3.4));
#2694 = SURFACE_CURVE('',#2695,(#2699,#2705),.PCURVE_S1.);
#2695 = LINE('',#2696,#2697);
#2696 = CARTESIAN_POINT('',(16.,-4.8,-3.4));
#2697 = VECTOR('',#2698,1.);
#2698 = DIRECTION('',(0.,-1.,0.));
#2699 = PCURVE('',#616,#2700);
#2700 = DEFINITIONAL_REPRESENTATION('',(#2701),#2704);
#2701 = B_SPLINE_CURVE_WITH_KNOTS('',1,(#2702,#2703),.UNSPECIFIED.,.F.,
  .F.,(2,2),(-10.9,-3.7),.PIECEWISE_BEZIER_KNOTS.);
#2702 = CARTESIAN_POINT('',(51.6,-14.6));
#2703 = CARTESIAN_POINT('',(51.6,-7.4));
#2704 = ( GEOMETRIC_REPRESENTATION_CONTEXT(2) 
PARAMETRIC_REPRESENTATION_CONTEXT() REPRESENTATION_CONTEXT('2D SPACE',''
  ) );
#2705 = PCURVE('',#2706,#2711);
#2706 = PLANE('',#2707);
#2707 = AXIS2_PLACEMENT_3D('',#2708,#2709,#2710);
#2708 = CARTESIAN_POINT('',(7.5,-1.1,-3.4));
#2709 = DIRECTION('',(0.,0.,1.));
#2710 = DIRECTION('',(1.,0.,-0.));
#2711 = DEFINITIONAL_REPRESENTATION('',(#2712),#2715);
#2712 = B_SPLINE_CURVE_WITH_KNOTS('',1,(#2713,#2714),.UNSPECIFIED.,.F.,
  .F.,(2,2),(-10.9,-3.7),.PIECEWISE_BEZIER_KNOTS.);
#2713 = CARTESIAN_POINT('',(8.5,7.2));
#2714 = CARTESIAN_POINT('',(8.5,0.));
#2715 = ( GEOMETRIC_REPRESENTATION_CONTEXT(2) 
PARAMETRIC_REPRESENTATION_CONTEXT() REPRESENTATION_CONTEXT('2D SPACE',''
  ) );
#2716 = ORIENTED_EDGE('',*,*,#2717,.F.);
#2717 = EDGE_CURVE('',#2638,#2692,#2718,.T.);
#2718 = SURFACE_CURVE('',#2719,(#2723,#2729),.PCURVE_S1.);
#2719 = LINE('',#2720,#2721);
#2720 = CARTESIAN_POINT('',(16.,6.1,-31.));
#2721 = VECTOR('',#2722,1.);
#2722 = DIRECTION('',(0.,0.,1.));
#2723 = PCURVE('',#616,#2724);
#2724 = DEFINITIONAL_REPRESENTATION('',(#2725),#2728);
#2725 = B_SPLINE_CURVE_WITH_KNOTS('',1,(#2726,#2727),.UNSPECIFIED.,.F.,
  .F.,(2,2),(24.,27.6),.PIECEWISE_BEZIER_KNOTS.);
#2726 = CARTESIAN_POINT('',(48.,-14.6));
#2727 = CARTESIAN_POINT('',(51.6,-14.6));
#2728 = ( GEOMETRIC_REPRESENTATION_CONTEXT(2) 
PARAMETRIC_REPRESENTATION_CONTEXT() REPRESENTATION_CONTEXT('2D SPACE',''
  ) );
#2729 = PCURVE('',#2730,#2735);
#2730 = PLANE('',#2731);
#2731 = AXIS2_PLACEMENT_3D('',#2732,#2733,#2734);
#2732 = CARTESIAN_POINT('',(7.5,6.1,-7.));
#2733 = DIRECTION('',(-0.,1.,0.));
#2734 = DIRECTION('',(0.,0.,1.));
#2735 = DEFINITIONAL_REPRESENTATION('',(#2736),#2739);
#2736 = B_SPLINE_CURVE_WITH_KNOTS('',1,(#2737,#2738),.UNSPECIFIED.,.F.,
  .F.,(2,2),(24.,27.6),.PIECEWISE_BEZIER_KNOTS.);
#2737 = CARTESIAN_POINT('',(0.,8.5));
#2738 = CARTESIAN_POINT('',(3.6,8.5));
#2739 = ( GEOMETRIC_REPRESENTATION_CONTEXT(2) 
PARAMETRIC_REPRESENTATION_CONTEXT() REPRESENTATION_CONTEXT('2D SPACE',''
  ) );
#2740 = ADVANCED_FACE('',(#2741,#2768,#2799),#686,.T.);
#2741 = FACE_BOUND('',#2742,.T.);
#2742 = EDGE_LOOP('',(#2743,#2744,#2745,#2746,#2767));
#2743 = ORIENTED_EDGE('',*,*,#672,.F.);
#2744 = ORIENTED_EDGE('',*,*,#2567,.F.);
#2745 = ORIENTED_EDGE('',*,*,#2056,.T.);
#2746 = ORIENTED_EDGE('',*,*,#2747,.T.);
#2747 = EDGE_CURVE('',#2034,#2590,#2748,.T.);
#2748 = SURFACE_CURVE('',#2749,(#2753,#2760),.PCURVE_S1.);
#2749 = LINE('',#2750,#2751);
#2750 = CARTESIAN_POINT('',(-16.,-8.5,0.));
#2751 = VECTOR('',#2752,1.);
#2752 = DIRECTION('',(1.,0.,-0.));
#2753 = PCURVE('',#686,#2754);
#2754 = DEFINITIONAL_REPRESENTATION('',(#2755),#2759);
#2755 = LINE('',#2756,#2757);
#2756 = CARTESIAN_POINT('',(0.,0.));
#2757 = VECTOR('',#2758,1.);
#2758 = DIRECTION('',(1.,0.));
#2759 = ( GEOMETRIC_REPRESENTATION_CONTEXT(2) 
PARAMETRIC_REPRESENTATION_CONTEXT() REPRESENTATION_CONTEXT('2D SPACE',''
  ) );
#2760 = PCURVE('',#1386,#2761);
#2761 = DEFINITIONAL_REPRESENTATION('',(#2762),#2766);
#2762 = LINE('',#2763,#2764);
#2763 = CARTESIAN_POINT('',(55.,0.));
#2764 = VECTOR('',#2765,1.);
#2765 = DIRECTION('',(0.,1.));
#2766 = ( GEOMETRIC_REPRESENTATION_CONTEXT(2) 
PARAMETRIC_REPRESENTATION_CONTEXT() REPRESENTATION_CONTEXT('2D SPACE',''
  ) );
#2767 = ORIENTED_EDGE('',*,*,#2614,.T.);
#2768 = FACE_BOUND('',#2769,.T.);
#2769 = EDGE_LOOP('',(#2770));
#2770 = ORIENTED_EDGE('',*,*,#2771,.F.);
#2771 = EDGE_CURVE('',#2772,#2772,#2774,.T.);
#2772 = VERTEX_POINT('',#2773);
#2773 = CARTESIAN_POINT('',(3.5,2.5,0.));
#2774 = SURFACE_CURVE('',#2775,(#2780,#2787),.PCURVE_S1.);
#2775 = CIRCLE('',#2776,2.);
#2776 = AXIS2_PLACEMENT_3D('',#2777,#2778,#2779);
#2777 = CARTESIAN_POINT('',(1.5,2.5,0.));
#2778 = DIRECTION('',(0.,0.,1.));
#2779 = DIRECTION('',(1.,0.,-0.));
#2780 = PCURVE('',#686,#2781);
#2781 = DEFINITIONAL_REPRESENTATION('',(#2782),#2786);
#2782 = CIRCLE('',#2783,2.);
#2783 = AXIS2_PLACEMENT_2D('',#2784,#2785);
#2784 = CARTESIAN_POINT('',(17.5,11.));
#2785 = DIRECTION('',(1.,0.));
#2786 = ( GEOMETRIC_REPRESENTATION_CONTEXT(2) 
PARAMETRIC_REPRESENTATION_CONTEXT() REPRESENTATION_CONTEXT('2D SPACE',''
  ) );
#2787 = PCURVE('',#2788,#2793);
#2788 = CYLINDRICAL_SURFACE('',#2789,2.);
#2789 = AXIS2_PLACEMENT_3D('',#2790,#2791,#2792);
#2790 = CARTESIAN_POINT('',(1.5,2.5,-5.));
#2791 = DIRECTION('',(0.,0.,1.));
#2792 = DIRECTION('',(1.,0.,-0.));
#2793 = DEFINITIONAL_REPRESENTATION('',(#2794),#2798);
#2794 = LINE('',#2795,#2796);
#2795 = CARTESIAN_POINT('',(0.,5.));
#2796 = VECTOR('',#2797,1.);
#2797 = DIRECTION('',(1.,0.));
#2798 = ( GEOMETRIC_REPRESENTATION_CONTEXT(2) 
PARAMETRIC_REPRESENTATION_CONTEXT() REPRESENTATION_CONTEXT('2D SPACE',''
  ) );
#2799 = FACE_BOUND('',#2800,.T.);
#2800 = EDGE_LOOP('',(#2801));
#2801 = ORIENTED_EDGE('',*,*,#2802,.F.);
#2802 = EDGE_CURVE('',#2803,#2803,#2805,.T.);
#2803 = VERTEX_POINT('',#2804);
#2804 = CARTESIAN_POINT('',(14.2,2.5,0.));
#2805 = SURFACE_CURVE('',#2806,(#2811,#2818),.PCURVE_S1.);
#2806 = CIRCLE('',#2807,2.2);
#2807 = AXIS2_PLACEMENT_3D('',#2808,#2809,#2810);
#2808 = CARTESIAN_POINT('',(12.,2.5,0.));
#2809 = DIRECTION('',(0.,0.,1.));
#2810 = DIRECTION('',(1.,0.,-0.));
#2811 = PCURVE('',#686,#2812);
#2812 = DEFINITIONAL_REPRESENTATION('',(#2813),#2817);
#2813 = CIRCLE('',#2814,2.2);
#2814 = AXIS2_PLACEMENT_2D('',#2815,#2816);
#2815 = CARTESIAN_POINT('',(28.,11.));
#2816 = DIRECTION('',(1.,0.));
#2817 = ( GEOMETRIC_REPRESENTATION_CONTEXT(2) 
PARAMETRIC_REPRESENTATION_CONTEXT() REPRESENTATION_CONTEXT('2D SPACE',''
  ) );
#2818 = PCURVE('',#2819,#2824);
#2819 = CYLINDRICAL_SURFACE('',#2820,2.2);
#2820 = AXIS2_PLACEMENT_3D('',#2821,#2822,#2823);
#2821 = CARTESIAN_POINT('',(12.,2.5,-11.));
#2822 = DIRECTION('',(0.,0.,1.));
#2823 = DIRECTION('',(1.,0.,-0.));
#2824 = DEFINITIONAL_REPRESENTATION('',(#2825),#2829);
#2825 = LINE('',#2826,#2827);
#2826 = CARTESIAN_POINT('',(0.,11.));
#2827 = VECTOR('',#2828,1.);
#2828 = DIRECTION('',(1.,0.));
#2829 = ( GEOMETRIC_REPRESENTATION_CONTEXT(2) 
PARAMETRIC_REPRESENTATION_CONTEXT() REPRESENTATION_CONTEXT('2D SPACE',''
  ) );
#2830 = ADVANCED_FACE('',(#2831),#778,.F.);
#2831 = FACE_BOUND('',#2832,.F.);
#2832 = EDGE_LOOP('',(#2833,#2834,#2835,#2836));
#2833 = ORIENTED_EDGE('',*,*,#2436,.F.);
#2834 = ORIENTED_EDGE('',*,*,#1620,.T.);
#2835 = ORIENTED_EDGE('',*,*,#2381,.T.);
#2836 = ORIENTED_EDGE('',*,*,#765,.F.);
#2837 = ADVANCED_FACE('',(#2838),#869,.F.);
#2838 = FACE_BOUND('',#2839,.F.);
#2839 = EDGE_LOOP('',(#2840,#2841,#2842,#2843));
#2840 = ORIENTED_EDGE('',*,*,#2539,.F.);
#2841 = ORIENTED_EDGE('',*,*,#1480,.T.);
#2842 = ORIENTED_EDGE('',*,*,#2484,.T.);
#2843 = ORIENTED_EDGE('',*,*,#856,.F.);
#2844 = ADVANCED_FACE('',(#2845),#899,.F.);
#2845 = FACE_BOUND('',#2846,.F.);
#2846 = EDGE_LOOP('',(#2847,#2868,#2869,#2890,#2911));
#2847 = ORIENTED_EDGE('',*,*,#2848,.F.);
#2848 = EDGE_CURVE('',#1785,#883,#2849,.T.);
#2849 = SURFACE_CURVE('',#2850,(#2854,#2861),.PCURVE_S1.);
#2850 = LINE('',#2851,#2852);
#2851 = CARTESIAN_POINT('',(11.,-10.5,-40.5));
#2852 = VECTOR('',#2853,1.);
#2853 = DIRECTION('',(-0.,1.,0.));
#2854 = PCURVE('',#899,#2855);
#2855 = DEFINITIONAL_REPRESENTATION('',(#2856),#2860);
#2856 = LINE('',#2857,#2858);
#2857 = CARTESIAN_POINT('',(0.,0.));
#2858 = VECTOR('',#2859,1.);
#2859 = DIRECTION('',(0.,1.));
#2860 = ( GEOMETRIC_REPRESENTATION_CONTEXT(2) 
PARAMETRIC_REPRESENTATION_CONTEXT() REPRESENTATION_CONTEXT('2D SPACE',''
  ) );
#2861 = PCURVE('',#925,#2862);
#2862 = DEFINITIONAL_REPRESENTATION('',(#2863),#2867);
#2863 = LINE('',#2864,#2865);
#2864 = CARTESIAN_POINT('',(12.,0.));
#2865 = VECTOR('',#2866,1.);
#2866 = DIRECTION('',(0.,-1.));
#2867 = ( GEOMETRIC_REPRESENTATION_CONTEXT(2) 
PARAMETRIC_REPRESENTATION_CONTEXT() REPRESENTATION_CONTEXT('2D SPACE',''
  ) );
#2868 = ORIENTED_EDGE('',*,*,#1813,.T.);
#2869 = ORIENTED_EDGE('',*,*,#2870,.T.);
#2870 = EDGE_CURVE('',#1814,#2871,#2873,.T.);
#2871 = VERTEX_POINT('',#2872);
#2872 = CARTESIAN_POINT('',(14.,-8.5,-40.5));
#2873 = SURFACE_CURVE('',#2874,(#2878,#2884),.PCURVE_S1.);
#2874 = LINE('',#2875,#2876);
#2875 = CARTESIAN_POINT('',(-2.5,-8.5,-40.5));
#2876 = VECTOR('',#2877,1.);
#2877 = DIRECTION('',(1.,0.,-0.));
#2878 = PCURVE('',#899,#2879);
#2879 = DEFINITIONAL_REPRESENTATION('',(#2880),#2883);
#2880 = B_SPLINE_CURVE_WITH_KNOTS('',1,(#2881,#2882),.UNSPECIFIED.,.F.,
  .F.,(2,2),(15.5,16.5),.PIECEWISE_BEZIER_KNOTS.);
#2881 = CARTESIAN_POINT('',(2.,2.));
#2882 = CARTESIAN_POINT('',(3.,2.));
#2883 = ( GEOMETRIC_REPRESENTATION_CONTEXT(2) 
PARAMETRIC_REPRESENTATION_CONTEXT() REPRESENTATION_CONTEXT('2D SPACE',''
  ) );
#2884 = PCURVE('',#1386,#2885);
#2885 = DEFINITIONAL_REPRESENTATION('',(#2886),#2889);
#2886 = B_SPLINE_CURVE_WITH_KNOTS('',1,(#2887,#2888),.UNSPECIFIED.,.F.,
  .F.,(2,2),(15.5,16.5),.PIECEWISE_BEZIER_KNOTS.);
#2887 = CARTESIAN_POINT('',(14.5,29.));
#2888 = CARTESIAN_POINT('',(14.5,30.));
#2889 = ( GEOMETRIC_REPRESENTATION_CONTEXT(2) 
PARAMETRIC_REPRESENTATION_CONTEXT() REPRESENTATION_CONTEXT('2D SPACE',''
  ) );
#2890 = ORIENTED_EDGE('',*,*,#2891,.T.);
#2891 = EDGE_CURVE('',#2871,#885,#2892,.T.);
#2892 = SURFACE_CURVE('',#2893,(#2897,#2904),.PCURVE_S1.);
#2893 = LINE('',#2894,#2895);
#2894 = CARTESIAN_POINT('',(14.,-10.5,-40.5));
#2895 = VECTOR('',#2896,1.);
#2896 = DIRECTION('',(-0.,1.,0.));
#2897 = PCURVE('',#899,#2898);
#2898 = DEFINITIONAL_REPRESENTATION('',(#2899),#2903);
#2899 = LINE('',#2900,#2901);
#2900 = CARTESIAN_POINT('',(3.,0.));
#2901 = VECTOR('',#2902,1.);
#2902 = DIRECTION('',(0.,1.));
#2903 = ( GEOMETRIC_REPRESENTATION_CONTEXT(2) 
PARAMETRIC_REPRESENTATION_CONTEXT() REPRESENTATION_CONTEXT('2D SPACE',''
  ) );
#2904 = PCURVE('',#975,#2905);
#2905 = DEFINITIONAL_REPRESENTATION('',(#2906),#2910);
#2906 = LINE('',#2907,#2908);
#2907 = CARTESIAN_POINT('',(12.,0.));
#2908 = VECTOR('',#2909,1.);
#2909 = DIRECTION('',(0.,-1.));
#2910 = ( GEOMETRIC_REPRESENTATION_CONTEXT(2) 
PARAMETRIC_REPRESENTATION_CONTEXT() REPRESENTATION_CONTEXT('2D SPACE',''
  ) );
#2911 = ORIENTED_EDGE('',*,*,#882,.F.);
#2912 = ADVANCED_FACE('',(#2913),#975,.F.);
#2913 = FACE_BOUND('',#2914,.F.);
#2914 = EDGE_LOOP('',(#2915,#2916,#2937,#2958));
#2915 = ORIENTED_EDGE('',*,*,#2891,.F.);
#2916 = ORIENTED_EDGE('',*,*,#2917,.T.);
#2917 = EDGE_CURVE('',#2871,#2918,#2920,.T.);
#2918 = VERTEX_POINT('',#2919);
#2919 = CARTESIAN_POINT('',(14.,-8.5,-52.5));
#2920 = SURFACE_CURVE('',#2921,(#2925,#2931),.PCURVE_S1.);
#2921 = LINE('',#2922,#2923);
#2922 = CARTESIAN_POINT('',(14.,-8.5,-53.75));
#2923 = VECTOR('',#2924,1.);
#2924 = DIRECTION('',(-0.,0.,-1.));
#2925 = PCURVE('',#975,#2926);
#2926 = DEFINITIONAL_REPRESENTATION('',(#2927),#2930);
#2927 = B_SPLINE_CURVE_WITH_KNOTS('',1,(#2928,#2929),.UNSPECIFIED.,.F.,
  .F.,(2,2),(-13.25,-1.25),.PIECEWISE_BEZIER_KNOTS.);
#2928 = CARTESIAN_POINT('',(12.,-2.));
#2929 = CARTESIAN_POINT('',(0.,-2.));
#2930 = ( GEOMETRIC_REPRESENTATION_CONTEXT(2) 
PARAMETRIC_REPRESENTATION_CONTEXT() REPRESENTATION_CONTEXT('2D SPACE',''
  ) );
#2931 = PCURVE('',#1386,#2932);
#2932 = DEFINITIONAL_REPRESENTATION('',(#2933),#2936);
#2933 = B_SPLINE_CURVE_WITH_KNOTS('',1,(#2934,#2935),.UNSPECIFIED.,.F.,
  .F.,(2,2),(-13.25,-1.25),.PIECEWISE_BEZIER_KNOTS.);
#2934 = CARTESIAN_POINT('',(14.5,30.));
#2935 = CARTESIAN_POINT('',(2.5,30.));
#2936 = ( GEOMETRIC_REPRESENTATION_CONTEXT(2) 
PARAMETRIC_REPRESENTATION_CONTEXT() REPRESENTATION_CONTEXT('2D SPACE',''
  ) );
#2937 = ORIENTED_EDGE('',*,*,#2938,.T.);
#2938 = EDGE_CURVE('',#2918,#937,#2939,.T.);
#2939 = SURFACE_CURVE('',#2940,(#2944,#2951),.PCURVE_S1.);
#2940 = LINE('',#2941,#2942);
#2941 = CARTESIAN_POINT('',(14.,-10.5,-52.5));
#2942 = VECTOR('',#2943,1.);
#2943 = DIRECTION('',(-0.,1.,0.));
#2944 = PCURVE('',#975,#2945);
#2945 = DEFINITIONAL_REPRESENTATION('',(#2946),#2950);
#2946 = LINE('',#2947,#2948);
#2947 = CARTESIAN_POINT('',(0.,0.));
#2948 = VECTOR('',#2949,1.);
#2949 = DIRECTION('',(0.,-1.));
#2950 = ( GEOMETRIC_REPRESENTATION_CONTEXT(2) 
PARAMETRIC_REPRESENTATION_CONTEXT() REPRESENTATION_CONTEXT('2D SPACE',''
  ) );
#2951 = PCURVE('',#951,#2952);
#2952 = DEFINITIONAL_REPRESENTATION('',(#2953),#2957);
#2953 = LINE('',#2954,#2955);
#2954 = CARTESIAN_POINT('',(3.,0.));
#2955 = VECTOR('',#2956,1.);
#2956 = DIRECTION('',(0.,1.));
#2957 = ( GEOMETRIC_REPRESENTATION_CONTEXT(2) 
PARAMETRIC_REPRESENTATION_CONTEXT() REPRESENTATION_CONTEXT('2D SPACE',''
  ) );
#2958 = ORIENTED_EDGE('',*,*,#962,.F.);
#2959 = ADVANCED_FACE('',(#2960),#951,.T.);
#2960 = FACE_BOUND('',#2961,.T.);
#2961 = EDGE_LOOP('',(#2962,#2983,#2984,#3003,#3004));
#2962 = ORIENTED_EDGE('',*,*,#2963,.F.);
#2963 = EDGE_CURVE('',#1729,#911,#2964,.T.);
#2964 = SURFACE_CURVE('',#2965,(#2969,#2976),.PCURVE_S1.);
#2965 = LINE('',#2966,#2967);
#2966 = CARTESIAN_POINT('',(11.,-10.5,-52.5));
#2967 = VECTOR('',#2968,1.);
#2968 = DIRECTION('',(-0.,1.,0.));
#2969 = PCURVE('',#951,#2970);
#2970 = DEFINITIONAL_REPRESENTATION('',(#2971),#2975);
#2971 = LINE('',#2972,#2973);
#2972 = CARTESIAN_POINT('',(0.,0.));
#2973 = VECTOR('',#2974,1.);
#2974 = DIRECTION('',(0.,1.));
#2975 = ( GEOMETRIC_REPRESENTATION_CONTEXT(2) 
PARAMETRIC_REPRESENTATION_CONTEXT() REPRESENTATION_CONTEXT('2D SPACE',''
  ) );
#2976 = PCURVE('',#925,#2977);
#2977 = DEFINITIONAL_REPRESENTATION('',(#2978),#2982);
#2978 = LINE('',#2979,#2980);
#2979 = CARTESIAN_POINT('',(0.,0.));
#2980 = VECTOR('',#2981,1.);
#2981 = DIRECTION('',(0.,-1.));
#2982 = ( GEOMETRIC_REPRESENTATION_CONTEXT(2) 
PARAMETRIC_REPRESENTATION_CONTEXT() REPRESENTATION_CONTEXT('2D SPACE',''
  ) );
#2983 = ORIENTED_EDGE('',*,*,#1728,.T.);
#2984 = ORIENTED_EDGE('',*,*,#2985,.T.);
#2985 = EDGE_CURVE('',#1706,#2918,#2986,.T.);
#2986 = SURFACE_CURVE('',#2987,(#2991,#2997),.PCURVE_S1.);
#2987 = LINE('',#2988,#2989);
#2988 = CARTESIAN_POINT('',(-2.5,-8.5,-52.5));
#2989 = VECTOR('',#2990,1.);
#2990 = DIRECTION('',(1.,0.,-0.));
#2991 = PCURVE('',#951,#2992);
#2992 = DEFINITIONAL_REPRESENTATION('',(#2993),#2996);
#2993 = B_SPLINE_CURVE_WITH_KNOTS('',1,(#2994,#2995),.UNSPECIFIED.,.F.,
  .F.,(2,2),(15.5,16.5),.PIECEWISE_BEZIER_KNOTS.);
#2994 = CARTESIAN_POINT('',(2.,2.));
#2995 = CARTESIAN_POINT('',(3.,2.));
#2996 = ( GEOMETRIC_REPRESENTATION_CONTEXT(2) 
PARAMETRIC_REPRESENTATION_CONTEXT() REPRESENTATION_CONTEXT('2D SPACE',''
  ) );
#2997 = PCURVE('',#1386,#2998);
#2998 = DEFINITIONAL_REPRESENTATION('',(#2999),#3002);
#2999 = B_SPLINE_CURVE_WITH_KNOTS('',1,(#3000,#3001),.UNSPECIFIED.,.F.,
  .F.,(2,2),(15.5,16.5),.PIECEWISE_BEZIER_KNOTS.);
#3000 = CARTESIAN_POINT('',(2.5,29.));
#3001 = CARTESIAN_POINT('',(2.5,30.));
#3002 = ( GEOMETRIC_REPRESENTATION_CONTEXT(2) 
PARAMETRIC_REPRESENTATION_CONTEXT() REPRESENTATION_CONTEXT('2D SPACE',''
  ) );
#3003 = ORIENTED_EDGE('',*,*,#2938,.T.);
#3004 = ORIENTED_EDGE('',*,*,#936,.F.);
#3005 = ADVANCED_FACE('',(#3006),#925,.T.);
#3006 = FACE_BOUND('',#3007,.T.);
#3007 = EDGE_LOOP('',(#3008,#3009,#3010,#3011));
#3008 = ORIENTED_EDGE('',*,*,#2848,.F.);
#3009 = ORIENTED_EDGE('',*,*,#1784,.T.);
#3010 = ORIENTED_EDGE('',*,*,#2963,.T.);
#3011 = ORIENTED_EDGE('',*,*,#910,.F.);
#3012 = ADVANCED_FACE('',(#3013),#1005,.F.);
#3013 = FACE_BOUND('',#3014,.F.);
#3014 = EDGE_LOOP('',(#3015,#3036,#3037,#3058,#3079));
#3015 = ORIENTED_EDGE('',*,*,#3016,.F.);
#3016 = EDGE_CURVE('',#1949,#989,#3017,.T.);
#3017 = SURFACE_CURVE('',#3018,(#3022,#3029),.PCURVE_S1.);
#3018 = LINE('',#3019,#3020);
#3019 = CARTESIAN_POINT('',(11.,-10.5,-20.5));
#3020 = VECTOR('',#3021,1.);
#3021 = DIRECTION('',(-0.,1.,0.));
#3022 = PCURVE('',#1005,#3023);
#3023 = DEFINITIONAL_REPRESENTATION('',(#3024),#3028);
#3024 = LINE('',#3025,#3026);
#3025 = CARTESIAN_POINT('',(0.,0.));
#3026 = VECTOR('',#3027,1.);
#3027 = DIRECTION('',(0.,1.));
#3028 = ( GEOMETRIC_REPRESENTATION_CONTEXT(2) 
PARAMETRIC_REPRESENTATION_CONTEXT() REPRESENTATION_CONTEXT('2D SPACE',''
  ) );
#3029 = PCURVE('',#1031,#3030);
#3030 = DEFINITIONAL_REPRESENTATION('',(#3031),#3035);
#3031 = LINE('',#3032,#3033);
#3032 = CARTESIAN_POINT('',(12.,0.));
#3033 = VECTOR('',#3034,1.);
#3034 = DIRECTION('',(0.,-1.));
#3035 = ( GEOMETRIC_REPRESENTATION_CONTEXT(2) 
PARAMETRIC_REPRESENTATION_CONTEXT() REPRESENTATION_CONTEXT('2D SPACE',''
  ) );
#3036 = ORIENTED_EDGE('',*,*,#1977,.T.);
#3037 = ORIENTED_EDGE('',*,*,#3038,.T.);
#3038 = EDGE_CURVE('',#1978,#3039,#3041,.T.);
#3039 = VERTEX_POINT('',#3040);
#3040 = CARTESIAN_POINT('',(14.,-8.5,-20.5));
#3041 = SURFACE_CURVE('',#3042,(#3046,#3052),.PCURVE_S1.);
#3042 = LINE('',#3043,#3044);
#3043 = CARTESIAN_POINT('',(-2.5,-8.5,-20.5));
#3044 = VECTOR('',#3045,1.);
#3045 = DIRECTION('',(1.,0.,-0.));
#3046 = PCURVE('',#1005,#3047);
#3047 = DEFINITIONAL_REPRESENTATION('',(#3048),#3051);
#3048 = B_SPLINE_CURVE_WITH_KNOTS('',1,(#3049,#3050),.UNSPECIFIED.,.F.,
  .F.,(2,2),(15.5,16.5),.PIECEWISE_BEZIER_KNOTS.);
#3049 = CARTESIAN_POINT('',(2.,2.));
#3050 = CARTESIAN_POINT('',(3.,2.));
#3051 = ( GEOMETRIC_REPRESENTATION_CONTEXT(2) 
PARAMETRIC_REPRESENTATION_CONTEXT() REPRESENTATION_CONTEXT('2D SPACE',''
  ) );
#3052 = PCURVE('',#1386,#3053);
#3053 = DEFINITIONAL_REPRESENTATION('',(#3054),#3057);
#3054 = B_SPLINE_CURVE_WITH_KNOTS('',1,(#3055,#3056),.UNSPECIFIED.,.F.,
  .F.,(2,2),(15.5,16.5),.PIECEWISE_BEZIER_KNOTS.);
#3055 = CARTESIAN_POINT('',(34.5,29.));
#3056 = CARTESIAN_POINT('',(34.5,30.));
#3057 = ( GEOMETRIC_REPRESENTATION_CONTEXT(2) 
PARAMETRIC_REPRESENTATION_CONTEXT() REPRESENTATION_CONTEXT('2D SPACE',''
  ) );
#3058 = ORIENTED_EDGE('',*,*,#3059,.T.);
#3059 = EDGE_CURVE('',#3039,#991,#3060,.T.);
#3060 = SURFACE_CURVE('',#3061,(#3065,#3072),.PCURVE_S1.);
#3061 = LINE('',#3062,#3063);
#3062 = CARTESIAN_POINT('',(14.,-10.5,-20.5));
#3063 = VECTOR('',#3064,1.);
#3064 = DIRECTION('',(-0.,1.,0.));
#3065 = PCURVE('',#1005,#3066);
#3066 = DEFINITIONAL_REPRESENTATION('',(#3067),#3071);
#3067 = LINE('',#3068,#3069);
#3068 = CARTESIAN_POINT('',(3.,0.));
#3069 = VECTOR('',#3070,1.);
#3070 = DIRECTION('',(0.,1.));
#3071 = ( GEOMETRIC_REPRESENTATION_CONTEXT(2) 
PARAMETRIC_REPRESENTATION_CONTEXT() REPRESENTATION_CONTEXT('2D SPACE',''
  ) );
#3072 = PCURVE('',#1081,#3073);
#3073 = DEFINITIONAL_REPRESENTATION('',(#3074),#3078);
#3074 = LINE('',#3075,#3076);
#3075 = CARTESIAN_POINT('',(12.,0.));
#3076 = VECTOR('',#3077,1.);
#3077 = DIRECTION('',(0.,-1.));
#3078 = ( GEOMETRIC_REPRESENTATION_CONTEXT(2) 
PARAMETRIC_REPRESENTATION_CONTEXT() REPRESENTATION_CONTEXT('2D SPACE',''
  ) );
#3079 = ORIENTED_EDGE('',*,*,#988,.F.);
#3080 = ADVANCED_FACE('',(#3081),#1031,.T.);
#3081 = FACE_BOUND('',#3082,.T.);
#3082 = EDGE_LOOP('',(#3083,#3084,#3085,#3106));
#3083 = ORIENTED_EDGE('',*,*,#3016,.F.);
#3084 = ORIENTED_EDGE('',*,*,#1948,.T.);
#3085 = ORIENTED_EDGE('',*,*,#3086,.T.);
#3086 = EDGE_CURVE('',#1893,#1017,#3087,.T.);
#3087 = SURFACE_CURVE('',#3088,(#3092,#3099),.PCURVE_S1.);
#3088 = LINE('',#3089,#3090);
#3089 = CARTESIAN_POINT('',(11.,-10.5,-32.5));
#3090 = VECTOR('',#3091,1.);
#3091 = DIRECTION('',(-0.,1.,0.));
#3092 = PCURVE('',#1031,#3093);
#3093 = DEFINITIONAL_REPRESENTATION('',(#3094),#3098);
#3094 = LINE('',#3095,#3096);
#3095 = CARTESIAN_POINT('',(0.,0.));
#3096 = VECTOR('',#3097,1.);
#3097 = DIRECTION('',(0.,-1.));
#3098 = ( GEOMETRIC_REPRESENTATION_CONTEXT(2) 
PARAMETRIC_REPRESENTATION_CONTEXT() REPRESENTATION_CONTEXT('2D SPACE',''
  ) );
#3099 = PCURVE('',#1057,#3100);
#3100 = DEFINITIONAL_REPRESENTATION('',(#3101),#3105);
#3101 = LINE('',#3102,#3103);
#3102 = CARTESIAN_POINT('',(0.,0.));
#3103 = VECTOR('',#3104,1.);
#3104 = DIRECTION('',(0.,1.));
#3105 = ( GEOMETRIC_REPRESENTATION_CONTEXT(2) 
PARAMETRIC_REPRESENTATION_CONTEXT() REPRESENTATION_CONTEXT('2D SPACE',''
  ) );
#3106 = ORIENTED_EDGE('',*,*,#1016,.F.);
#3107 = ADVANCED_FACE('',(#3108),#1081,.F.);
#3108 = FACE_BOUND('',#3109,.F.);
#3109 = EDGE_LOOP('',(#3110,#3111,#3132,#3153));
#3110 = ORIENTED_EDGE('',*,*,#3059,.F.);
#3111 = ORIENTED_EDGE('',*,*,#3112,.T.);
#3112 = EDGE_CURVE('',#3039,#3113,#3115,.T.);
#3113 = VERTEX_POINT('',#3114);
#3114 = CARTESIAN_POINT('',(14.,-8.5,-32.5));
#3115 = SURFACE_CURVE('',#3116,(#3120,#3126),.PCURVE_S1.);
#3116 = LINE('',#3117,#3118);
#3117 = CARTESIAN_POINT('',(14.,-8.5,-43.75));
#3118 = VECTOR('',#3119,1.);
#3119 = DIRECTION('',(-0.,0.,-1.));
#3120 = PCURVE('',#1081,#3121);
#3121 = DEFINITIONAL_REPRESENTATION('',(#3122),#3125);
#3122 = B_SPLINE_CURVE_WITH_KNOTS('',1,(#3123,#3124),.UNSPECIFIED.,.F.,
  .F.,(2,2),(-23.25,-11.25),.PIECEWISE_BEZIER_KNOTS.);
#3123 = CARTESIAN_POINT('',(12.,-2.));
#3124 = CARTESIAN_POINT('',(0.,-2.));
#3125 = ( GEOMETRIC_REPRESENTATION_CONTEXT(2) 
PARAMETRIC_REPRESENTATION_CONTEXT() REPRESENTATION_CONTEXT('2D SPACE',''
  ) );
#3126 = PCURVE('',#1386,#3127);
#3127 = DEFINITIONAL_REPRESENTATION('',(#3128),#3131);
#3128 = B_SPLINE_CURVE_WITH_KNOTS('',1,(#3129,#3130),.UNSPECIFIED.,.F.,
  .F.,(2,2),(-23.25,-11.25),.PIECEWISE_BEZIER_KNOTS.);
#3129 = CARTESIAN_POINT('',(34.5,30.));
#3130 = CARTESIAN_POINT('',(22.5,30.));
#3131 = ( GEOMETRIC_REPRESENTATION_CONTEXT(2) 
PARAMETRIC_REPRESENTATION_CONTEXT() REPRESENTATION_CONTEXT('2D SPACE',''
  ) );
#3132 = ORIENTED_EDGE('',*,*,#3133,.T.);
#3133 = EDGE_CURVE('',#3113,#1043,#3134,.T.);
#3134 = SURFACE_CURVE('',#3135,(#3139,#3146),.PCURVE_S1.);
#3135 = LINE('',#3136,#3137);
#3136 = CARTESIAN_POINT('',(14.,-10.5,-32.5));
#3137 = VECTOR('',#3138,1.);
#3138 = DIRECTION('',(-0.,1.,0.));
#3139 = PCURVE('',#1081,#3140);
#3140 = DEFINITIONAL_REPRESENTATION('',(#3141),#3145);
#3141 = LINE('',#3142,#3143);
#3142 = CARTESIAN_POINT('',(0.,0.));
#3143 = VECTOR('',#3144,1.);
#3144 = DIRECTION('',(0.,-1.));
#3145 = ( GEOMETRIC_REPRESENTATION_CONTEXT(2) 
PARAMETRIC_REPRESENTATION_CONTEXT() REPRESENTATION_CONTEXT('2D SPACE',''
  ) );
#3146 = PCURVE('',#1057,#3147);
#3147 = DEFINITIONAL_REPRESENTATION('',(#3148),#3152);
#3148 = LINE('',#3149,#3150);
#3149 = CARTESIAN_POINT('',(3.,0.));
#3150 = VECTOR('',#3151,1.);
#3151 = DIRECTION('',(0.,1.));
#3152 = ( GEOMETRIC_REPRESENTATION_CONTEXT(2) 
PARAMETRIC_REPRESENTATION_CONTEXT() REPRESENTATION_CONTEXT('2D SPACE',''
  ) );
#3153 = ORIENTED_EDGE('',*,*,#1068,.F.);
#3154 = ADVANCED_FACE('',(#3155),#1057,.T.);
#3155 = FACE_BOUND('',#3156,.T.);
#3156 = EDGE_LOOP('',(#3157,#3158,#3159,#3178,#3179));
#3157 = ORIENTED_EDGE('',*,*,#3086,.F.);
#3158 = ORIENTED_EDGE('',*,*,#1892,.T.);
#3159 = ORIENTED_EDGE('',*,*,#3160,.T.);
#3160 = EDGE_CURVE('',#1870,#3113,#3161,.T.);
#3161 = SURFACE_CURVE('',#3162,(#3166,#3172),.PCURVE_S1.);
#3162 = LINE('',#3163,#3164);
#3163 = CARTESIAN_POINT('',(-2.5,-8.5,-32.5));
#3164 = VECTOR('',#3165,1.);
#3165 = DIRECTION('',(1.,0.,-0.));
#3166 = PCURVE('',#1057,#3167);
#3167 = DEFINITIONAL_REPRESENTATION('',(#3168),#3171);
#3168 = B_SPLINE_CURVE_WITH_KNOTS('',1,(#3169,#3170),.UNSPECIFIED.,.F.,
  .F.,(2,2),(15.5,16.5),.PIECEWISE_BEZIER_KNOTS.);
#3169 = CARTESIAN_POINT('',(2.,2.));
#3170 = CARTESIAN_POINT('',(3.,2.));
#3171 = ( GEOMETRIC_REPRESENTATION_CONTEXT(2) 
PARAMETRIC_REPRESENTATION_CONTEXT() REPRESENTATION_CONTEXT('2D SPACE',''
  ) );
#3172 = PCURVE('',#1386,#3173);
#3173 = DEFINITIONAL_REPRESENTATION('',(#3174),#3177);
#3174 = B_SPLINE_CURVE_WITH_KNOTS('',1,(#3175,#3176),.UNSPECIFIED.,.F.,
  .F.,(2,2),(15.5,16.5),.PIECEWISE_BEZIER_KNOTS.);
#3175 = CARTESIAN_POINT('',(22.5,29.));
#3176 = CARTESIAN_POINT('',(22.5,30.));
#3177 = ( GEOMETRIC_REPRESENTATION_CONTEXT(2) 
PARAMETRIC_REPRESENTATION_CONTEXT() REPRESENTATION_CONTEXT('2D SPACE',''
  ) );
#3178 = ORIENTED_EDGE('',*,*,#3133,.T.);
#3179 = ORIENTED_EDGE('',*,*,#1042,.F.);
#3180 = ADVANCED_FACE('',(#3181),#1386,.F.);
#3181 = FACE_BOUND('',#3182,.F.);
#3182 = EDGE_LOOP('',(#3183,#3184,#3185,#3186,#3187,#3188,#3189,#3190,
    #3191,#3192,#3193,#3194));
#3183 = ORIENTED_EDGE('',*,*,#1370,.F.);
#3184 = ORIENTED_EDGE('',*,*,#1705,.T.);
#3185 = ORIENTED_EDGE('',*,*,#2985,.T.);
#3186 = ORIENTED_EDGE('',*,*,#2917,.F.);
#3187 = ORIENTED_EDGE('',*,*,#2870,.F.);
#3188 = ORIENTED_EDGE('',*,*,#1869,.T.);
#3189 = ORIENTED_EDGE('',*,*,#3160,.T.);
#3190 = ORIENTED_EDGE('',*,*,#3112,.F.);
#3191 = ORIENTED_EDGE('',*,*,#3038,.F.);
#3192 = ORIENTED_EDGE('',*,*,#2033,.T.);
#3193 = ORIENTED_EDGE('',*,*,#2747,.T.);
#3194 = ORIENTED_EDGE('',*,*,#2589,.F.);
#3195 = ADVANCED_FACE('',(#3196,#3271),#2654,.T.);
#3196 = FACE_BOUND('',#3197,.T.);
#3197 = EDGE_LOOP('',(#3198,#3221,#3249,#3270));
#3198 = ORIENTED_EDGE('',*,*,#3199,.F.);
#3199 = EDGE_CURVE('',#3200,#2638,#3202,.T.);
#3200 = VERTEX_POINT('',#3201);
#3201 = CARTESIAN_POINT('',(7.5,6.1,-7.));
#3202 = SURFACE_CURVE('',#3203,(#3207,#3214),.PCURVE_S1.);
#3203 = LINE('',#3204,#3205);
#3204 = CARTESIAN_POINT('',(7.5,6.1,-7.));
#3205 = VECTOR('',#3206,1.);
#3206 = DIRECTION('',(1.,0.,-0.));
#3207 = PCURVE('',#2654,#3208);
#3208 = DEFINITIONAL_REPRESENTATION('',(#3209),#3213);
#3209 = LINE('',#3210,#3211);
#3210 = CARTESIAN_POINT('',(0.,7.2));
#3211 = VECTOR('',#3212,1.);
#3212 = DIRECTION('',(1.,0.));
#3213 = ( GEOMETRIC_REPRESENTATION_CONTEXT(2) 
PARAMETRIC_REPRESENTATION_CONTEXT() REPRESENTATION_CONTEXT('2D SPACE',''
  ) );
#3214 = PCURVE('',#2730,#3215);
#3215 = DEFINITIONAL_REPRESENTATION('',(#3216),#3220);
#3216 = LINE('',#3217,#3218);
#3217 = CARTESIAN_POINT('',(0.,0.));
#3218 = VECTOR('',#3219,1.);
#3219 = DIRECTION('',(0.,1.));
#3220 = ( GEOMETRIC_REPRESENTATION_CONTEXT(2) 
PARAMETRIC_REPRESENTATION_CONTEXT() REPRESENTATION_CONTEXT('2D SPACE',''
  ) );
#3221 = ORIENTED_EDGE('',*,*,#3222,.F.);
#3222 = EDGE_CURVE('',#3223,#3200,#3225,.T.);
#3223 = VERTEX_POINT('',#3224);
#3224 = CARTESIAN_POINT('',(7.5,-1.1,-7.));
#3225 = SURFACE_CURVE('',#3226,(#3230,#3237),.PCURVE_S1.);
#3226 = LINE('',#3227,#3228);
#3227 = CARTESIAN_POINT('',(7.5,-1.1,-7.));
#3228 = VECTOR('',#3229,1.);
#3229 = DIRECTION('',(-0.,1.,0.));
#3230 = PCURVE('',#2654,#3231);
#3231 = DEFINITIONAL_REPRESENTATION('',(#3232),#3236);
#3232 = LINE('',#3233,#3234);
#3233 = CARTESIAN_POINT('',(0.,0.));
#3234 = VECTOR('',#3235,1.);
#3235 = DIRECTION('',(0.,1.));
#3236 = ( GEOMETRIC_REPRESENTATION_CONTEXT(2) 
PARAMETRIC_REPRESENTATION_CONTEXT() REPRESENTATION_CONTEXT('2D SPACE',''
  ) );
#3237 = PCURVE('',#3238,#3243);
#3238 = PLANE('',#3239);
#3239 = AXIS2_PLACEMENT_3D('',#3240,#3241,#3242);
#3240 = CARTESIAN_POINT('',(7.5,-1.1,-7.));
#3241 = DIRECTION('',(1.,0.,-0.));
#3242 = DIRECTION('',(0.,0.,1.));
#3243 = DEFINITIONAL_REPRESENTATION('',(#3244),#3248);
#3244 = LINE('',#3245,#3246);
#3245 = CARTESIAN_POINT('',(0.,0.));
#3246 = VECTOR('',#3247,1.);
#3247 = DIRECTION('',(0.,-1.));
#3248 = ( GEOMETRIC_REPRESENTATION_CONTEXT(2) 
PARAMETRIC_REPRESENTATION_CONTEXT() REPRESENTATION_CONTEXT('2D SPACE',''
  ) );
#3249 = ORIENTED_EDGE('',*,*,#3250,.T.);
#3250 = EDGE_CURVE('',#3223,#2640,#3251,.T.);
#3251 = SURFACE_CURVE('',#3252,(#3256,#3263),.PCURVE_S1.);
#3252 = LINE('',#3253,#3254);
#3253 = CARTESIAN_POINT('',(7.5,-1.1,-7.));
#3254 = VECTOR('',#3255,1.);
#3255 = DIRECTION('',(1.,0.,-0.));
#3256 = PCURVE('',#2654,#3257);
#3257 = DEFINITIONAL_REPRESENTATION('',(#3258),#3262);
#3258 = LINE('',#3259,#3260);
#3259 = CARTESIAN_POINT('',(0.,0.));
#3260 = VECTOR('',#3261,1.);
#3261 = DIRECTION('',(1.,0.));
#3262 = ( GEOMETRIC_REPRESENTATION_CONTEXT(2) 
PARAMETRIC_REPRESENTATION_CONTEXT() REPRESENTATION_CONTEXT('2D SPACE',''
  ) );
#3263 = PCURVE('',#2680,#3264);
#3264 = DEFINITIONAL_REPRESENTATION('',(#3265),#3269);
#3265 = LINE('',#3266,#3267);
#3266 = CARTESIAN_POINT('',(0.,0.));
#3267 = VECTOR('',#3268,1.);
#3268 = DIRECTION('',(0.,1.));
#3269 = ( GEOMETRIC_REPRESENTATION_CONTEXT(2) 
PARAMETRIC_REPRESENTATION_CONTEXT() REPRESENTATION_CONTEXT('2D SPACE',''
  ) );
#3270 = ORIENTED_EDGE('',*,*,#2637,.F.);
#3271 = FACE_BOUND('',#3272,.T.);
#3272 = EDGE_LOOP('',(#3273));
#3273 = ORIENTED_EDGE('',*,*,#3274,.F.);
#3274 = EDGE_CURVE('',#3275,#3275,#3277,.T.);
#3275 = VERTEX_POINT('',#3276);
#3276 = CARTESIAN_POINT('',(14.2,2.5,-7.));
#3277 = SURFACE_CURVE('',#3278,(#3283,#3290),.PCURVE_S1.);
#3278 = CIRCLE('',#3279,2.2);
#3279 = AXIS2_PLACEMENT_3D('',#3280,#3281,#3282);
#3280 = CARTESIAN_POINT('',(12.,2.5,-7.));
#3281 = DIRECTION('',(0.,0.,1.));
#3282 = DIRECTION('',(1.,0.,-0.));
#3283 = PCURVE('',#2654,#3284);
#3284 = DEFINITIONAL_REPRESENTATION('',(#3285),#3289);
#3285 = CIRCLE('',#3286,2.2);
#3286 = AXIS2_PLACEMENT_2D('',#3287,#3288);
#3287 = CARTESIAN_POINT('',(4.5,3.6));
#3288 = DIRECTION('',(1.,0.));
#3289 = ( GEOMETRIC_REPRESENTATION_CONTEXT(2) 
PARAMETRIC_REPRESENTATION_CONTEXT() REPRESENTATION_CONTEXT('2D SPACE',''
  ) );
#3290 = PCURVE('',#3291,#3296);
#3291 = CYLINDRICAL_SURFACE('',#3292,2.2);
#3292 = AXIS2_PLACEMENT_3D('',#3293,#3294,#3295);
#3293 = CARTESIAN_POINT('',(12.,2.5,-11.));
#3294 = DIRECTION('',(0.,0.,1.));
#3295 = DIRECTION('',(1.,0.,-0.));
#3296 = DEFINITIONAL_REPRESENTATION('',(#3297),#3301);
#3297 = LINE('',#3298,#3299);
#3298 = CARTESIAN_POINT('',(0.,4.));
#3299 = VECTOR('',#3300,1.);
#3300 = DIRECTION('',(1.,0.));
#3301 = ( GEOMETRIC_REPRESENTATION_CONTEXT(2) 
PARAMETRIC_REPRESENTATION_CONTEXT() REPRESENTATION_CONTEXT('2D SPACE',''
  ) );
#3302 = ADVANCED_FACE('',(#3303),#2730,.F.);
#3303 = FACE_BOUND('',#3304,.F.);
#3304 = EDGE_LOOP('',(#3305,#3306,#3329,#3350));
#3305 = ORIENTED_EDGE('',*,*,#3199,.F.);
#3306 = ORIENTED_EDGE('',*,*,#3307,.T.);
#3307 = EDGE_CURVE('',#3200,#3308,#3310,.T.);
#3308 = VERTEX_POINT('',#3309);
#3309 = CARTESIAN_POINT('',(7.5,6.1,-3.4));
#3310 = SURFACE_CURVE('',#3311,(#3315,#3322),.PCURVE_S1.);
#3311 = LINE('',#3312,#3313);
#3312 = CARTESIAN_POINT('',(7.5,6.1,-7.));
#3313 = VECTOR('',#3314,1.);
#3314 = DIRECTION('',(0.,0.,1.));
#3315 = PCURVE('',#2730,#3316);
#3316 = DEFINITIONAL_REPRESENTATION('',(#3317),#3321);
#3317 = LINE('',#3318,#3319);
#3318 = CARTESIAN_POINT('',(0.,0.));
#3319 = VECTOR('',#3320,1.);
#3320 = DIRECTION('',(1.,0.));
#3321 = ( GEOMETRIC_REPRESENTATION_CONTEXT(2) 
PARAMETRIC_REPRESENTATION_CONTEXT() REPRESENTATION_CONTEXT('2D SPACE',''
  ) );
#3322 = PCURVE('',#3238,#3323);
#3323 = DEFINITIONAL_REPRESENTATION('',(#3324),#3328);
#3324 = LINE('',#3325,#3326);
#3325 = CARTESIAN_POINT('',(0.,-7.2));
#3326 = VECTOR('',#3327,1.);
#3327 = DIRECTION('',(1.,0.));
#3328 = ( GEOMETRIC_REPRESENTATION_CONTEXT(2) 
PARAMETRIC_REPRESENTATION_CONTEXT() REPRESENTATION_CONTEXT('2D SPACE',''
  ) );
#3329 = ORIENTED_EDGE('',*,*,#3330,.T.);
#3330 = EDGE_CURVE('',#3308,#2692,#3331,.T.);
#3331 = SURFACE_CURVE('',#3332,(#3336,#3343),.PCURVE_S1.);
#3332 = LINE('',#3333,#3334);
#3333 = CARTESIAN_POINT('',(7.5,6.1,-3.4));
#3334 = VECTOR('',#3335,1.);
#3335 = DIRECTION('',(1.,0.,-0.));
#3336 = PCURVE('',#2730,#3337);
#3337 = DEFINITIONAL_REPRESENTATION('',(#3338),#3342);
#3338 = LINE('',#3339,#3340);
#3339 = CARTESIAN_POINT('',(3.6,0.));
#3340 = VECTOR('',#3341,1.);
#3341 = DIRECTION('',(0.,1.));
#3342 = ( GEOMETRIC_REPRESENTATION_CONTEXT(2) 
PARAMETRIC_REPRESENTATION_CONTEXT() REPRESENTATION_CONTEXT('2D SPACE',''
  ) );
#3343 = PCURVE('',#2706,#3344);
#3344 = DEFINITIONAL_REPRESENTATION('',(#3345),#3349);
#3345 = LINE('',#3346,#3347);
#3346 = CARTESIAN_POINT('',(0.,7.2));
#3347 = VECTOR('',#3348,1.);
#3348 = DIRECTION('',(1.,0.));
#3349 = ( GEOMETRIC_REPRESENTATION_CONTEXT(2) 
PARAMETRIC_REPRESENTATION_CONTEXT() REPRESENTATION_CONTEXT('2D SPACE',''
  ) );
#3350 = ORIENTED_EDGE('',*,*,#2717,.F.);
#3351 = ADVANCED_FACE('',(#3352,#3400),#2706,.F.);
#3352 = FACE_BOUND('',#3353,.F.);
#3353 = EDGE_LOOP('',(#3354,#3355,#3378,#3399));
#3354 = ORIENTED_EDGE('',*,*,#3330,.F.);
#3355 = ORIENTED_EDGE('',*,*,#3356,.F.);
#3356 = EDGE_CURVE('',#3357,#3308,#3359,.T.);
#3357 = VERTEX_POINT('',#3358);
#3358 = CARTESIAN_POINT('',(7.5,-1.1,-3.4));
#3359 = SURFACE_CURVE('',#3360,(#3364,#3371),.PCURVE_S1.);
#3360 = LINE('',#3361,#3362);
#3361 = CARTESIAN_POINT('',(7.5,-1.1,-3.4));
#3362 = VECTOR('',#3363,1.);
#3363 = DIRECTION('',(-0.,1.,0.));
#3364 = PCURVE('',#2706,#3365);
#3365 = DEFINITIONAL_REPRESENTATION('',(#3366),#3370);
#3366 = LINE('',#3367,#3368);
#3367 = CARTESIAN_POINT('',(0.,0.));
#3368 = VECTOR('',#3369,1.);
#3369 = DIRECTION('',(0.,1.));
#3370 = ( GEOMETRIC_REPRESENTATION_CONTEXT(2) 
PARAMETRIC_REPRESENTATION_CONTEXT() REPRESENTATION_CONTEXT('2D SPACE',''
  ) );
#3371 = PCURVE('',#3238,#3372);
#3372 = DEFINITIONAL_REPRESENTATION('',(#3373),#3377);
#3373 = LINE('',#3374,#3375);
#3374 = CARTESIAN_POINT('',(3.6,0.));
#3375 = VECTOR('',#3376,1.);
#3376 = DIRECTION('',(0.,-1.));
#3377 = ( GEOMETRIC_REPRESENTATION_CONTEXT(2) 
PARAMETRIC_REPRESENTATION_CONTEXT() REPRESENTATION_CONTEXT('2D SPACE',''
  ) );
#3378 = ORIENTED_EDGE('',*,*,#3379,.T.);
#3379 = EDGE_CURVE('',#3357,#2666,#3380,.T.);
#3380 = SURFACE_CURVE('',#3381,(#3385,#3392),.PCURVE_S1.);
#3381 = LINE('',#3382,#3383);
#3382 = CARTESIAN_POINT('',(7.5,-1.1,-3.4));
#3383 = VECTOR('',#3384,1.);
#3384 = DIRECTION('',(1.,0.,-0.));
#3385 = PCURVE('',#2706,#3386);
#3386 = DEFINITIONAL_REPRESENTATION('',(#3387),#3391);
#3387 = LINE('',#3388,#3389);
#3388 = CARTESIAN_POINT('',(0.,0.));
#3389 = VECTOR('',#3390,1.);
#3390 = DIRECTION('',(1.,0.));
#3391 = ( GEOMETRIC_REPRESENTATION_CONTEXT(2) 
PARAMETRIC_REPRESENTATION_CONTEXT() REPRESENTATION_CONTEXT('2D SPACE',''
  ) );
#3392 = PCURVE('',#2680,#3393);
#3393 = DEFINITIONAL_REPRESENTATION('',(#3394),#3398);
#3394 = LINE('',#3395,#3396);
#3395 = CARTESIAN_POINT('',(3.6,0.));
#3396 = VECTOR('',#3397,1.);
#3397 = DIRECTION('',(0.,1.));
#3398 = ( GEOMETRIC_REPRESENTATION_CONTEXT(2) 
PARAMETRIC_REPRESENTATION_CONTEXT() REPRESENTATION_CONTEXT('2D SPACE',''
  ) );
#3399 = ORIENTED_EDGE('',*,*,#2691,.F.);
#3400 = FACE_BOUND('',#3401,.F.);
#3401 = EDGE_LOOP('',(#3402));
#3402 = ORIENTED_EDGE('',*,*,#3403,.F.);
#3403 = EDGE_CURVE('',#3404,#3404,#3406,.T.);
#3404 = VERTEX_POINT('',#3405);
#3405 = CARTESIAN_POINT('',(14.2,2.5,-3.4));
#3406 = SURFACE_CURVE('',#3407,(#3412,#3419),.PCURVE_S1.);
#3407 = CIRCLE('',#3408,2.2);
#3408 = AXIS2_PLACEMENT_3D('',#3409,#3410,#3411);
#3409 = CARTESIAN_POINT('',(12.,2.5,-3.4));
#3410 = DIRECTION('',(0.,0.,1.));
#3411 = DIRECTION('',(1.,0.,-0.));
#3412 = PCURVE('',#2706,#3413);
#3413 = DEFINITIONAL_REPRESENTATION('',(#3414),#3418);
#3414 = CIRCLE('',#3415,2.2);
#3415 = AXIS2_PLACEMENT_2D('',#3416,#3417);
#3416 = CARTESIAN_POINT('',(4.5,3.6));
#3417 = DIRECTION('',(1.,0.));
#3418 = ( GEOMETRIC_REPRESENTATION_CONTEXT(2) 
PARAMETRIC_REPRESENTATION_CONTEXT() REPRESENTATION_CONTEXT('2D SPACE',''
  ) );
#3419 = PCURVE('',#2819,#3420);
#3420 = DEFINITIONAL_REPRESENTATION('',(#3421),#3425);
#3421 = LINE('',#3422,#3423);
#3422 = CARTESIAN_POINT('',(0.,7.6));
#3423 = VECTOR('',#3424,1.);
#3424 = DIRECTION('',(1.,0.));
#3425 = ( GEOMETRIC_REPRESENTATION_CONTEXT(2) 
PARAMETRIC_REPRESENTATION_CONTEXT() REPRESENTATION_CONTEXT('2D SPACE',''
  ) );
#3426 = ADVANCED_FACE('',(#3427),#2680,.T.);
#3427 = FACE_BOUND('',#3428,.T.);
#3428 = EDGE_LOOP('',(#3429,#3430,#3451,#3452));
#3429 = ORIENTED_EDGE('',*,*,#3250,.F.);
#3430 = ORIENTED_EDGE('',*,*,#3431,.T.);
#3431 = EDGE_CURVE('',#3223,#3357,#3432,.T.);
#3432 = SURFACE_CURVE('',#3433,(#3437,#3444),.PCURVE_S1.);
#3433 = LINE('',#3434,#3435);
#3434 = CARTESIAN_POINT('',(7.5,-1.1,-7.));
#3435 = VECTOR('',#3436,1.);
#3436 = DIRECTION('',(0.,0.,1.));
#3437 = PCURVE('',#2680,#3438);
#3438 = DEFINITIONAL_REPRESENTATION('',(#3439),#3443);
#3439 = LINE('',#3440,#3441);
#3440 = CARTESIAN_POINT('',(0.,0.));
#3441 = VECTOR('',#3442,1.);
#3442 = DIRECTION('',(1.,0.));
#3443 = ( GEOMETRIC_REPRESENTATION_CONTEXT(2) 
PARAMETRIC_REPRESENTATION_CONTEXT() REPRESENTATION_CONTEXT('2D SPACE',''
  ) );
#3444 = PCURVE('',#3238,#3445);
#3445 = DEFINITIONAL_REPRESENTATION('',(#3446),#3450);
#3446 = LINE('',#3447,#3448);
#3447 = CARTESIAN_POINT('',(0.,0.));
#3448 = VECTOR('',#3449,1.);
#3449 = DIRECTION('',(1.,0.));
#3450 = ( GEOMETRIC_REPRESENTATION_CONTEXT(2) 
PARAMETRIC_REPRESENTATION_CONTEXT() REPRESENTATION_CONTEXT('2D SPACE',''
  ) );
#3451 = ORIENTED_EDGE('',*,*,#3379,.T.);
#3452 = ORIENTED_EDGE('',*,*,#2665,.F.);
#3453 = ADVANCED_FACE('',(#3454),#2788,.F.);
#3454 = FACE_BOUND('',#3455,.F.);
#3455 = EDGE_LOOP('',(#3456,#3457,#3480,#3507));
#3456 = ORIENTED_EDGE('',*,*,#2771,.F.);
#3457 = ORIENTED_EDGE('',*,*,#3458,.F.);
#3458 = EDGE_CURVE('',#3459,#2772,#3461,.T.);
#3459 = VERTEX_POINT('',#3460);
#3460 = CARTESIAN_POINT('',(3.5,2.5,-5.));
#3461 = SEAM_CURVE('',#3462,(#3466,#3473),.PCURVE_S1.);
#3462 = LINE('',#3463,#3464);
#3463 = CARTESIAN_POINT('',(3.5,2.5,-5.));
#3464 = VECTOR('',#3465,1.);
#3465 = DIRECTION('',(0.,0.,1.));
#3466 = PCURVE('',#2788,#3467);
#3467 = DEFINITIONAL_REPRESENTATION('',(#3468),#3472);
#3468 = LINE('',#3469,#3470);
#3469 = CARTESIAN_POINT('',(6.28318530718,-0.));
#3470 = VECTOR('',#3471,1.);
#3471 = DIRECTION('',(0.,1.));
#3472 = ( GEOMETRIC_REPRESENTATION_CONTEXT(2) 
PARAMETRIC_REPRESENTATION_CONTEXT() REPRESENTATION_CONTEXT('2D SPACE',''
  ) );
#3473 = PCURVE('',#2788,#3474);
#3474 = DEFINITIONAL_REPRESENTATION('',(#3475),#3479);
#3475 = LINE('',#3476,#3477);
#3476 = CARTESIAN_POINT('',(0.,-0.));
#3477 = VECTOR('',#3478,1.);
#3478 = DIRECTION('',(0.,1.));
#3479 = ( GEOMETRIC_REPRESENTATION_CONTEXT(2) 
PARAMETRIC_REPRESENTATION_CONTEXT() REPRESENTATION_CONTEXT('2D SPACE',''
  ) );
#3480 = ORIENTED_EDGE('',*,*,#3481,.T.);
#3481 = EDGE_CURVE('',#3459,#3459,#3482,.T.);
#3482 = SURFACE_CURVE('',#3483,(#3488,#3495),.PCURVE_S1.);
#3483 = CIRCLE('',#3484,2.);
#3484 = AXIS2_PLACEMENT_3D('',#3485,#3486,#3487);
#3485 = CARTESIAN_POINT('',(1.5,2.5,-5.));
#3486 = DIRECTION('',(0.,0.,1.));
#3487 = DIRECTION('',(1.,0.,-0.));
#3488 = PCURVE('',#2788,#3489);
#3489 = DEFINITIONAL_REPRESENTATION('',(#3490),#3494);
#3490 = LINE('',#3491,#3492);
#3491 = CARTESIAN_POINT('',(0.,0.));
#3492 = VECTOR('',#3493,1.);
#3493 = DIRECTION('',(1.,0.));
#3494 = ( GEOMETRIC_REPRESENTATION_CONTEXT(2) 
PARAMETRIC_REPRESENTATION_CONTEXT() REPRESENTATION_CONTEXT('2D SPACE',''
  ) );
#3495 = PCURVE('',#3496,#3501);
#3496 = PLANE('',#3497);
#3497 = AXIS2_PLACEMENT_3D('',#3498,#3499,#3500);
#3498 = CARTESIAN_POINT('',(1.5,2.5,-5.));
#3499 = DIRECTION('',(0.,0.,1.));
#3500 = DIRECTION('',(1.,0.,-0.));
#3501 = DEFINITIONAL_REPRESENTATION('',(#3502),#3506);
#3502 = CIRCLE('',#3503,2.);
#3503 = AXIS2_PLACEMENT_2D('',#3504,#3505);
#3504 = CARTESIAN_POINT('',(0.,0.));
#3505 = DIRECTION('',(1.,0.));
#3506 = ( GEOMETRIC_REPRESENTATION_CONTEXT(2) 
PARAMETRIC_REPRESENTATION_CONTEXT() REPRESENTATION_CONTEXT('2D SPACE',''
  ) );
#3507 = ORIENTED_EDGE('',*,*,#3458,.T.);
#3508 = ADVANCED_FACE('',(#3509),#2819,.F.);
#3509 = FACE_BOUND('',#3510,.F.);
#3510 = EDGE_LOOP('',(#3511,#3532,#3533,#3534));
#3511 = ORIENTED_EDGE('',*,*,#3512,.T.);
#3512 = EDGE_CURVE('',#3404,#2803,#3513,.T.);
#3513 = SEAM_CURVE('',#3514,(#3518,#3525),.PCURVE_S1.);
#3514 = LINE('',#3515,#3516);
#3515 = CARTESIAN_POINT('',(14.2,2.5,-11.));
#3516 = VECTOR('',#3517,1.);
#3517 = DIRECTION('',(0.,0.,1.));
#3518 = PCURVE('',#2819,#3519);
#3519 = DEFINITIONAL_REPRESENTATION('',(#3520),#3524);
#3520 = LINE('',#3521,#3522);
#3521 = CARTESIAN_POINT('',(6.28318530718,-0.));
#3522 = VECTOR('',#3523,1.);
#3523 = DIRECTION('',(0.,1.));
#3524 = ( GEOMETRIC_REPRESENTATION_CONTEXT(2) 
PARAMETRIC_REPRESENTATION_CONTEXT() REPRESENTATION_CONTEXT('2D SPACE',''
  ) );
#3525 = PCURVE('',#2819,#3526);
#3526 = DEFINITIONAL_REPRESENTATION('',(#3527),#3531);
#3527 = LINE('',#3528,#3529);
#3528 = CARTESIAN_POINT('',(0.,-0.));
#3529 = VECTOR('',#3530,1.);
#3530 = DIRECTION('',(0.,1.));
#3531 = ( GEOMETRIC_REPRESENTATION_CONTEXT(2) 
PARAMETRIC_REPRESENTATION_CONTEXT() REPRESENTATION_CONTEXT('2D SPACE',''
  ) );
#3532 = ORIENTED_EDGE('',*,*,#2802,.F.);
#3533 = ORIENTED_EDGE('',*,*,#3512,.F.);
#3534 = ORIENTED_EDGE('',*,*,#3403,.T.);
#3535 = ADVANCED_FACE('',(#3536),#3238,.T.);
#3536 = FACE_BOUND('',#3537,.T.);
#3537 = EDGE_LOOP('',(#3538,#3539,#3540,#3541));
#3538 = ORIENTED_EDGE('',*,*,#3431,.F.);
#3539 = ORIENTED_EDGE('',*,*,#3222,.T.);
#3540 = ORIENTED_EDGE('',*,*,#3307,.T.);
#3541 = ORIENTED_EDGE('',*,*,#3356,.F.);
#3542 = ADVANCED_FACE('',(#3543),#3291,.F.);
#3543 = FACE_BOUND('',#3544,.F.);
#3544 = EDGE_LOOP('',(#3545,#3546,#3569,#3596));
#3545 = ORIENTED_EDGE('',*,*,#3274,.F.);
#3546 = ORIENTED_EDGE('',*,*,#3547,.F.);
#3547 = EDGE_CURVE('',#3548,#3275,#3550,.T.);
#3548 = VERTEX_POINT('',#3549);
#3549 = CARTESIAN_POINT('',(14.2,2.5,-11.));
#3550 = SEAM_CURVE('',#3551,(#3555,#3562),.PCURVE_S1.);
#3551 = LINE('',#3552,#3553);
#3552 = CARTESIAN_POINT('',(14.2,2.5,-11.));
#3553 = VECTOR('',#3554,1.);
#3554 = DIRECTION('',(0.,0.,1.));
#3555 = PCURVE('',#3291,#3556);
#3556 = DEFINITIONAL_REPRESENTATION('',(#3557),#3561);
#3557 = LINE('',#3558,#3559);
#3558 = CARTESIAN_POINT('',(6.28318530718,-0.));
#3559 = VECTOR('',#3560,1.);
#3560 = DIRECTION('',(0.,1.));
#3561 = ( GEOMETRIC_REPRESENTATION_CONTEXT(2) 
PARAMETRIC_REPRESENTATION_CONTEXT() REPRESENTATION_CONTEXT('2D SPACE',''
  ) );
#3562 = PCURVE('',#3291,#3563);
#3563 = DEFINITIONAL_REPRESENTATION('',(#3564),#3568);
#3564 = LINE('',#3565,#3566);
#3565 = CARTESIAN_POINT('',(0.,-0.));
#3566 = VECTOR('',#3567,1.);
#3567 = DIRECTION('',(0.,1.));
#3568 = ( GEOMETRIC_REPRESENTATION_CONTEXT(2) 
PARAMETRIC_REPRESENTATION_CONTEXT() REPRESENTATION_CONTEXT('2D SPACE',''
  ) );
#3569 = ORIENTED_EDGE('',*,*,#3570,.T.);
#3570 = EDGE_CURVE('',#3548,#3548,#3571,.T.);
#3571 = SURFACE_CURVE('',#3572,(#3577,#3584),.PCURVE_S1.);
#3572 = CIRCLE('',#3573,2.2);
#3573 = AXIS2_PLACEMENT_3D('',#3574,#3575,#3576);
#3574 = CARTESIAN_POINT('',(12.,2.5,-11.));
#3575 = DIRECTION('',(0.,0.,1.));
#3576 = DIRECTION('',(1.,0.,-0.));
#3577 = PCURVE('',#3291,#3578);
#3578 = DEFINITIONAL_REPRESENTATION('',(#3579),#3583);
#3579 = LINE('',#3580,#3581);
#3580 = CARTESIAN_POINT('',(0.,0.));
#3581 = VECTOR('',#3582,1.);
#3582 = DIRECTION('',(1.,0.));
#3583 = ( GEOMETRIC_REPRESENTATION_CONTEXT(2) 
PARAMETRIC_REPRESENTATION_CONTEXT() REPRESENTATION_CONTEXT('2D SPACE',''
  ) );
#3584 = PCURVE('',#3585,#3590);
#3585 = PLANE('',#3586);
#3586 = AXIS2_PLACEMENT_3D('',#3587,#3588,#3589);
#3587 = CARTESIAN_POINT('',(12.,2.5,-11.));
#3588 = DIRECTION('',(0.,0.,1.));
#3589 = DIRECTION('',(1.,0.,-0.));
#3590 = DEFINITIONAL_REPRESENTATION('',(#3591),#3595);
#3591 = CIRCLE('',#3592,2.2);
#3592 = AXIS2_PLACEMENT_2D('',#3593,#3594);
#3593 = CARTESIAN_POINT('',(0.,0.));
#3594 = DIRECTION('',(1.,0.));
#3595 = ( GEOMETRIC_REPRESENTATION_CONTEXT(2) 
PARAMETRIC_REPRESENTATION_CONTEXT() REPRESENTATION_CONTEXT('2D SPACE',''
  ) );
#3596 = ORIENTED_EDGE('',*,*,#3547,.T.);
#3597 = ADVANCED_FACE('',(#3598,#3601),#3496,.T.);
#3598 = FACE_BOUND('',#3599,.T.);
#3599 = EDGE_LOOP('',(#3600));
#3600 = ORIENTED_EDGE('',*,*,#3481,.T.);
#3601 = FACE_BOUND('',#3602,.T.);
#3602 = EDGE_LOOP('',(#3603));
#3603 = ORIENTED_EDGE('',*,*,#3604,.F.);
#3604 = EDGE_CURVE('',#3605,#3605,#3607,.T.);
#3605 = VERTEX_POINT('',#3606);
#3606 = CARTESIAN_POINT('',(2.95,2.5,-5.));
#3607 = SURFACE_CURVE('',#3608,(#3613,#3620),.PCURVE_S1.);
#3608 = CIRCLE('',#3609,1.45);
#3609 = AXIS2_PLACEMENT_3D('',#3610,#3611,#3612);
#3610 = CARTESIAN_POINT('',(1.5,2.5,-5.));
#3611 = DIRECTION('',(0.,0.,1.));
#3612 = DIRECTION('',(1.,0.,-0.));
#3613 = PCURVE('',#3496,#3614);
#3614 = DEFINITIONAL_REPRESENTATION('',(#3615),#3619);
#3615 = CIRCLE('',#3616,1.45);
#3616 = AXIS2_PLACEMENT_2D('',#3617,#3618);
#3617 = CARTESIAN_POINT('',(0.,0.));
#3618 = DIRECTION('',(1.,0.));
#3619 = ( GEOMETRIC_REPRESENTATION_CONTEXT(2) 
PARAMETRIC_REPRESENTATION_CONTEXT() REPRESENTATION_CONTEXT('2D SPACE',''
  ) );
#3620 = PCURVE('',#3621,#3626);
#3621 = CYLINDRICAL_SURFACE('',#3622,1.45);
#3622 = AXIS2_PLACEMENT_3D('',#3623,#3624,#3625);
#3623 = CARTESIAN_POINT('',(1.5,2.5,-26.));
#3624 = DIRECTION('',(0.,0.,1.));
#3625 = DIRECTION('',(1.,0.,-0.));
#3626 = DEFINITIONAL_REPRESENTATION('',(#3627),#3631);
#3627 = LINE('',#3628,#3629);
#3628 = CARTESIAN_POINT('',(0.,21.));
#3629 = VECTOR('',#3630,1.);
#3630 = DIRECTION('',(1.,0.));
#3631 = ( GEOMETRIC_REPRESENTATION_CONTEXT(2) 
PARAMETRIC_REPRESENTATION_CONTEXT() REPRESENTATION_CONTEXT('2D SPACE',''
  ) );
#3632 = ADVANCED_FACE('',(#3633),#3585,.T.);
#3633 = FACE_BOUND('',#3634,.F.);
#3634 = EDGE_LOOP('',(#3635));
#3635 = ORIENTED_EDGE('',*,*,#3570,.F.);
#3636 = ADVANCED_FACE('',(#3637),#3621,.F.);
#3637 = FACE_BOUND('',#3638,.F.);
#3638 = EDGE_LOOP('',(#3639,#3640,#3663,#3690));
#3639 = ORIENTED_EDGE('',*,*,#3604,.F.);
#3640 = ORIENTED_EDGE('',*,*,#3641,.F.);
#3641 = EDGE_CURVE('',#3642,#3605,#3644,.T.);
#3642 = VERTEX_POINT('',#3643);
#3643 = CARTESIAN_POINT('',(2.95,2.5,-26.));
#3644 = SEAM_CURVE('',#3645,(#3649,#3656),.PCURVE_S1.);
#3645 = LINE('',#3646,#3647);
#3646 = CARTESIAN_POINT('',(2.95,2.5,-26.));
#3647 = VECTOR('',#3648,1.);
#3648 = DIRECTION('',(0.,0.,1.));
#3649 = PCURVE('',#3621,#3650);
#3650 = DEFINITIONAL_REPRESENTATION('',(#3651),#3655);
#3651 = LINE('',#3652,#3653);
#3652 = CARTESIAN_POINT('',(6.28318530718,-0.));
#3653 = VECTOR('',#3654,1.);
#3654 = DIRECTION('',(0.,1.));
#3655 = ( GEOMETRIC_REPRESENTATION_CONTEXT(2) 
PARAMETRIC_REPRESENTATION_CONTEXT() REPRESENTATION_CONTEXT('2D SPACE',''
  ) );
#3656 = PCURVE('',#3621,#3657);
#3657 = DEFINITIONAL_REPRESENTATION('',(#3658),#3662);
#3658 = LINE('',#3659,#3660);
#3659 = CARTESIAN_POINT('',(0.,-0.));
#3660 = VECTOR('',#3661,1.);
#3661 = DIRECTION('',(0.,1.));
#3662 = ( GEOMETRIC_REPRESENTATION_CONTEXT(2) 
PARAMETRIC_REPRESENTATION_CONTEXT() REPRESENTATION_CONTEXT('2D SPACE',''
  ) );
#3663 = ORIENTED_EDGE('',*,*,#3664,.T.);
#3664 = EDGE_CURVE('',#3642,#3642,#3665,.T.);
#3665 = SURFACE_CURVE('',#3666,(#3671,#3678),.PCURVE_S1.);
#3666 = CIRCLE('',#3667,1.45);
#3667 = AXIS2_PLACEMENT_3D('',#3668,#3669,#3670);
#3668 = CARTESIAN_POINT('',(1.5,2.5,-26.));
#3669 = DIRECTION('',(0.,0.,1.));
#3670 = DIRECTION('',(1.,0.,-0.));
#3671 = PCURVE('',#3621,#3672);
#3672 = DEFINITIONAL_REPRESENTATION('',(#3673),#3677);
#3673 = LINE('',#3674,#3675);
#3674 = CARTESIAN_POINT('',(0.,0.));
#3675 = VECTOR('',#3676,1.);
#3676 = DIRECTION('',(1.,0.));
#3677 = ( GEOMETRIC_REPRESENTATION_CONTEXT(2) 
PARAMETRIC_REPRESENTATION_CONTEXT() REPRESENTATION_CONTEXT('2D SPACE',''
  ) );
#3678 = PCURVE('',#3679,#3684);
#3679 = PLANE('',#3680);
#3680 = AXIS2_PLACEMENT_3D('',#3681,#3682,#3683);
#3681 = CARTESIAN_POINT('',(1.5,2.5,-26.));
#3682 = DIRECTION('',(0.,0.,1.));
#3683 = DIRECTION('',(1.,0.,-0.));
#3684 = DEFINITIONAL_REPRESENTATION('',(#3685),#3689);
#3685 = CIRCLE('',#3686,1.45);
#3686 = AXIS2_PLACEMENT_2D('',#3687,#3688);
#3687 = CARTESIAN_POINT('',(0.,0.));
#3688 = DIRECTION('',(1.,0.));
#3689 = ( GEOMETRIC_REPRESENTATION_CONTEXT(2) 
PARAMETRIC_REPRESENTATION_CONTEXT() REPRESENTATION_CONTEXT('2D SPACE',''
  ) );
#3690 = ORIENTED_EDGE('',*,*,#3641,.T.);
#3691 = ADVANCED_FACE('',(#3692),#3679,.T.);
#3692 = FACE_BOUND('',#3693,.F.);
#3693 = EDGE_LOOP('',(#3694));
#3694 = ORIENTED_EDGE('',*,*,#3664,.F.);
#3695 = ( GEOMETRIC_REPRESENTATION_CONTEXT(3) 
GLOBAL_UNCERTAINTY_ASSIGNED_CONTEXT((#3699)) 
GLOBAL_UNIT_ASSIGNED_CONTEXT((#3696,#3697,#3698)) REPRESENTATION_CONTEXT
('Context #1','3D Context with UNIT and UNCERTAINTY') );
#3696 = ( LENGTH_UNIT() NAMED_UNIT(*) SI_UNIT(.MILLI.,.METRE.) );
#3697 = ( NAMED_UNIT(*) PLANE_ANGLE_UNIT() SI_UNIT($,.RADIAN.) );
#3698 = ( NAMED_UNIT(*) SI_UNIT($,.STERADIAN.) SOLID_ANGLE_UNIT() );
#3699 = UNCERTAINTY_MEASURE_WITH_UNIT(LENGTH_MEASURE(2.E-06),#3696,
  'distance_accuracy_value','confusion accuracy');
#3700 = PRODUCT_RELATED_PRODUCT_CATEGORY('part',$,(#7));
ENDSEC;
END-ISO-10303-21;
