ISO-10303-21;
HEADER;
FILE_DESCRIPTION(('Open CASCADE Model'),'2;1');
FILE_NAME('Open CASCADE Shape Model','2026-08-21T19:12:38',('Author'),(
    'Open CASCADE'),'Open CASCADE STEP processor 7.9','build123d',
  'Unknown');
FILE_SCHEMA(('AUTOMOTIVE_DESIGN { 1 0 10303 214 1 1 1 1 }'));
ENDSEC;
DATA;
#1 = APPLICATION_PROTOCOL_DEFINITION('international standard',
  'automotive_design',2000,#2);
#2 = APPLICATION_CONTEXT(
  'core data for automotive mechanical design processes');
#3 = SHAPE_DEFINITION_REPRESENTATION(#4,#10);
#4 = PRODUCT_DEFINITION_SHAPE('','',#5);
#5 = PRODUCT_DEFINITION('design','',#6,#9);
#6 = PRODUCT_DEFINITION_FORMATION('','',#7);
#7 = PRODUCT('COMPOUND','COMPOUND','',(#8));
#8 = PRODUCT_CONTEXT('',#2,'mechanical');
#9 = PRODUCT_DEFINITION_CONTEXT('part definition',#2,'design');
#10 = ADVANCED_BREP_SHAPE_REPRESENTATION('',(#11,#15),#5098);
#11 = AXIS2_PLACEMENT_3D('',#12,#13,#14);
#12 = CARTESIAN_POINT('',(0.,0.,0.));
#13 = DIRECTION('',(0.,0.,1.));
#14 = DIRECTION('',(1.,0.,-0.));
#15 = MANIFOLD_SOLID_BREP('',#16);
#16 = CLOSED_SHELL('',(#17,#261,#463,#640,#817,#994,#1146,#1222,#1271,
    #1341,#1389,#1566,#1718,#1815,#1864,#1913,#1961,#2113,#2210,#2259,
    #2308,#2356,#2508,#2583,#2632,#2682,#2709,#2841,#2916,#2987,#3057,
    #3084,#3160,#3209,#3258,#3285,#3311,#3425,#3522,#3571,#3641,#3710,
    #3785,#3835,#3884,#3911,#3937,#4013,#4062,#4110,#4138,#4164,#4240,
    #4289,#4338,#4400,#4409,#4485,#4534,#4583,#4610,#4637,#4644,#4720,
    #4768,#4818,#4845,#4890,#4898,#4906,#4913,#4968,#4975,#5041,#5071));
#17 = ADVANCED_FACE('',(#18,#155),#32,.T.);
#18 = FACE_BOUND('',#19,.T.);
#19 = EDGE_LOOP('',(#20,#53,#79,#105,#131));
#20 = ORIENTED_EDGE('',*,*,#21,.F.);
#21 = EDGE_CURVE('',#22,#24,#26,.T.);
#22 = VERTEX_POINT('',#23);
#23 = CARTESIAN_POINT('',(-9.749996809195,25.525823036677,0.));
#24 = VERTEX_POINT('',#25);
#25 = CARTESIAN_POINT('',(-15.77582622748,15.775826227481,
    -15.77582622748));
#26 = SURFACE_CURVE('',#27,(#31,#42),.PCURVE_S1.);
#27 = LINE('',#28,#29);
#28 = CARTESIAN_POINT('',(-63.11524618365,-60.82096426931,
    -139.7120366804));
#29 = VECTOR('',#30,1.);
#30 = DIRECTION('',(-0.309016994375,-0.5,-0.809016994375));
#31 = PCURVE('',#32,#37);
#32 = PLANE('',#33);
#33 = AXIS2_PLACEMENT_3D('',#34,#35,#36);
#34 = CARTESIAN_POINT('',(-220.,-97.1901855987,-198.5586729357));
#35 = DIRECTION('',(0.,0.850650808352,-0.525731112119));
#36 = DIRECTION('',(0.,0.525731112119,0.850650808352));
#37 = DEFINITIONAL_REPRESENTATION('',(#38),#41);
#38 = B_SPLINE_CURVE_WITH_KNOTS('',1,(#39,#40),.UNSPECIFIED.,.F.,.F.,(2,
    2),(-308.6610521369,-141.141922157),.PIECEWISE_BEZIER_KNOTS.);
#39 = CARTESIAN_POINT('',(362.73247483717,252.26626442831));
#40 = CARTESIAN_POINT('',(203.41231466565,200.5000063816));
#41 = ( GEOMETRIC_REPRESENTATION_CONTEXT(2) 
PARAMETRIC_REPRESENTATION_CONTEXT() REPRESENTATION_CONTEXT('2D SPACE',''
  ) );
#42 = PCURVE('',#43,#48);
#43 = PLANE('',#44);
#44 = AXIS2_PLACEMENT_3D('',#45,#46,#47);
#45 = CARTESIAN_POINT('',(97.190185598707,198.55867293577,-220.));
#46 = DIRECTION('',(-0.850650808352,0.525731112119,0.));
#47 = DIRECTION('',(-0.525731112119,-0.850650808352,0.));
#48 = DEFINITIONAL_REPRESENTATION('',(#49),#52);
#49 = B_SPLINE_CURVE_WITH_KNOTS('',1,(#50,#51),.UNSPECIFIED.,.F.,.F.,(2,
    2),(-308.6610521369,-141.141922157),.PIECEWISE_BEZIER_KNOTS.);
#50 = CARTESIAN_POINT('',(123.49263658506,330.));
#51 = CARTESIAN_POINT('',(221.95791066414,194.47417696332));
#52 = ( GEOMETRIC_REPRESENTATION_CONTEXT(2) 
PARAMETRIC_REPRESENTATION_CONTEXT() REPRESENTATION_CONTEXT('2D SPACE',''
  ) );
#53 = ORIENTED_EDGE('',*,*,#54,.T.);
#54 = EDGE_CURVE('',#22,#55,#57,.T.);
#55 = VERTEX_POINT('',#56);
#56 = CARTESIAN_POINT('',(9.749996809195,25.525823036677,
    4.263256414561E-14));
#57 = SURFACE_CURVE('',#58,(#62,#68),.PCURVE_S1.);
#58 = LINE('',#59,#60);
#59 = CARTESIAN_POINT('',(-220.,25.525823036677,4.263256414561E-14));
#60 = VECTOR('',#61,1.);
#61 = DIRECTION('',(1.,-0.,0.));
#62 = PCURVE('',#32,#63);
#63 = DEFINITIONAL_REPRESENTATION('',(#64),#67);
#64 = B_SPLINE_CURVE_WITH_KNOTS('',1,(#65,#66),.UNSPECIFIED.,.F.,.F.,(2,
    2),(204.22417377251,286.82747230083),.PIECEWISE_BEZIER_KNOTS.);
#65 = CARTESIAN_POINT('',(233.41971933282,204.22417377251));
#66 = CARTESIAN_POINT('',(233.41971933282,286.82747230083));
#67 = ( GEOMETRIC_REPRESENTATION_CONTEXT(2) 
PARAMETRIC_REPRESENTATION_CONTEXT() REPRESENTATION_CONTEXT('2D SPACE',''
  ) );
#68 = PCURVE('',#69,#74);
#69 = PLANE('',#70);
#70 = AXIS2_PLACEMENT_3D('',#71,#72,#73);
#71 = CARTESIAN_POINT('',(-220.,134.13150373371,-175.7276827391));
#72 = DIRECTION('',(0.,0.850650808352,0.525731112119));
#73 = DIRECTION('',(0.,-0.525731112119,0.850650808352));
#74 = DEFINITIONAL_REPRESENTATION('',(#75),#78);
#75 = B_SPLINE_CURVE_WITH_KNOTS('',1,(#76,#77),.UNSPECIFIED.,.F.,.F.,(2,
    2),(204.22417377251,286.82747230083),.PIECEWISE_BEZIER_KNOTS.);
#76 = CARTESIAN_POINT('',(206.58028066717,204.22417377251));
#77 = CARTESIAN_POINT('',(206.58028066717,286.82747230083));
#78 = ( GEOMETRIC_REPRESENTATION_CONTEXT(2) 
PARAMETRIC_REPRESENTATION_CONTEXT() REPRESENTATION_CONTEXT('2D SPACE',''
  ) );
#79 = ORIENTED_EDGE('',*,*,#80,.T.);
#80 = EDGE_CURVE('',#55,#81,#83,.T.);
#81 = VERTEX_POINT('',#82);
#82 = CARTESIAN_POINT('',(15.775826227481,15.775826227481,
    -15.77582622748));
#83 = SURFACE_CURVE('',#84,(#88,#94),.PCURVE_S1.);
#84 = LINE('',#85,#86);
#85 = CARTESIAN_POINT('',(82.066954605194,-91.48547264024,
    -189.3282534729));
#86 = VECTOR('',#87,1.);
#87 = DIRECTION('',(0.309016994375,-0.5,-0.809016994375));
#88 = PCURVE('',#32,#89);
#89 = DEFINITIONAL_REPRESENTATION('',(#90),#93);
#90 = B_SPLINE_CURVE_WITH_KNOTS('',1,(#91,#92),.UNSPECIFIED.,.F.,.F.,(2,
    2),(-234.0225913538,-202.4709388988),.PIECEWISE_BEZIER_KNOTS.);
#91 = CARTESIAN_POINT('',(233.41971933282,229.74999680919));
#92 = CARTESIAN_POINT('',(203.41231466565,239.49999361839));
#93 = ( GEOMETRIC_REPRESENTATION_CONTEXT(2) 
PARAMETRIC_REPRESENTATION_CONTEXT() REPRESENTATION_CONTEXT('2D SPACE',''
  ) );
#94 = PCURVE('',#95,#100);
#95 = PLANE('',#96);
#96 = AXIS2_PLACEMENT_3D('',#97,#98,#99);
#97 = CARTESIAN_POINT('',(134.13150373371,-175.7276827391,-220.));
#98 = DIRECTION('',(0.850650808352,0.525731112119,0.));
#99 = DIRECTION('',(-0.525731112119,0.850650808352,0.));
#100 = DEFINITIONAL_REPRESENTATION('',(#101),#104);
#101 = B_SPLINE_CURVE_WITH_KNOTS('',1,(#102,#103),.UNSPECIFIED.,.F.,.F.,
  (2,2),(-234.0225913538,-202.4709388988),.PIECEWISE_BEZIER_KNOTS.);
#102 = CARTESIAN_POINT('',(236.58768533434,220.));
#103 = CARTESIAN_POINT('',(218.04208933585,194.47417696332));
#104 = ( GEOMETRIC_REPRESENTATION_CONTEXT(2) 
PARAMETRIC_REPRESENTATION_CONTEXT() REPRESENTATION_CONTEXT('2D SPACE',''
  ) );
#105 = ORIENTED_EDGE('',*,*,#106,.F.);
#106 = EDGE_CURVE('',#107,#81,#109,.T.);
#107 = VERTEX_POINT('',#108);
#108 = CARTESIAN_POINT('',(-4.263256414561E-14,9.749996809195,
    -25.52582303667));
#109 = SURFACE_CURVE('',#110,(#114,#120),.PCURVE_S1.);
#110 = LINE('',#111,#112);
#111 = CARTESIAN_POINT('',(-59.27983270079,-12.8928844351,
    -62.16277449317));
#112 = VECTOR('',#113,1.);
#113 = DIRECTION('',(0.809016994375,0.309016994375,0.5));
#114 = PCURVE('',#32,#115);
#115 = DEFINITIONAL_REPRESENTATION('',(#116),#119);
#116 = B_SPLINE_CURVE_WITH_KNOTS('',1,(#117,#118),.UNSPECIFIED.,.F.,.F.,
  (2,2),(73.273902912998,209.24138043797),.PIECEWISE_BEZIER_KNOTS.);
#117 = CARTESIAN_POINT('',(203.41231466565,220.));
#118 = CARTESIAN_POINT('',(283.33199274624,330.));
#119 = ( GEOMETRIC_REPRESENTATION_CONTEXT(2) 
PARAMETRIC_REPRESENTATION_CONTEXT() REPRESENTATION_CONTEXT('2D SPACE',''
  ) );
#120 = PCURVE('',#121,#126);
#121 = PLANE('',#122);
#122 = AXIS2_PLACEMENT_3D('',#123,#124,#125);
#123 = CARTESIAN_POINT('',(198.55867293577,-220.,97.190185598707));
#124 = DIRECTION('',(0.525731112119,0.,-0.850650808352));
#125 = DIRECTION('',(-0.850650808352,0.,-0.525731112119));
#126 = DEFINITIONAL_REPRESENTATION('',(#127),#130);
#127 = B_SPLINE_CURVE_WITH_KNOTS('',1,(#128,#129),.UNSPECIFIED.,.F.,.F.,
  (2,2),(73.273902912998,209.24138043797),.PIECEWISE_BEZIER_KNOTS.);
#128 = CARTESIAN_POINT('',(233.41971933282,229.74999680919));
#129 = CARTESIAN_POINT('',(104.10696382848,271.7662580467));
#130 = ( GEOMETRIC_REPRESENTATION_CONTEXT(2) 
PARAMETRIC_REPRESENTATION_CONTEXT() REPRESENTATION_CONTEXT('2D SPACE',''
  ) );
#131 = ORIENTED_EDGE('',*,*,#132,.F.);
#132 = EDGE_CURVE('',#24,#107,#133,.T.);
#133 = SURFACE_CURVE('',#134,(#138,#144),.PCURVE_S1.);
#134 = LINE('',#135,#136);
#135 = CARTESIAN_POINT('',(84.56055786419,-22.54926218727,
    -77.78712190439));
#136 = VECTOR('',#137,1.);
#137 = DIRECTION('',(0.809016994375,-0.309016994375,-0.5));
#138 = PCURVE('',#32,#139);
#139 = DEFINITIONAL_REPRESENTATION('',(#140),#143);
#140 = B_SPLINE_CURVE_WITH_KNOTS('',1,(#141,#142),.UNSPECIFIED.,.F.,.F.,
  (2,2),(-136.0742501904,-104.5225977354),.PIECEWISE_BEZIER_KNOTS.);
#141 = CARTESIAN_POINT('',(221.95791066414,194.47417696332));
#142 = CARTESIAN_POINT('',(203.41231466565,220.));
#143 = ( GEOMETRIC_REPRESENTATION_CONTEXT(2) 
PARAMETRIC_REPRESENTATION_CONTEXT() REPRESENTATION_CONTEXT('2D SPACE',''
  ) );
#144 = PCURVE('',#145,#150);
#145 = PLANE('',#146);
#146 = AXIS2_PLACEMENT_3D('',#147,#148,#149);
#147 = CARTESIAN_POINT('',(175.72768273912,-220.,-134.1315037337));
#148 = DIRECTION('',(-0.525731112119,0.,-0.850650808352));
#149 = DIRECTION('',(-0.850650808352,0.,0.525731112119));
#150 = DEFINITIONAL_REPRESENTATION('',(#151),#154);
#151 = B_SPLINE_CURVE_WITH_KNOTS('',1,(#152,#153),.UNSPECIFIED.,.F.,.F.,
  (2,2),(-136.0742501904,-104.5225977354),.PIECEWISE_BEZIER_KNOTS.);
#152 = CARTESIAN_POINT('',(236.58768533434,239.49999361839));
#153 = CARTESIAN_POINT('',(206.58028066717,229.74999680919));
#154 = ( GEOMETRIC_REPRESENTATION_CONTEXT(2) 
PARAMETRIC_REPRESENTATION_CONTEXT() REPRESENTATION_CONTEXT('2D SPACE',''
  ) );
#155 = FACE_BOUND('',#156,.T.);
#156 = EDGE_LOOP('',(#157,#185,#211,#237));
#157 = ORIENTED_EDGE('',*,*,#158,.T.);
#158 = EDGE_CURVE('',#159,#161,#163,.T.);
#159 = VERTEX_POINT('',#160);
#160 = CARTESIAN_POINT('',(9.9,24.306274412025,-1.97327112562));
#161 = VERTEX_POINT('',#162);
#162 = CARTESIAN_POINT('',(-9.9,24.306274412025,-1.97327112562));
#163 = SURFACE_CURVE('',#164,(#168,#174),.PCURVE_S1.);
#164 = LINE('',#165,#166);
#165 = CARTESIAN_POINT('',(-114.95,24.306274412025,-1.97327112562));
#166 = VECTOR('',#167,1.);
#167 = DIRECTION('',(-1.,0.,-0.));
#168 = PCURVE('',#32,#169);
#169 = DEFINITIONAL_REPRESENTATION('',(#170),#173);
#170 = B_SPLINE_CURVE_WITH_KNOTS('',1,(#171,#172),.UNSPECIFIED.,.F.,.F.,
  (2,2),(-124.85,-105.05),.PIECEWISE_BEZIER_KNOTS.);
#171 = CARTESIAN_POINT('',(231.1,229.9));
#172 = CARTESIAN_POINT('',(231.1,210.1));
#173 = ( GEOMETRIC_REPRESENTATION_CONTEXT(2) 
PARAMETRIC_REPRESENTATION_CONTEXT() REPRESENTATION_CONTEXT('2D SPACE',''
  ) );
#174 = PCURVE('',#175,#180);
#175 = PLANE('',#176);
#176 = AXIS2_PLACEMENT_3D('',#177,#178,#179);
#177 = CARTESIAN_POINT('',(-9.9,23.455623603672,-1.447540013501));
#178 = DIRECTION('',(0.,-0.525731112119,-0.850650808352));
#179 = DIRECTION('',(0.,0.850650808352,-0.525731112119));
#180 = DEFINITIONAL_REPRESENTATION('',(#181),#184);
#181 = B_SPLINE_CURVE_WITH_KNOTS('',1,(#182,#183),.UNSPECIFIED.,.F.,.F.,
  (2,2),(-124.85,-105.05),.PIECEWISE_BEZIER_KNOTS.);
#182 = CARTESIAN_POINT('',(1.,19.8));
#183 = CARTESIAN_POINT('',(1.,0.));
#184 = ( GEOMETRIC_REPRESENTATION_CONTEXT(2) 
PARAMETRIC_REPRESENTATION_CONTEXT() REPRESENTATION_CONTEXT('2D SPACE',''
  ) );
#185 = ORIENTED_EDGE('',*,*,#186,.T.);
#186 = EDGE_CURVE('',#161,#187,#189,.T.);
#187 = VERTEX_POINT('',#188);
#188 = CARTESIAN_POINT('',(-9.9,13.896798392066,-18.81615713099));
#189 = SURFACE_CURVE('',#190,(#194,#200),.PCURVE_S1.);
#190 = LINE('',#191,#192);
#191 = CARTESIAN_POINT('',(-9.9,-36.44195559334,-100.2659720306));
#192 = VECTOR('',#193,1.);
#193 = DIRECTION('',(0.,-0.525731112119,-0.850650808352));
#194 = PCURVE('',#32,#195);
#195 = DEFINITIONAL_REPRESENTATION('',(#196),#199);
#196 = B_SPLINE_CURVE_WITH_KNOTS('',1,(#197,#198),.UNSPECIFIED.,.F.,.F.,
  (2,2),(-115.55,-95.75),.PIECEWISE_BEZIER_KNOTS.);
#197 = CARTESIAN_POINT('',(231.1,210.1));
#198 = CARTESIAN_POINT('',(211.3,210.1));
#199 = ( GEOMETRIC_REPRESENTATION_CONTEXT(2) 
PARAMETRIC_REPRESENTATION_CONTEXT() REPRESENTATION_CONTEXT('2D SPACE',''
  ) );
#200 = PCURVE('',#201,#206);
#201 = PLANE('',#202);
#202 = AXIS2_PLACEMENT_3D('',#203,#204,#205);
#203 = CARTESIAN_POINT('',(-9.9,23.455623603672,-1.447540013501));
#204 = DIRECTION('',(1.,0.,0.));
#205 = DIRECTION('',(0.,0.850650808352,-0.525731112119));
#206 = DEFINITIONAL_REPRESENTATION('',(#207),#210);
#207 = B_SPLINE_CURVE_WITH_KNOTS('',1,(#208,#209),.UNSPECIFIED.,.F.,.F.,
  (2,2),(-115.55,-95.75),.PIECEWISE_BEZIER_KNOTS.);
#208 = CARTESIAN_POINT('',(1.,0.));
#209 = CARTESIAN_POINT('',(1.,-19.8));
#210 = ( GEOMETRIC_REPRESENTATION_CONTEXT(2) 
PARAMETRIC_REPRESENTATION_CONTEXT() REPRESENTATION_CONTEXT('2D SPACE',''
  ) );
#211 = ORIENTED_EDGE('',*,*,#212,.F.);
#212 = EDGE_CURVE('',#213,#187,#215,.T.);
#213 = VERTEX_POINT('',#214);
#214 = CARTESIAN_POINT('',(9.9,13.896798392066,-18.81615713099));
#215 = SURFACE_CURVE('',#216,(#220,#226),.PCURVE_S1.);
#216 = LINE('',#217,#218);
#217 = CARTESIAN_POINT('',(-114.95,13.896798392066,-18.81615713099));
#218 = VECTOR('',#219,1.);
#219 = DIRECTION('',(-1.,0.,-0.));
#220 = PCURVE('',#32,#221);
#221 = DEFINITIONAL_REPRESENTATION('',(#222),#225);
#222 = B_SPLINE_CURVE_WITH_KNOTS('',1,(#223,#224),.UNSPECIFIED.,.F.,.F.,
  (2,2),(-124.85,-105.05),.PIECEWISE_BEZIER_KNOTS.);
#223 = CARTESIAN_POINT('',(211.3,229.9));
#224 = CARTESIAN_POINT('',(211.3,210.1));
#225 = ( GEOMETRIC_REPRESENTATION_CONTEXT(2) 
PARAMETRIC_REPRESENTATION_CONTEXT() REPRESENTATION_CONTEXT('2D SPACE',''
  ) );
#226 = PCURVE('',#227,#232);
#227 = PLANE('',#228);
#228 = AXIS2_PLACEMENT_3D('',#229,#230,#231);
#229 = CARTESIAN_POINT('',(-9.9,13.046147583714,-18.29042601887));
#230 = DIRECTION('',(0.,-0.525731112119,-0.850650808352));
#231 = DIRECTION('',(0.,0.850650808352,-0.525731112119));
#232 = DEFINITIONAL_REPRESENTATION('',(#233),#236);
#233 = B_SPLINE_CURVE_WITH_KNOTS('',1,(#234,#235),.UNSPECIFIED.,.F.,.F.,
  (2,2),(-124.85,-105.05),.PIECEWISE_BEZIER_KNOTS.);
#234 = CARTESIAN_POINT('',(1.,19.8));
#235 = CARTESIAN_POINT('',(1.,0.));
#236 = ( GEOMETRIC_REPRESENTATION_CONTEXT(2) 
PARAMETRIC_REPRESENTATION_CONTEXT() REPRESENTATION_CONTEXT('2D SPACE',''
  ) );
#237 = ORIENTED_EDGE('',*,*,#238,.F.);
#238 = EDGE_CURVE('',#159,#213,#239,.T.);
#239 = SURFACE_CURVE('',#240,(#244,#250),.PCURVE_S1.);
#240 = LINE('',#241,#242);
#241 = CARTESIAN_POINT('',(9.9,-36.44195559334,-100.2659720306));
#242 = VECTOR('',#243,1.);
#243 = DIRECTION('',(0.,-0.525731112119,-0.850650808352));
#244 = PCURVE('',#32,#245);
#245 = DEFINITIONAL_REPRESENTATION('',(#246),#249);
#246 = B_SPLINE_CURVE_WITH_KNOTS('',1,(#247,#248),.UNSPECIFIED.,.F.,.F.,
  (2,2),(-115.55,-95.75),.PIECEWISE_BEZIER_KNOTS.);
#247 = CARTESIAN_POINT('',(231.1,229.9));
#248 = CARTESIAN_POINT('',(211.3,229.9));
#249 = ( GEOMETRIC_REPRESENTATION_CONTEXT(2) 
PARAMETRIC_REPRESENTATION_CONTEXT() REPRESENTATION_CONTEXT('2D SPACE',''
  ) );
#250 = PCURVE('',#251,#256);
#251 = PLANE('',#252);
#252 = AXIS2_PLACEMENT_3D('',#253,#254,#255);
#253 = CARTESIAN_POINT('',(9.9,23.455623603672,-1.447540013501));
#254 = DIRECTION('',(1.,0.,0.));
#255 = DIRECTION('',(0.,0.850650808352,-0.525731112119));
#256 = DEFINITIONAL_REPRESENTATION('',(#257),#260);
#257 = B_SPLINE_CURVE_WITH_KNOTS('',1,(#258,#259),.UNSPECIFIED.,.F.,.F.,
  (2,2),(-115.55,-95.75),.PIECEWISE_BEZIER_KNOTS.);
#258 = CARTESIAN_POINT('',(1.,0.));
#259 = CARTESIAN_POINT('',(1.,-19.8));
#260 = ( GEOMETRIC_REPRESENTATION_CONTEXT(2) 
PARAMETRIC_REPRESENTATION_CONTEXT() REPRESENTATION_CONTEXT('2D SPACE',''
  ) );
#261 = ADVANCED_FACE('',(#262,#357),#43,.T.);
#262 = FACE_BOUND('',#263,.T.);
#263 = EDGE_LOOP('',(#264,#292,#318,#337,#338));
#264 = ORIENTED_EDGE('',*,*,#265,.F.);
#265 = EDGE_CURVE('',#266,#268,#270,.T.);
#266 = VERTEX_POINT('',#267);
#267 = CARTESIAN_POINT('',(-25.52582303667,-4.263256414561E-14,
    9.749996809195));
#268 = VERTEX_POINT('',#269);
#269 = CARTESIAN_POINT('',(-25.52582303667,0.,-9.749996809195));
#270 = SURFACE_CURVE('',#271,(#275,#281),.PCURVE_S1.);
#271 = LINE('',#272,#273);
#272 = CARTESIAN_POINT('',(-25.52582303667,-4.263256414561E-14,-220.));
#273 = VECTOR('',#274,1.);
#274 = DIRECTION('',(-0.,0.,-1.));
#275 = PCURVE('',#43,#276);
#276 = DEFINITIONAL_REPRESENTATION('',(#277),#280);
#277 = B_SPLINE_CURVE_WITH_KNOTS('',1,(#278,#279),.UNSPECIFIED.,.F.,.F.,
  (2,2),(-330.,-204.2241737725),.PIECEWISE_BEZIER_KNOTS.);
#278 = CARTESIAN_POINT('',(233.41971933282,330.));
#279 = CARTESIAN_POINT('',(233.41971933282,204.22417377251));
#280 = ( GEOMETRIC_REPRESENTATION_CONTEXT(2) 
PARAMETRIC_REPRESENTATION_CONTEXT() REPRESENTATION_CONTEXT('2D SPACE',''
  ) );
#281 = PCURVE('',#282,#287);
#282 = PLANE('',#283);
#283 = AXIS2_PLACEMENT_3D('',#284,#285,#286);
#284 = CARTESIAN_POINT('',(-134.1315037337,175.72768273912,-220.));
#285 = DIRECTION('',(-0.850650808352,-0.525731112119,0.));
#286 = DIRECTION('',(0.525731112119,-0.850650808352,0.));
#287 = DEFINITIONAL_REPRESENTATION('',(#288),#291);
#288 = B_SPLINE_CURVE_WITH_KNOTS('',1,(#289,#290),.UNSPECIFIED.,.F.,.F.,
  (2,2),(-330.,-204.2241737725),.PIECEWISE_BEZIER_KNOTS.);
#289 = CARTESIAN_POINT('',(206.58028066717,330.));
#290 = CARTESIAN_POINT('',(206.58028066717,204.22417377251));
#291 = ( GEOMETRIC_REPRESENTATION_CONTEXT(2) 
PARAMETRIC_REPRESENTATION_CONTEXT() REPRESENTATION_CONTEXT('2D SPACE',''
  ) );
#292 = ORIENTED_EDGE('',*,*,#293,.T.);
#293 = EDGE_CURVE('',#266,#294,#296,.T.);
#294 = VERTEX_POINT('',#295);
#295 = CARTESIAN_POINT('',(-15.77582622748,15.775826227481,
    15.775826227481));
#296 = SURFACE_CURVE('',#297,(#301,#307),.PCURVE_S1.);
#297 = LINE('',#298,#299);
#298 = CARTESIAN_POINT('',(-62.16277449317,-59.27983270079,
    -12.8928844351));
#299 = VECTOR('',#300,1.);
#300 = DIRECTION('',(0.5,0.809016994375,0.309016994375));
#301 = PCURVE('',#43,#302);
#302 = DEFINITIONAL_REPRESENTATION('',(#303),#306);
#303 = B_SPLINE_CURVE_WITH_KNOTS('',1,(#304,#305),.UNSPECIFIED.,.F.,.F.,
  (2,2),(73.273902912998,188.85807784298),.PIECEWISE_BEZIER_KNOTS.);
#304 = CARTESIAN_POINT('',(233.41971933282,229.74999680919));
#305 = CARTESIAN_POINT('',(123.49263658506,265.46747114336));
#306 = ( GEOMETRIC_REPRESENTATION_CONTEXT(2) 
PARAMETRIC_REPRESENTATION_CONTEXT() REPRESENTATION_CONTEXT('2D SPACE',''
  ) );
#307 = PCURVE('',#308,#313);
#308 = PLANE('',#309);
#309 = AXIS2_PLACEMENT_3D('',#310,#311,#312);
#310 = CARTESIAN_POINT('',(-198.5586729357,-220.,-97.1901855987));
#311 = DIRECTION('',(-0.525731112119,0.,0.850650808352));
#312 = DIRECTION('',(0.850650808352,0.,0.525731112119));
#313 = DEFINITIONAL_REPRESENTATION('',(#314),#317);
#314 = B_SPLINE_CURVE_WITH_KNOTS('',1,(#315,#316),.UNSPECIFIED.,.F.,.F.,
  (2,2),(73.273902912998,188.85807784298),.PIECEWISE_BEZIER_KNOTS.);
#315 = CARTESIAN_POINT('',(203.41231466565,220.));
#316 = CARTESIAN_POINT('',(271.35098808789,313.50956179916));
#317 = ( GEOMETRIC_REPRESENTATION_CONTEXT(2) 
PARAMETRIC_REPRESENTATION_CONTEXT() REPRESENTATION_CONTEXT('2D SPACE',''
  ) );
#318 = ORIENTED_EDGE('',*,*,#319,.T.);
#319 = EDGE_CURVE('',#294,#22,#320,.T.);
#320 = SURFACE_CURVE('',#321,(#325,#331),.PCURVE_S1.);
#321 = LINE('',#322,#323);
#322 = CARTESIAN_POINT('',(56.541131568517,132.78712190439,
    -173.5524272454));
#323 = VECTOR('',#324,1.);
#324 = DIRECTION('',(0.309016994375,0.5,-0.809016994375));
#325 = PCURVE('',#43,#326);
#326 = DEFINITIONAL_REPRESENTATION('',(#327),#330);
#327 = B_SPLINE_CURVE_WITH_KNOTS('',1,(#328,#329),.UNSPECIFIED.,.F.,.F.,
  (2,2),(-246.0742501904,-195.022604117),.PIECEWISE_BEZIER_KNOTS.);
#328 = CARTESIAN_POINT('',(221.95791066414,245.52582303667));
#329 = CARTESIAN_POINT('',(191.95050599696,204.22417377251));
#330 = ( GEOMETRIC_REPRESENTATION_CONTEXT(2) 
PARAMETRIC_REPRESENTATION_CONTEXT() REPRESENTATION_CONTEXT('2D SPACE',''
  ) );
#331 = PCURVE('',#69,#332);
#332 = DEFINITIONAL_REPRESENTATION('',(#333),#336);
#333 = B_SPLINE_CURVE_WITH_KNOTS('',1,(#334,#335),.UNSPECIFIED.,.F.,.F.,
  (2,2),(-246.0742501904,-195.022604117),.PIECEWISE_BEZIER_KNOTS.);
#334 = CARTESIAN_POINT('',(236.58768533434,200.5000063816));
#335 = CARTESIAN_POINT('',(188.03468466868,216.27583260909));
#336 = ( GEOMETRIC_REPRESENTATION_CONTEXT(2) 
PARAMETRIC_REPRESENTATION_CONTEXT() REPRESENTATION_CONTEXT('2D SPACE',''
  ) );
#337 = ORIENTED_EDGE('',*,*,#21,.T.);
#338 = ORIENTED_EDGE('',*,*,#339,.F.);
#339 = EDGE_CURVE('',#268,#24,#340,.T.);
#340 = SURFACE_CURVE('',#341,(#345,#351),.PCURVE_S1.);
#341 = LINE('',#342,#343);
#342 = CARTESIAN_POINT('',(36.485472640241,100.33638409167,
    -48.07508522395));
#343 = VECTOR('',#344,1.);
#344 = DIRECTION('',(0.5,0.809016994375,-0.309016994375));
#345 = PCURVE('',#43,#346);
#346 = DEFINITIONAL_REPRESENTATION('',(#347),#350);
#347 = B_SPLINE_CURVE_WITH_KNOTS('',1,(#348,#349),.UNSPECIFIED.,.F.,.F.,
  (2,2),(-143.5225849722,-72.97094528048),.PIECEWISE_BEZIER_KNOTS.);
#348 = CARTESIAN_POINT('',(251.96531533131,216.27583260909));
#349 = CARTESIAN_POINT('',(184.86671866717,194.47417696332));
#350 = ( GEOMETRIC_REPRESENTATION_CONTEXT(2) 
PARAMETRIC_REPRESENTATION_CONTEXT() REPRESENTATION_CONTEXT('2D SPACE',''
  ) );
#351 = PCURVE('',#145,#352);
#352 = DEFINITIONAL_REPRESENTATION('',(#353),#356);
#353 = B_SPLINE_CURVE_WITH_KNOTS('',1,(#354,#355),.UNSPECIFIED.,.F.,.F.,
  (2,2),(-143.5225849722,-72.97094528048),.PIECEWISE_BEZIER_KNOTS.);
#354 = CARTESIAN_POINT('',(248.04949400303,204.22417377251));
#355 = CARTESIAN_POINT('',(206.58028066717,261.30164926415));
#356 = ( GEOMETRIC_REPRESENTATION_CONTEXT(2) 
PARAMETRIC_REPRESENTATION_CONTEXT() REPRESENTATION_CONTEXT('2D SPACE',''
  ) );
#357 = FACE_BOUND('',#358,.T.);
#358 = EDGE_LOOP('',(#359,#387,#413,#439));
#359 = ORIENTED_EDGE('',*,*,#360,.T.);
#360 = EDGE_CURVE('',#361,#363,#365,.T.);
#361 = VERTEX_POINT('',#362);
#362 = CARTESIAN_POINT('',(-24.30627441202,1.97327112562,9.9));
#363 = VERTEX_POINT('',#364);
#364 = CARTESIAN_POINT('',(-24.30627441202,1.97327112562,-9.9));
#365 = SURFACE_CURVE('',#366,(#370,#376),.PCURVE_S1.);
#366 = LINE('',#367,#368);
#367 = CARTESIAN_POINT('',(-24.30627441202,1.97327112562,-114.95));
#368 = VECTOR('',#369,1.);
#369 = DIRECTION('',(0.,0.,-1.));
#370 = PCURVE('',#43,#371);
#371 = DEFINITIONAL_REPRESENTATION('',(#372),#375);
#372 = B_SPLINE_CURVE_WITH_KNOTS('',1,(#373,#374),.UNSPECIFIED.,.F.,.F.,
  (2,2),(-124.85,-105.05),.PIECEWISE_BEZIER_KNOTS.);
#373 = CARTESIAN_POINT('',(231.1,229.9));
#374 = CARTESIAN_POINT('',(231.1,210.1));
#375 = ( GEOMETRIC_REPRESENTATION_CONTEXT(2) 
PARAMETRIC_REPRESENTATION_CONTEXT() REPRESENTATION_CONTEXT('2D SPACE',''
  ) );
#376 = PCURVE('',#377,#382);
#377 = PLANE('',#378);
#378 = AXIS2_PLACEMENT_3D('',#379,#380,#381);
#379 = CARTESIAN_POINT('',(-23.45562360367,1.447540013501,-9.9));
#380 = DIRECTION('',(0.525731112119,0.850650808352,0.));
#381 = DIRECTION('',(-0.850650808352,0.525731112119,0.));
#382 = DEFINITIONAL_REPRESENTATION('',(#383),#386);
#383 = B_SPLINE_CURVE_WITH_KNOTS('',1,(#384,#385),.UNSPECIFIED.,.F.,.F.,
  (2,2),(-124.85,-105.05),.PIECEWISE_BEZIER_KNOTS.);
#384 = CARTESIAN_POINT('',(1.,19.8));
#385 = CARTESIAN_POINT('',(1.,0.));
#386 = ( GEOMETRIC_REPRESENTATION_CONTEXT(2) 
PARAMETRIC_REPRESENTATION_CONTEXT() REPRESENTATION_CONTEXT('2D SPACE',''
  ) );
#387 = ORIENTED_EDGE('',*,*,#388,.T.);
#388 = EDGE_CURVE('',#363,#389,#391,.T.);
#389 = VERTEX_POINT('',#390);
#390 = CARTESIAN_POINT('',(-13.89679839206,18.81615713099,-9.9));
#391 = SURFACE_CURVE('',#392,(#396,#402),.PCURVE_S1.);
#392 = LINE('',#393,#394);
#393 = CARTESIAN_POINT('',(36.441955593341,100.26597203069,-9.9));
#394 = VECTOR('',#395,1.);
#395 = DIRECTION('',(0.525731112119,0.850650808352,-0.));
#396 = PCURVE('',#43,#397);
#397 = DEFINITIONAL_REPRESENTATION('',(#398),#401);
#398 = B_SPLINE_CURVE_WITH_KNOTS('',1,(#399,#400),.UNSPECIFIED.,.F.,.F.,
  (2,2),(-115.55,-95.75),.PIECEWISE_BEZIER_KNOTS.);
#399 = CARTESIAN_POINT('',(231.1,210.1));
#400 = CARTESIAN_POINT('',(211.3,210.1));
#401 = ( GEOMETRIC_REPRESENTATION_CONTEXT(2) 
PARAMETRIC_REPRESENTATION_CONTEXT() REPRESENTATION_CONTEXT('2D SPACE',''
  ) );
#402 = PCURVE('',#403,#408);
#403 = PLANE('',#404);
#404 = AXIS2_PLACEMENT_3D('',#405,#406,#407);
#405 = CARTESIAN_POINT('',(-23.45562360367,1.447540013501,-9.9));
#406 = DIRECTION('',(0.,0.,1.));
#407 = DIRECTION('',(-0.850650808352,0.525731112119,0.));
#408 = DEFINITIONAL_REPRESENTATION('',(#409),#412);
#409 = B_SPLINE_CURVE_WITH_KNOTS('',1,(#410,#411),.UNSPECIFIED.,.F.,.F.,
  (2,2),(-115.55,-95.75),.PIECEWISE_BEZIER_KNOTS.);
#410 = CARTESIAN_POINT('',(1.,0.));
#411 = CARTESIAN_POINT('',(1.,-19.8));
#412 = ( GEOMETRIC_REPRESENTATION_CONTEXT(2) 
PARAMETRIC_REPRESENTATION_CONTEXT() REPRESENTATION_CONTEXT('2D SPACE',''
  ) );
#413 = ORIENTED_EDGE('',*,*,#414,.F.);
#414 = EDGE_CURVE('',#415,#389,#417,.T.);
#415 = VERTEX_POINT('',#416);
#416 = CARTESIAN_POINT('',(-13.89679839206,18.81615713099,9.9));
#417 = SURFACE_CURVE('',#418,(#422,#428),.PCURVE_S1.);
#418 = LINE('',#419,#420);
#419 = CARTESIAN_POINT('',(-13.89679839206,18.81615713099,-114.95));
#420 = VECTOR('',#421,1.);
#421 = DIRECTION('',(0.,0.,-1.));
#422 = PCURVE('',#43,#423);
#423 = DEFINITIONAL_REPRESENTATION('',(#424),#427);
#424 = B_SPLINE_CURVE_WITH_KNOTS('',1,(#425,#426),.UNSPECIFIED.,.F.,.F.,
  (2,2),(-124.85,-105.05),.PIECEWISE_BEZIER_KNOTS.);
#425 = CARTESIAN_POINT('',(211.3,229.9));
#426 = CARTESIAN_POINT('',(211.3,210.1));
#427 = ( GEOMETRIC_REPRESENTATION_CONTEXT(2) 
PARAMETRIC_REPRESENTATION_CONTEXT() REPRESENTATION_CONTEXT('2D SPACE',''
  ) );
#428 = PCURVE('',#429,#434);
#429 = PLANE('',#430);
#430 = AXIS2_PLACEMENT_3D('',#431,#432,#433);
#431 = CARTESIAN_POINT('',(-13.04614758371,18.290426018871,-9.9));
#432 = DIRECTION('',(0.525731112119,0.850650808352,0.));
#433 = DIRECTION('',(-0.850650808352,0.525731112119,0.));
#434 = DEFINITIONAL_REPRESENTATION('',(#435),#438);
#435 = B_SPLINE_CURVE_WITH_KNOTS('',1,(#436,#437),.UNSPECIFIED.,.F.,.F.,
  (2,2),(-124.85,-105.05),.PIECEWISE_BEZIER_KNOTS.);
#436 = CARTESIAN_POINT('',(1.,19.8));
#437 = CARTESIAN_POINT('',(1.,0.));
#438 = ( GEOMETRIC_REPRESENTATION_CONTEXT(2) 
PARAMETRIC_REPRESENTATION_CONTEXT() REPRESENTATION_CONTEXT('2D SPACE',''
  ) );
#439 = ORIENTED_EDGE('',*,*,#440,.F.);
#440 = EDGE_CURVE('',#361,#415,#441,.T.);
#441 = SURFACE_CURVE('',#442,(#446,#452),.PCURVE_S1.);
#442 = LINE('',#443,#444);
#443 = CARTESIAN_POINT('',(36.441955593341,100.26597203069,9.9));
#444 = VECTOR('',#445,1.);
#445 = DIRECTION('',(0.525731112119,0.850650808352,-0.));
#446 = PCURVE('',#43,#447);
#447 = DEFINITIONAL_REPRESENTATION('',(#448),#451);
#448 = B_SPLINE_CURVE_WITH_KNOTS('',1,(#449,#450),.UNSPECIFIED.,.F.,.F.,
  (2,2),(-115.55,-95.75),.PIECEWISE_BEZIER_KNOTS.);
#449 = CARTESIAN_POINT('',(231.1,229.9));
#450 = CARTESIAN_POINT('',(211.3,229.9));
#451 = ( GEOMETRIC_REPRESENTATION_CONTEXT(2) 
PARAMETRIC_REPRESENTATION_CONTEXT() REPRESENTATION_CONTEXT('2D SPACE',''
  ) );
#452 = PCURVE('',#453,#458);
#453 = PLANE('',#454);
#454 = AXIS2_PLACEMENT_3D('',#455,#456,#457);
#455 = CARTESIAN_POINT('',(-23.45562360367,1.447540013501,9.9));
#456 = DIRECTION('',(0.,0.,1.));
#457 = DIRECTION('',(-0.850650808352,0.525731112119,0.));
#458 = DEFINITIONAL_REPRESENTATION('',(#459),#462);
#459 = B_SPLINE_CURVE_WITH_KNOTS('',1,(#460,#461),.UNSPECIFIED.,.F.,.F.,
  (2,2),(-115.55,-95.75),.PIECEWISE_BEZIER_KNOTS.);
#460 = CARTESIAN_POINT('',(1.,0.));
#461 = CARTESIAN_POINT('',(1.,-19.8));
#462 = ( GEOMETRIC_REPRESENTATION_CONTEXT(2) 
PARAMETRIC_REPRESENTATION_CONTEXT() REPRESENTATION_CONTEXT('2D SPACE',''
  ) );
#463 = ADVANCED_FACE('',(#464,#534),#69,.T.);
#464 = FACE_BOUND('',#465,.T.);
#465 = EDGE_LOOP('',(#466,#467,#468,#489,#515));
#466 = ORIENTED_EDGE('',*,*,#54,.F.);
#467 = ORIENTED_EDGE('',*,*,#319,.F.);
#468 = ORIENTED_EDGE('',*,*,#469,.F.);
#469 = EDGE_CURVE('',#470,#294,#472,.T.);
#470 = VERTEX_POINT('',#471);
#471 = CARTESIAN_POINT('',(0.,9.749996809195,25.525823036677));
#472 = SURFACE_CURVE('',#473,(#477,#483),.PCURVE_S1.);
#473 = LINE('',#474,#475);
#474 = CARTESIAN_POINT('',(-189.3282534729,82.066954605194,
    -91.48547264024));
#475 = VECTOR('',#476,1.);
#476 = DIRECTION('',(-0.809016994375,0.309016994375,-0.5));
#477 = PCURVE('',#69,#478);
#478 = DEFINITIONAL_REPRESENTATION('',(#479),#482);
#479 = B_SPLINE_CURVE_WITH_KNOTS('',1,(#480,#481),.UNSPECIFIED.,.F.,.F.,
  (2,2),(-316.6258898821,-202.4709388988),.PIECEWISE_BEZIER_KNOTS.);
#480 = CARTESIAN_POINT('',(285.140686,286.82747230083));
#481 = CARTESIAN_POINT('',(218.04208933585,194.47417696332));
#482 = ( GEOMETRIC_REPRESENTATION_CONTEXT(2) 
PARAMETRIC_REPRESENTATION_CONTEXT() REPRESENTATION_CONTEXT('2D SPACE',''
  ) );
#483 = PCURVE('',#308,#484);
#484 = DEFINITIONAL_REPRESENTATION('',(#485),#488);
#485 = B_SPLINE_CURVE_WITH_KNOTS('',1,(#486,#487),.UNSPECIFIED.,.F.,.F.,
  (2,2),(-316.6258898821,-202.4709388988),.PIECEWISE_BEZIER_KNOTS.);
#486 = CARTESIAN_POINT('',(311.98012466565,204.22417377251));
#487 = CARTESIAN_POINT('',(203.41231466565,239.49999361839));
#488 = ( GEOMETRIC_REPRESENTATION_CONTEXT(2) 
PARAMETRIC_REPRESENTATION_CONTEXT() REPRESENTATION_CONTEXT('2D SPACE',''
  ) );
#489 = ORIENTED_EDGE('',*,*,#490,.T.);
#490 = EDGE_CURVE('',#470,#491,#493,.T.);
#491 = VERTEX_POINT('',#492);
#492 = CARTESIAN_POINT('',(15.775826227481,15.775826227481,
    15.775826227481));
#493 = SURFACE_CURVE('',#494,(#498,#504),.PCURVE_S1.);
#494 = LINE('',#495,#496);
#495 = CARTESIAN_POINT('',(-123.9362104529,-37.58942314697,
    102.12261353347));
#496 = VECTOR('',#497,1.);
#497 = DIRECTION('',(0.809016994375,0.309016994375,-0.5));
#498 = PCURVE('',#69,#499);
#499 = DEFINITIONAL_REPRESENTATION('',(#500),#503);
#500 = B_SPLINE_CURVE_WITH_KNOTS('',1,(#501,#502),.UNSPECIFIED.,.F.,.F.,
  (2,2),(133.69358737519,204.24522706694),.PIECEWISE_BEZIER_KNOTS.);
#501 = CARTESIAN_POINT('',(248.04949400303,204.22417377251));
#502 = CARTESIAN_POINT('',(206.58028066717,261.30164926415));
#503 = ( GEOMETRIC_REPRESENTATION_CONTEXT(2) 
PARAMETRIC_REPRESENTATION_CONTEXT() REPRESENTATION_CONTEXT('2D SPACE',''
  ) );
#504 = PCURVE('',#505,#510);
#505 = PLANE('',#506);
#506 = AXIS2_PLACEMENT_3D('',#507,#508,#509);
#507 = CARTESIAN_POINT('',(-175.7276827391,-220.,134.13150373371));
#508 = DIRECTION('',(0.525731112119,0.,0.850650808352));
#509 = DIRECTION('',(0.850650808352,0.,-0.525731112119));
#510 = DEFINITIONAL_REPRESENTATION('',(#511),#514);
#511 = B_SPLINE_CURVE_WITH_KNOTS('',1,(#512,#513),.UNSPECIFIED.,.F.,.F.,
  (2,2),(133.69358737519,204.24522706694),.PIECEWISE_BEZIER_KNOTS.);
#512 = CARTESIAN_POINT('',(188.03468466868,223.72416739091));
#513 = CARTESIAN_POINT('',(255.13328133282,245.52582303667));
#514 = ( GEOMETRIC_REPRESENTATION_CONTEXT(2) 
PARAMETRIC_REPRESENTATION_CONTEXT() REPRESENTATION_CONTEXT('2D SPACE',''
  ) );
#515 = ORIENTED_EDGE('',*,*,#516,.T.);
#516 = EDGE_CURVE('',#491,#55,#517,.T.);
#517 = SURFACE_CURVE('',#518,(#522,#528),.PCURVE_S1.);
#518 = LINE('',#519,#520);
#519 = CARTESIAN_POINT('',(-37.58942314697,102.12261353347,
    -123.9362104529));
#520 = VECTOR('',#521,1.);
#521 = DIRECTION('',(-0.309016994375,0.5,-0.809016994375));
#522 = PCURVE('',#69,#523);
#523 = DEFINITIONAL_REPRESENTATION('',(#524),#527);
#524 = B_SPLINE_CURVE_WITH_KNOTS('',1,(#525,#526),.UNSPECIFIED.,.F.,.F.,
  (2,2),(-184.7452334485,-153.1935809935),.PIECEWISE_BEZIER_KNOTS.);
#525 = CARTESIAN_POINT('',(236.58768533434,239.49999361839));
#526 = CARTESIAN_POINT('',(206.58028066717,229.74999680919));
#527 = ( GEOMETRIC_REPRESENTATION_CONTEXT(2) 
PARAMETRIC_REPRESENTATION_CONTEXT() REPRESENTATION_CONTEXT('2D SPACE',''
  ) );
#528 = PCURVE('',#95,#529);
#529 = DEFINITIONAL_REPRESENTATION('',(#530),#533);
#530 = B_SPLINE_CURVE_WITH_KNOTS('',1,(#531,#532),.UNSPECIFIED.,.F.,.F.,
  (2,2),(-184.7452334485,-153.1935809935),.PIECEWISE_BEZIER_KNOTS.);
#531 = CARTESIAN_POINT('',(218.04208933585,245.52582303667));
#532 = CARTESIAN_POINT('',(236.58768533434,220.));
#533 = ( GEOMETRIC_REPRESENTATION_CONTEXT(2) 
PARAMETRIC_REPRESENTATION_CONTEXT() REPRESENTATION_CONTEXT('2D SPACE',''
  ) );
#534 = FACE_BOUND('',#535,.T.);
#535 = EDGE_LOOP('',(#536,#564,#590,#616));
#536 = ORIENTED_EDGE('',*,*,#537,.T.);
#537 = EDGE_CURVE('',#538,#540,#542,.T.);
#538 = VERTEX_POINT('',#539);
#539 = CARTESIAN_POINT('',(-9.9,24.306274412025,1.97327112562));
#540 = VERTEX_POINT('',#541);
#541 = CARTESIAN_POINT('',(9.9,24.306274412025,1.97327112562));
#542 = SURFACE_CURVE('',#543,(#547,#553),.PCURVE_S1.);
#543 = LINE('',#544,#545);
#544 = CARTESIAN_POINT('',(-105.05,24.306274412025,1.97327112562));
#545 = VECTOR('',#546,1.);
#546 = DIRECTION('',(1.,0.,-0.));
#547 = PCURVE('',#69,#548);
#548 = DEFINITIONAL_REPRESENTATION('',(#549),#552);
#549 = B_SPLINE_CURVE_WITH_KNOTS('',1,(#550,#551),.UNSPECIFIED.,.F.,.F.,
  (2,2),(95.15,114.95),.PIECEWISE_BEZIER_KNOTS.);
#550 = CARTESIAN_POINT('',(208.9,210.1));
#551 = CARTESIAN_POINT('',(208.9,229.9));
#552 = ( GEOMETRIC_REPRESENTATION_CONTEXT(2) 
PARAMETRIC_REPRESENTATION_CONTEXT() REPRESENTATION_CONTEXT('2D SPACE',''
  ) );
#553 = PCURVE('',#554,#559);
#554 = PLANE('',#555);
#555 = AXIS2_PLACEMENT_3D('',#556,#557,#558);
#556 = CARTESIAN_POINT('',(9.9,23.455623603672,1.447540013501));
#557 = DIRECTION('',(0.,-0.525731112119,0.850650808352));
#558 = DIRECTION('',(0.,0.850650808352,0.525731112119));
#559 = DEFINITIONAL_REPRESENTATION('',(#560),#563);
#560 = B_SPLINE_CURVE_WITH_KNOTS('',1,(#561,#562),.UNSPECIFIED.,.F.,.F.,
  (2,2),(95.15,114.95),.PIECEWISE_BEZIER_KNOTS.);
#561 = CARTESIAN_POINT('',(1.,19.8));
#562 = CARTESIAN_POINT('',(1.,0.));
#563 = ( GEOMETRIC_REPRESENTATION_CONTEXT(2) 
PARAMETRIC_REPRESENTATION_CONTEXT() REPRESENTATION_CONTEXT('2D SPACE',''
  ) );
#564 = ORIENTED_EDGE('',*,*,#565,.T.);
#565 = EDGE_CURVE('',#540,#566,#568,.T.);
#566 = VERTEX_POINT('',#567);
#567 = CARTESIAN_POINT('',(9.9,13.896798392066,18.81615713099));
#568 = SURFACE_CURVE('',#569,(#573,#579),.PCURVE_S1.);
#569 = LINE('',#570,#571);
#570 = CARTESIAN_POINT('',(9.9,79.218889072868,-86.87720580675));
#571 = VECTOR('',#572,1.);
#572 = DIRECTION('',(0.,-0.525731112119,0.850650808352));
#573 = PCURVE('',#69,#574);
#574 = DEFINITIONAL_REPRESENTATION('',(#575),#578);
#575 = B_SPLINE_CURVE_WITH_KNOTS('',1,(#576,#577),.UNSPECIFIED.,.F.,.F.,
  (2,2),(104.45,124.25),.PIECEWISE_BEZIER_KNOTS.);
#576 = CARTESIAN_POINT('',(208.9,229.9));
#577 = CARTESIAN_POINT('',(228.7,229.9));
#578 = ( GEOMETRIC_REPRESENTATION_CONTEXT(2) 
PARAMETRIC_REPRESENTATION_CONTEXT() REPRESENTATION_CONTEXT('2D SPACE',''
  ) );
#579 = PCURVE('',#580,#585);
#580 = PLANE('',#581);
#581 = AXIS2_PLACEMENT_3D('',#582,#583,#584);
#582 = CARTESIAN_POINT('',(9.9,23.455623603672,1.447540013501));
#583 = DIRECTION('',(-1.,0.,0.));
#584 = DIRECTION('',(0.,0.850650808352,0.525731112119));
#585 = DEFINITIONAL_REPRESENTATION('',(#586),#589);
#586 = B_SPLINE_CURVE_WITH_KNOTS('',1,(#587,#588),.UNSPECIFIED.,.F.,.F.,
  (2,2),(104.45,124.25),.PIECEWISE_BEZIER_KNOTS.);
#587 = CARTESIAN_POINT('',(1.,0.));
#588 = CARTESIAN_POINT('',(1.,-19.8));
#589 = ( GEOMETRIC_REPRESENTATION_CONTEXT(2) 
PARAMETRIC_REPRESENTATION_CONTEXT() REPRESENTATION_CONTEXT('2D SPACE',''
  ) );
#590 = ORIENTED_EDGE('',*,*,#591,.F.);
#591 = EDGE_CURVE('',#592,#566,#594,.T.);
#592 = VERTEX_POINT('',#593);
#593 = CARTESIAN_POINT('',(-9.9,13.896798392066,18.81615713099));
#594 = SURFACE_CURVE('',#595,(#599,#605),.PCURVE_S1.);
#595 = LINE('',#596,#597);
#596 = CARTESIAN_POINT('',(-105.05,13.896798392066,18.816157130991));
#597 = VECTOR('',#598,1.);
#598 = DIRECTION('',(1.,0.,-0.));
#599 = PCURVE('',#69,#600);
#600 = DEFINITIONAL_REPRESENTATION('',(#601),#604);
#601 = B_SPLINE_CURVE_WITH_KNOTS('',1,(#602,#603),.UNSPECIFIED.,.F.,.F.,
  (2,2),(95.15,114.95),.PIECEWISE_BEZIER_KNOTS.);
#602 = CARTESIAN_POINT('',(228.7,210.1));
#603 = CARTESIAN_POINT('',(228.7,229.9));
#604 = ( GEOMETRIC_REPRESENTATION_CONTEXT(2) 
PARAMETRIC_REPRESENTATION_CONTEXT() REPRESENTATION_CONTEXT('2D SPACE',''
  ) );
#605 = PCURVE('',#606,#611);
#606 = PLANE('',#607);
#607 = AXIS2_PLACEMENT_3D('',#608,#609,#610);
#608 = CARTESIAN_POINT('',(9.9,13.046147583714,18.290426018871));
#609 = DIRECTION('',(0.,-0.525731112119,0.850650808352));
#610 = DIRECTION('',(0.,0.850650808352,0.525731112119));
#611 = DEFINITIONAL_REPRESENTATION('',(#612),#615);
#612 = B_SPLINE_CURVE_WITH_KNOTS('',1,(#613,#614),.UNSPECIFIED.,.F.,.F.,
  (2,2),(95.15,114.95),.PIECEWISE_BEZIER_KNOTS.);
#613 = CARTESIAN_POINT('',(1.,19.8));
#614 = CARTESIAN_POINT('',(1.,0.));
#615 = ( GEOMETRIC_REPRESENTATION_CONTEXT(2) 
PARAMETRIC_REPRESENTATION_CONTEXT() REPRESENTATION_CONTEXT('2D SPACE',''
  ) );
#616 = ORIENTED_EDGE('',*,*,#617,.F.);
#617 = EDGE_CURVE('',#538,#592,#618,.T.);
#618 = SURFACE_CURVE('',#619,(#623,#629),.PCURVE_S1.);
#619 = LINE('',#620,#621);
#620 = CARTESIAN_POINT('',(-9.9,79.218889072868,-86.87720580675));
#621 = VECTOR('',#622,1.);
#622 = DIRECTION('',(0.,-0.525731112119,0.850650808352));
#623 = PCURVE('',#69,#624);
#624 = DEFINITIONAL_REPRESENTATION('',(#625),#628);
#625 = B_SPLINE_CURVE_WITH_KNOTS('',1,(#626,#627),.UNSPECIFIED.,.F.,.F.,
  (2,2),(104.45,124.25),.PIECEWISE_BEZIER_KNOTS.);
#626 = CARTESIAN_POINT('',(208.9,210.1));
#627 = CARTESIAN_POINT('',(228.7,210.1));
#628 = ( GEOMETRIC_REPRESENTATION_CONTEXT(2) 
PARAMETRIC_REPRESENTATION_CONTEXT() REPRESENTATION_CONTEXT('2D SPACE',''
  ) );
#629 = PCURVE('',#630,#635);
#630 = PLANE('',#631);
#631 = AXIS2_PLACEMENT_3D('',#632,#633,#634);
#632 = CARTESIAN_POINT('',(-9.9,23.455623603672,1.447540013501));
#633 = DIRECTION('',(-1.,0.,0.));
#634 = DIRECTION('',(0.,0.850650808352,0.525731112119));
#635 = DEFINITIONAL_REPRESENTATION('',(#636),#639);
#636 = B_SPLINE_CURVE_WITH_KNOTS('',1,(#637,#638),.UNSPECIFIED.,.F.,.F.,
  (2,2),(104.45,124.25),.PIECEWISE_BEZIER_KNOTS.);
#637 = CARTESIAN_POINT('',(1.,0.));
#638 = CARTESIAN_POINT('',(1.,-19.8));
#639 = ( GEOMETRIC_REPRESENTATION_CONTEXT(2) 
PARAMETRIC_REPRESENTATION_CONTEXT() REPRESENTATION_CONTEXT('2D SPACE',''
  ) );
#640 = ADVANCED_FACE('',(#641,#711),#145,.T.);
#641 = FACE_BOUND('',#642,.T.);
#642 = EDGE_LOOP('',(#643,#671,#690,#691,#692));
#643 = ORIENTED_EDGE('',*,*,#644,.F.);
#644 = EDGE_CURVE('',#645,#647,#649,.T.);
#645 = VERTEX_POINT('',#646);
#646 = CARTESIAN_POINT('',(-15.77582622748,-15.77582622748,
    -15.77582622748));
#647 = VERTEX_POINT('',#648);
#648 = CARTESIAN_POINT('',(0.,-9.749996809195,-25.52582303667));
#649 = SURFACE_CURVE('',#650,(#654,#660),.PCURVE_S1.);
#650 = LINE('',#651,#652);
#651 = CARTESIAN_POINT('',(-75.05565892827,-38.41870747177,
    20.861125229018));
#652 = VECTOR('',#653,1.);
#653 = DIRECTION('',(0.809016994375,0.309016994375,-0.5));
#654 = PCURVE('',#145,#655);
#655 = DEFINITIONAL_REPRESENTATION('',(#656),#659);
#656 = B_SPLINE_CURVE_WITH_KNOTS('',1,(#657,#658),.UNSPECIFIED.,.F.,.F.,
  (2,2),(-43.19358099358,228.74137405636),.PIECEWISE_BEZIER_KNOTS.);
#657 = CARTESIAN_POINT('',(335.89303617151,168.23374195329));
#658 = CARTESIAN_POINT('',(77.267525162828,252.26626442831));
#659 = ( GEOMETRIC_REPRESENTATION_CONTEXT(2) 
PARAMETRIC_REPRESENTATION_CONTEXT() REPRESENTATION_CONTEXT('2D SPACE',''
  ) );
#660 = PCURVE('',#661,#666);
#661 = PLANE('',#662);
#662 = AXIS2_PLACEMENT_3D('',#663,#664,#665);
#663 = CARTESIAN_POINT('',(-220.,-134.1315037337,175.72768273912));
#664 = DIRECTION('',(0.,-0.850650808352,-0.525731112119));
#665 = DIRECTION('',(0.,0.525731112119,-0.850650808352));
#666 = DEFINITIONAL_REPRESENTATION('',(#667),#670);
#667 = B_SPLINE_CURVE_WITH_KNOTS('',1,(#668,#669),.UNSPECIFIED.,.F.,.F.,
  (2,2),(-43.19358099358,228.74137405636),.PIECEWISE_BEZIER_KNOTS.);
#668 = CARTESIAN_POINT('',(156.66800725375,110.));
#669 = CARTESIAN_POINT('',(316.50736341493,330.));
#670 = ( GEOMETRIC_REPRESENTATION_CONTEXT(2) 
PARAMETRIC_REPRESENTATION_CONTEXT() REPRESENTATION_CONTEXT('2D SPACE',''
  ) );
#671 = ORIENTED_EDGE('',*,*,#672,.T.);
#672 = EDGE_CURVE('',#645,#268,#673,.T.);
#673 = SURFACE_CURVE('',#674,(#678,#684),.PCURVE_S1.);
#674 = LINE('',#675,#676);
#675 = CARTESIAN_POINT('',(20.861125229018,-75.05565892827,
    -38.41870747177));
#676 = VECTOR('',#677,1.);
#677 = DIRECTION('',(-0.5,0.809016994375,0.309016994375));
#678 = PCURVE('',#145,#679);
#679 = DEFINITIONAL_REPRESENTATION('',(#680),#683);
#680 = B_SPLINE_CURVE_WITH_KNOTS('',1,(#681,#682),.UNSPECIFIED.,.F.,.F.,
  (2,2),(28.787282644864,228.74137405636),.PIECEWISE_BEZIER_KNOTS.);
#681 = CARTESIAN_POINT('',(198.97729734771,168.23374195329));
#682 = CARTESIAN_POINT('',(316.50736341493,330.));
#683 = ( GEOMETRIC_REPRESENTATION_CONTEXT(2) 
PARAMETRIC_REPRESENTATION_CONTEXT() REPRESENTATION_CONTEXT('2D SPACE',''
  ) );
#684 = PCURVE('',#282,#685);
#685 = DEFINITIONAL_REPRESENTATION('',(#686),#689);
#686 = B_SPLINE_CURVE_WITH_KNOTS('',1,(#687,#688),.UNSPECIFIED.,.F.,.F.,
  (2,2),(28.787282644864,228.74137405636),.PIECEWISE_BEZIER_KNOTS.);
#687 = CARTESIAN_POINT('',(267.43516675961,190.47705208736));
#688 = CARTESIAN_POINT('',(77.267525162828,252.26626442831));
#689 = ( GEOMETRIC_REPRESENTATION_CONTEXT(2) 
PARAMETRIC_REPRESENTATION_CONTEXT() REPRESENTATION_CONTEXT('2D SPACE',''
  ) );
#690 = ORIENTED_EDGE('',*,*,#339,.T.);
#691 = ORIENTED_EDGE('',*,*,#132,.T.);
#692 = ORIENTED_EDGE('',*,*,#693,.T.);
#693 = EDGE_CURVE('',#107,#647,#694,.T.);
#694 = SURFACE_CURVE('',#695,(#699,#705),.PCURVE_S1.);
#695 = LINE('',#696,#697);
#696 = CARTESIAN_POINT('',(-4.263256414561E-14,-220.,-25.52582303667));
#697 = VECTOR('',#698,1.);
#698 = DIRECTION('',(0.,-1.,-0.));
#699 = PCURVE('',#145,#700);
#700 = DEFINITIONAL_REPRESENTATION('',(#701),#704);
#701 = B_SPLINE_CURVE_WITH_KNOTS('',1,(#702,#703),.UNSPECIFIED.,.F.,.F.,
  (2,2),(-330.,-204.2241737725),.PIECEWISE_BEZIER_KNOTS.);
#702 = CARTESIAN_POINT('',(206.58028066717,330.));
#703 = CARTESIAN_POINT('',(206.58028066717,204.22417377251));
#704 = ( GEOMETRIC_REPRESENTATION_CONTEXT(2) 
PARAMETRIC_REPRESENTATION_CONTEXT() REPRESENTATION_CONTEXT('2D SPACE',''
  ) );
#705 = PCURVE('',#121,#706);
#706 = DEFINITIONAL_REPRESENTATION('',(#707),#710);
#707 = B_SPLINE_CURVE_WITH_KNOTS('',1,(#708,#709),.UNSPECIFIED.,.F.,.F.,
  (2,2),(-330.,-204.2241737725),.PIECEWISE_BEZIER_KNOTS.);
#708 = CARTESIAN_POINT('',(233.41971933282,330.));
#709 = CARTESIAN_POINT('',(233.41971933282,204.22417377251));
#710 = ( GEOMETRIC_REPRESENTATION_CONTEXT(2) 
PARAMETRIC_REPRESENTATION_CONTEXT() REPRESENTATION_CONTEXT('2D SPACE',''
  ) );
#711 = FACE_BOUND('',#712,.T.);
#712 = EDGE_LOOP('',(#713,#741,#767,#793));
#713 = ORIENTED_EDGE('',*,*,#714,.T.);
#714 = EDGE_CURVE('',#715,#717,#719,.T.);
#715 = VERTEX_POINT('',#716);
#716 = CARTESIAN_POINT('',(-24.00441475694,1.484851943866,
    -10.69027883683));
#717 = VERTEX_POINT('',#718);
#718 = CARTESIAN_POINT('',(-14.10441475694,-14.53368454475,
    -16.80881532546));
#719 = SURFACE_CURVE('',#720,(#724,#730),.PCURVE_S1.);
#720 = LINE('',#721,#722);
#721 = CARTESIAN_POINT('',(60.244708809765,-134.8330935094,
    -62.75910072345));
#722 = VECTOR('',#723,1.);
#723 = DIRECTION('',(0.5,-0.809016994375,-0.309016994375));
#724 = PCURVE('',#145,#725);
#725 = DEFINITIONAL_REPRESENTATION('',(#726),#729);
#726 = B_SPLINE_CURVE_WITH_KNOTS('',1,(#727,#728),.UNSPECIFIED.,.F.,.F.,
  (2,2),(-168.4982471334,-148.6982471334),.PIECEWISE_BEZIER_KNOTS.);
#727 = CARTESIAN_POINT('',(234.79916263525,221.48485194386));
#728 = CARTESIAN_POINT('',(223.16101463986,205.46631545524));
#729 = ( GEOMETRIC_REPRESENTATION_CONTEXT(2) 
PARAMETRIC_REPRESENTATION_CONTEXT() REPRESENTATION_CONTEXT('2D SPACE',''
  ) );
#730 = PCURVE('',#731,#736);
#731 = PLANE('',#732);
#732 = AXIS2_PLACEMENT_3D('',#733,#734,#735);
#733 = CARTESIAN_POINT('',(-13.57868364482,-14.53368454475,
    -15.9581645171));
#734 = DIRECTION('',(0.688190960236,0.587785252292,-0.425325404176));
#735 = DIRECTION('',(-0.525731112119,0.,-0.850650808352));
#736 = DEFINITIONAL_REPRESENTATION('',(#737),#740);
#737 = B_SPLINE_CURVE_WITH_KNOTS('',1,(#738,#739),.UNSPECIFIED.,.F.,.F.,
  (2,2),(-168.4982471334,-148.6982471334),.PIECEWISE_BEZIER_KNOTS.);
#738 = CARTESIAN_POINT('',(1.,19.8));
#739 = CARTESIAN_POINT('',(1.,0.));
#740 = ( GEOMETRIC_REPRESENTATION_CONTEXT(2) 
PARAMETRIC_REPRESENTATION_CONTEXT() REPRESENTATION_CONTEXT('2D SPACE',''
  ) );
#741 = ORIENTED_EDGE('',*,*,#742,.T.);
#742 = EDGE_CURVE('',#717,#743,#745,.T.);
#743 = VERTEX_POINT('',#744);
#744 = CARTESIAN_POINT('',(-0.478233744278,-2.895536549367,
    -25.23025832814));
#745 = SURFACE_CURVE('',#746,(#750,#756),.PCURVE_S1.);
#746 = LINE('',#747,#748);
#747 = CARTESIAN_POINT('',(6.462510424381,3.03256669232,-29.51987413159)
  );
#748 = VECTOR('',#749,1.);
#749 = DIRECTION('',(0.688190960236,0.587785252292,-0.425325404176));
#750 = PCURVE('',#145,#751);
#751 = DEFINITIONAL_REPRESENTATION('',(#752),#755);
#752 = B_SPLINE_CURVE_WITH_KNOTS('',1,(#753,#754),.UNSPECIFIED.,.F.,.F.,
  (2,2),(-29.88549162907,-10.08549162907),.PIECEWISE_BEZIER_KNOTS.);
#753 = CARTESIAN_POINT('',(223.16101463986,205.46631545524));
#754 = CARTESIAN_POINT('',(207.14247815124,217.10446345063));
#755 = ( GEOMETRIC_REPRESENTATION_CONTEXT(2) 
PARAMETRIC_REPRESENTATION_CONTEXT() REPRESENTATION_CONTEXT('2D SPACE',''
  ) );
#756 = PCURVE('',#757,#762);
#757 = PLANE('',#758);
#758 = AXIS2_PLACEMENT_3D('',#759,#760,#761);
#759 = CARTESIAN_POINT('',(-13.57868364482,-14.53368454475,
    -15.9581645171));
#760 = DIRECTION('',(-0.5,0.809016994375,0.309016994375));
#761 = DIRECTION('',(-0.525731112119,0.,-0.850650808352));
#762 = DEFINITIONAL_REPRESENTATION('',(#763),#766);
#763 = B_SPLINE_CURVE_WITH_KNOTS('',1,(#764,#765),.UNSPECIFIED.,.F.,.F.,
  (2,2),(-29.88549162907,-10.08549162907),.PIECEWISE_BEZIER_KNOTS.);
#764 = CARTESIAN_POINT('',(1.,0.));
#765 = CARTESIAN_POINT('',(1.,-19.8));
#766 = ( GEOMETRIC_REPRESENTATION_CONTEXT(2) 
PARAMETRIC_REPRESENTATION_CONTEXT() REPRESENTATION_CONTEXT('2D SPACE',''
  ) );
#767 = ORIENTED_EDGE('',*,*,#768,.F.);
#768 = EDGE_CURVE('',#769,#743,#771,.T.);
#769 = VERTEX_POINT('',#770);
#770 = CARTESIAN_POINT('',(-10.37823374427,13.122999939256,
    -19.11172183952));
#771 = SURFACE_CURVE('',#772,(#776,#782),.PCURVE_S1.);
#772 = LINE('',#773,#774);
#773 = CARTESIAN_POINT('',(73.87088982243,-123.194945514,-71.18054372613
    ));
#774 = VECTOR('',#775,1.);
#775 = DIRECTION('',(0.5,-0.809016994375,-0.309016994375));
#776 = PCURVE('',#145,#777);
#777 = DEFINITIONAL_REPRESENTATION('',(#778),#781);
#778 = B_SPLINE_CURVE_WITH_KNOTS('',1,(#779,#780),.UNSPECIFIED.,.F.,.F.,
  (2,2),(-168.4982471334,-148.6982471334),.PIECEWISE_BEZIER_KNOTS.);
#779 = CARTESIAN_POINT('',(218.78062614663,233.12299993925));
#780 = CARTESIAN_POINT('',(207.14247815124,217.10446345063));
#781 = ( GEOMETRIC_REPRESENTATION_CONTEXT(2) 
PARAMETRIC_REPRESENTATION_CONTEXT() REPRESENTATION_CONTEXT('2D SPACE',''
  ) );
#782 = PCURVE('',#783,#788);
#783 = PLANE('',#784);
#784 = AXIS2_PLACEMENT_3D('',#785,#786,#787);
#785 = CARTESIAN_POINT('',(4.749736784096E-02,-2.895536549367,
    -24.37960751979));
#786 = DIRECTION('',(0.688190960236,0.587785252292,-0.425325404176));
#787 = DIRECTION('',(-0.525731112119,0.,-0.850650808352));
#788 = DEFINITIONAL_REPRESENTATION('',(#789),#792);
#789 = B_SPLINE_CURVE_WITH_KNOTS('',1,(#790,#791),.UNSPECIFIED.,.F.,.F.,
  (2,2),(-168.4982471334,-148.6982471334),.PIECEWISE_BEZIER_KNOTS.);
#790 = CARTESIAN_POINT('',(1.,19.8));
#791 = CARTESIAN_POINT('',(1.,0.));
#792 = ( GEOMETRIC_REPRESENTATION_CONTEXT(2) 
PARAMETRIC_REPRESENTATION_CONTEXT() REPRESENTATION_CONTEXT('2D SPACE',''
  ) );
#793 = ORIENTED_EDGE('',*,*,#794,.F.);
#794 = EDGE_CURVE('',#715,#769,#795,.T.);
#795 = SURFACE_CURVE('',#796,(#800,#806),.PCURVE_S1.);
#796 = LINE('',#797,#798);
#797 = CARTESIAN_POINT('',(-3.437489575619,19.051103180944,
    -23.40133764297));
#798 = VECTOR('',#799,1.);
#799 = DIRECTION('',(0.688190960236,0.587785252292,-0.425325404176));
#800 = PCURVE('',#145,#801);
#801 = DEFINITIONAL_REPRESENTATION('',(#802),#805);
#802 = B_SPLINE_CURVE_WITH_KNOTS('',1,(#803,#804),.UNSPECIFIED.,.F.,.F.,
  (2,2),(-29.88549162907,-10.08549162907),.PIECEWISE_BEZIER_KNOTS.);
#803 = CARTESIAN_POINT('',(234.79916263525,221.48485194386));
#804 = CARTESIAN_POINT('',(218.78062614663,233.12299993925));
#805 = ( GEOMETRIC_REPRESENTATION_CONTEXT(2) 
PARAMETRIC_REPRESENTATION_CONTEXT() REPRESENTATION_CONTEXT('2D SPACE',''
  ) );
#806 = PCURVE('',#807,#812);
#807 = PLANE('',#808);
#808 = AXIS2_PLACEMENT_3D('',#809,#810,#811);
#809 = CARTESIAN_POINT('',(-23.47868364482,1.484851943866,
    -9.839628028484));
#810 = DIRECTION('',(-0.5,0.809016994375,0.309016994375));
#811 = DIRECTION('',(-0.525731112119,0.,-0.850650808352));
#812 = DEFINITIONAL_REPRESENTATION('',(#813),#816);
#813 = B_SPLINE_CURVE_WITH_KNOTS('',1,(#814,#815),.UNSPECIFIED.,.F.,.F.,
  (2,2),(-29.88549162907,-10.08549162907),.PIECEWISE_BEZIER_KNOTS.);
#814 = CARTESIAN_POINT('',(1.,0.));
#815 = CARTESIAN_POINT('',(1.,-19.8));
#816 = ( GEOMETRIC_REPRESENTATION_CONTEXT(2) 
PARAMETRIC_REPRESENTATION_CONTEXT() REPRESENTATION_CONTEXT('2D SPACE',''
  ) );
#817 = ADVANCED_FACE('',(#818,#888),#95,.T.);
#818 = FACE_BOUND('',#819,.T.);
#819 = EDGE_LOOP('',(#820,#821,#822,#843,#869));
#820 = ORIENTED_EDGE('',*,*,#80,.F.);
#821 = ORIENTED_EDGE('',*,*,#516,.F.);
#822 = ORIENTED_EDGE('',*,*,#823,.F.);
#823 = EDGE_CURVE('',#824,#491,#826,.T.);
#824 = VERTEX_POINT('',#825);
#825 = CARTESIAN_POINT('',(25.525823036677,0.,9.749996809195));
#826 = SURFACE_CURVE('',#827,(#831,#837),.PCURVE_S1.);
#827 = LINE('',#828,#829);
#828 = CARTESIAN_POINT('',(102.12261353347,-123.9362104529,
    -37.58942314697));
#829 = VECTOR('',#830,1.);
#830 = DIRECTION('',(-0.5,0.809016994375,0.309016994375));
#831 = PCURVE('',#95,#832);
#832 = DEFINITIONAL_REPRESENTATION('',(#833),#836);
#833 = B_SPLINE_CURVE_WITH_KNOTS('',1,(#834,#835),.UNSPECIFIED.,.F.,.F.,
  (2,2),(133.69358737519,184.74523344855),.PIECEWISE_BEZIER_KNOTS.);
#834 = CARTESIAN_POINT('',(188.03468466868,223.72416739091));
#835 = CARTESIAN_POINT('',(236.58768533434,239.49999361839));
#836 = ( GEOMETRIC_REPRESENTATION_CONTEXT(2) 
PARAMETRIC_REPRESENTATION_CONTEXT() REPRESENTATION_CONTEXT('2D SPACE',''
  ) );
#837 = PCURVE('',#505,#838);
#838 = DEFINITIONAL_REPRESENTATION('',(#839),#842);
#839 = B_SPLINE_CURVE_WITH_KNOTS('',1,(#840,#841),.UNSPECIFIED.,.F.,.F.,
  (2,2),(133.69358737519,184.74523344855),.PIECEWISE_BEZIER_KNOTS.);
#840 = CARTESIAN_POINT('',(248.04949400303,204.22417377251));
#841 = CARTESIAN_POINT('',(218.04208933585,245.52582303667));
#842 = ( GEOMETRIC_REPRESENTATION_CONTEXT(2) 
PARAMETRIC_REPRESENTATION_CONTEXT() REPRESENTATION_CONTEXT('2D SPACE',''
  ) );
#843 = ORIENTED_EDGE('',*,*,#844,.F.);
#844 = EDGE_CURVE('',#845,#824,#847,.T.);
#845 = VERTEX_POINT('',#846);
#846 = CARTESIAN_POINT('',(25.525823036677,0.,-9.749996809195));
#847 = SURFACE_CURVE('',#848,(#852,#858),.PCURVE_S1.);
#848 = LINE('',#849,#850);
#849 = CARTESIAN_POINT('',(25.525823036677,4.263256414561E-14,-220.));
#850 = VECTOR('',#851,1.);
#851 = DIRECTION('',(-0.,0.,1.));
#852 = PCURVE('',#95,#853);
#853 = DEFINITIONAL_REPRESENTATION('',(#854),#857);
#854 = B_SPLINE_CURVE_WITH_KNOTS('',1,(#855,#856),.UNSPECIFIED.,.F.,.F.,
  (2,2),(204.22417377251,235.77582622748),.PIECEWISE_BEZIER_KNOTS.);
#855 = CARTESIAN_POINT('',(206.58028066717,204.22417377251));
#856 = CARTESIAN_POINT('',(206.58028066717,235.77582622748));
#857 = ( GEOMETRIC_REPRESENTATION_CONTEXT(2) 
PARAMETRIC_REPRESENTATION_CONTEXT() REPRESENTATION_CONTEXT('2D SPACE',''
  ) );
#858 = PCURVE('',#859,#864);
#859 = PLANE('',#860);
#860 = AXIS2_PLACEMENT_3D('',#861,#862,#863);
#861 = CARTESIAN_POINT('',(-97.1901855987,-198.5586729357,-220.));
#862 = DIRECTION('',(0.850650808352,-0.525731112119,0.));
#863 = DIRECTION('',(0.525731112119,0.850650808352,0.));
#864 = DEFINITIONAL_REPRESENTATION('',(#865),#868);
#865 = B_SPLINE_CURVE_WITH_KNOTS('',1,(#866,#867),.UNSPECIFIED.,.F.,.F.,
  (2,2),(204.22417377251,235.77582622748),.PIECEWISE_BEZIER_KNOTS.);
#866 = CARTESIAN_POINT('',(233.41971933282,204.22417377251));
#867 = CARTESIAN_POINT('',(233.41971933282,235.77582622748));
#868 = ( GEOMETRIC_REPRESENTATION_CONTEXT(2) 
PARAMETRIC_REPRESENTATION_CONTEXT() REPRESENTATION_CONTEXT('2D SPACE',''
  ) );
#869 = ORIENTED_EDGE('',*,*,#870,.F.);
#870 = EDGE_CURVE('',#81,#845,#871,.T.);
#871 = SURFACE_CURVE('',#872,(#876,#882),.PCURVE_S1.);
#872 = LINE('',#873,#874);
#873 = CARTESIAN_POINT('',(132.78712190439,-173.5524272454,
    56.541131568517));
#874 = VECTOR('',#875,1.);
#875 = DIRECTION('',(0.5,-0.809016994375,0.309016994375));
#876 = PCURVE('',#95,#877);
#877 = DEFINITIONAL_REPRESENTATION('',(#878),#881);
#878 = B_SPLINE_CURVE_WITH_KNOTS('',1,(#879,#880),.UNSPECIFIED.,.F.,.F.,
  (2,2),(-246.0742501904,-195.022604117),.PIECEWISE_BEZIER_KNOTS.);
#879 = CARTESIAN_POINT('',(236.58768533434,200.5000063816));
#880 = CARTESIAN_POINT('',(188.03468466868,216.27583260909));
#881 = ( GEOMETRIC_REPRESENTATION_CONTEXT(2) 
PARAMETRIC_REPRESENTATION_CONTEXT() REPRESENTATION_CONTEXT('2D SPACE',''
  ) );
#882 = PCURVE('',#121,#883);
#883 = DEFINITIONAL_REPRESENTATION('',(#884),#887);
#884 = B_SPLINE_CURVE_WITH_KNOTS('',1,(#885,#886),.UNSPECIFIED.,.F.,.F.,
  (2,2),(-246.0742501904,-195.022604117),.PIECEWISE_BEZIER_KNOTS.);
#885 = CARTESIAN_POINT('',(221.95791066414,245.52582303667));
#886 = CARTESIAN_POINT('',(191.95050599696,204.22417377251));
#887 = ( GEOMETRIC_REPRESENTATION_CONTEXT(2) 
PARAMETRIC_REPRESENTATION_CONTEXT() REPRESENTATION_CONTEXT('2D SPACE',''
  ) );
#888 = FACE_BOUND('',#889,.T.);
#889 = EDGE_LOOP('',(#890,#918,#944,#970));
#890 = ORIENTED_EDGE('',*,*,#891,.T.);
#891 = EDGE_CURVE('',#892,#894,#896,.T.);
#892 = VERTEX_POINT('',#893);
#893 = CARTESIAN_POINT('',(10.690278836836,24.004414756943,
    1.484851943866));
#894 = VERTEX_POINT('',#895);
#895 = CARTESIAN_POINT('',(16.80881532546,14.104414756943,
    -14.53368454475));
#896 = SURFACE_CURVE('',#897,(#901,#907),.PCURVE_S1.);
#897 = LINE('',#898,#899);
#898 = CARTESIAN_POINT('',(62.759100723452,-60.24470880976,
    -134.8330935094));
#899 = VECTOR('',#900,1.);
#900 = DIRECTION('',(0.309016994375,-0.5,-0.809016994375));
#901 = PCURVE('',#95,#902);
#902 = DEFINITIONAL_REPRESENTATION('',(#903),#906);
#903 = B_SPLINE_CURVE_WITH_KNOTS('',1,(#904,#905),.UNSPECIFIED.,.F.,.F.,
  (2,2),(-168.4982471334,-148.6982471334),.PIECEWISE_BEZIER_KNOTS.);
#904 = CARTESIAN_POINT('',(234.79916263525,221.48485194386));
#905 = CARTESIAN_POINT('',(223.16101463986,205.46631545524));
#906 = ( GEOMETRIC_REPRESENTATION_CONTEXT(2) 
PARAMETRIC_REPRESENTATION_CONTEXT() REPRESENTATION_CONTEXT('2D SPACE',''
  ) );
#907 = PCURVE('',#908,#913);
#908 = PLANE('',#909);
#909 = AXIS2_PLACEMENT_3D('',#910,#911,#912);
#910 = CARTESIAN_POINT('',(15.958164517108,13.578683644824,
    -14.53368454475));
#911 = DIRECTION('',(0.425325404176,-0.688190960236,0.587785252292));
#912 = DIRECTION('',(0.850650808352,0.525731112119,0.));
#913 = DEFINITIONAL_REPRESENTATION('',(#914),#917);
#914 = B_SPLINE_CURVE_WITH_KNOTS('',1,(#915,#916),.UNSPECIFIED.,.F.,.F.,
  (2,2),(-168.4982471334,-148.6982471334),.PIECEWISE_BEZIER_KNOTS.);
#915 = CARTESIAN_POINT('',(1.,19.8));
#916 = CARTESIAN_POINT('',(1.,0.));
#917 = ( GEOMETRIC_REPRESENTATION_CONTEXT(2) 
PARAMETRIC_REPRESENTATION_CONTEXT() REPRESENTATION_CONTEXT('2D SPACE',''
  ) );
#918 = ORIENTED_EDGE('',*,*,#919,.T.);
#919 = EDGE_CURVE('',#894,#920,#922,.T.);
#920 = VERTEX_POINT('',#921);
#921 = CARTESIAN_POINT('',(25.230258328145,0.478233744278,
    -2.895536549367));
#922 = SURFACE_CURVE('',#923,(#927,#933),.PCURVE_S1.);
#923 = LINE('',#924,#925);
#924 = CARTESIAN_POINT('',(29.519874131594,-6.462510424381,3.03256669232
    ));
#925 = VECTOR('',#926,1.);
#926 = DIRECTION('',(0.425325404176,-0.688190960236,0.587785252292));
#927 = PCURVE('',#95,#928);
#928 = DEFINITIONAL_REPRESENTATION('',(#929),#932);
#929 = B_SPLINE_CURVE_WITH_KNOTS('',1,(#930,#931),.UNSPECIFIED.,.F.,.F.,
  (2,2),(-29.88549162907,-10.08549162907),.PIECEWISE_BEZIER_KNOTS.);
#930 = CARTESIAN_POINT('',(223.16101463986,205.46631545524));
#931 = CARTESIAN_POINT('',(207.14247815124,217.10446345063));
#932 = ( GEOMETRIC_REPRESENTATION_CONTEXT(2) 
PARAMETRIC_REPRESENTATION_CONTEXT() REPRESENTATION_CONTEXT('2D SPACE',''
  ) );
#933 = PCURVE('',#934,#939);
#934 = PLANE('',#935);
#935 = AXIS2_PLACEMENT_3D('',#936,#937,#938);
#936 = CARTESIAN_POINT('',(15.958164517108,13.578683644824,
    -14.53368454475));
#937 = DIRECTION('',(-0.309016994375,0.5,0.809016994375));
#938 = DIRECTION('',(0.850650808352,0.525731112119,0.));
#939 = DEFINITIONAL_REPRESENTATION('',(#940),#943);
#940 = B_SPLINE_CURVE_WITH_KNOTS('',1,(#941,#942),.UNSPECIFIED.,.F.,.F.,
  (2,2),(-29.88549162907,-10.08549162907),.PIECEWISE_BEZIER_KNOTS.);
#941 = CARTESIAN_POINT('',(1.,0.));
#942 = CARTESIAN_POINT('',(1.,-19.8));
#943 = ( GEOMETRIC_REPRESENTATION_CONTEXT(2) 
PARAMETRIC_REPRESENTATION_CONTEXT() REPRESENTATION_CONTEXT('2D SPACE',''
  ) );
#944 = ORIENTED_EDGE('',*,*,#945,.F.);
#945 = EDGE_CURVE('',#946,#920,#948,.T.);
#946 = VERTEX_POINT('',#947);
#947 = CARTESIAN_POINT('',(19.111721839522,10.378233744278,
    13.122999939256));
#948 = SURFACE_CURVE('',#949,(#953,#959),.PCURVE_S1.);
#949 = LINE('',#950,#951);
#950 = CARTESIAN_POINT('',(71.180543726137,-73.87088982243,
    -123.194945514));
#951 = VECTOR('',#952,1.);
#952 = DIRECTION('',(0.309016994375,-0.5,-0.809016994375));
#953 = PCURVE('',#95,#954);
#954 = DEFINITIONAL_REPRESENTATION('',(#955),#958);
#955 = B_SPLINE_CURVE_WITH_KNOTS('',1,(#956,#957),.UNSPECIFIED.,.F.,.F.,
  (2,2),(-168.4982471334,-148.6982471334),.PIECEWISE_BEZIER_KNOTS.);
#956 = CARTESIAN_POINT('',(218.78062614663,233.12299993925));
#957 = CARTESIAN_POINT('',(207.14247815124,217.10446345063));
#958 = ( GEOMETRIC_REPRESENTATION_CONTEXT(2) 
PARAMETRIC_REPRESENTATION_CONTEXT() REPRESENTATION_CONTEXT('2D SPACE',''
  ) );
#959 = PCURVE('',#960,#965);
#960 = PLANE('',#961);
#961 = AXIS2_PLACEMENT_3D('',#962,#963,#964);
#962 = CARTESIAN_POINT('',(24.379607519793,-4.749736784096E-02,
    -2.895536549367));
#963 = DIRECTION('',(0.425325404176,-0.688190960236,0.587785252292));
#964 = DIRECTION('',(0.850650808352,0.525731112119,0.));
#965 = DEFINITIONAL_REPRESENTATION('',(#966),#969);
#966 = B_SPLINE_CURVE_WITH_KNOTS('',1,(#967,#968),.UNSPECIFIED.,.F.,.F.,
  (2,2),(-168.4982471334,-148.6982471334),.PIECEWISE_BEZIER_KNOTS.);
#967 = CARTESIAN_POINT('',(1.,19.8));
#968 = CARTESIAN_POINT('',(1.,0.));
#969 = ( GEOMETRIC_REPRESENTATION_CONTEXT(2) 
PARAMETRIC_REPRESENTATION_CONTEXT() REPRESENTATION_CONTEXT('2D SPACE',''
  ) );
#970 = ORIENTED_EDGE('',*,*,#971,.F.);
#971 = EDGE_CURVE('',#892,#946,#972,.T.);
#972 = SURFACE_CURVE('',#973,(#977,#983),.PCURVE_S1.);
#973 = LINE('',#974,#975);
#974 = CARTESIAN_POINT('',(23.40133764297,3.437489575619,19.051103180944
    ));
#975 = VECTOR('',#976,1.);
#976 = DIRECTION('',(0.425325404176,-0.688190960236,0.587785252292));
#977 = PCURVE('',#95,#978);
#978 = DEFINITIONAL_REPRESENTATION('',(#979),#982);
#979 = B_SPLINE_CURVE_WITH_KNOTS('',1,(#980,#981),.UNSPECIFIED.,.F.,.F.,
  (2,2),(-29.88549162907,-10.08549162907),.PIECEWISE_BEZIER_KNOTS.);
#980 = CARTESIAN_POINT('',(234.79916263525,221.48485194386));
#981 = CARTESIAN_POINT('',(218.78062614663,233.12299993925));
#982 = ( GEOMETRIC_REPRESENTATION_CONTEXT(2) 
PARAMETRIC_REPRESENTATION_CONTEXT() REPRESENTATION_CONTEXT('2D SPACE',''
  ) );
#983 = PCURVE('',#984,#989);
#984 = PLANE('',#985);
#985 = AXIS2_PLACEMENT_3D('',#986,#987,#988);
#986 = CARTESIAN_POINT('',(9.839628028484,23.478683644824,1.484851943866
    ));
#987 = DIRECTION('',(-0.309016994375,0.5,0.809016994375));
#988 = DIRECTION('',(0.850650808352,0.525731112119,0.));
#989 = DEFINITIONAL_REPRESENTATION('',(#990),#993);
#990 = B_SPLINE_CURVE_WITH_KNOTS('',1,(#991,#992),.UNSPECIFIED.,.F.,.F.,
  (2,2),(-29.88549162907,-10.08549162907),.PIECEWISE_BEZIER_KNOTS.);
#991 = CARTESIAN_POINT('',(1.,0.));
#992 = CARTESIAN_POINT('',(1.,-19.8));
#993 = ( GEOMETRIC_REPRESENTATION_CONTEXT(2) 
PARAMETRIC_REPRESENTATION_CONTEXT() REPRESENTATION_CONTEXT('2D SPACE',''
  ) );
#994 = ADVANCED_FACE('',(#995,#1040),#121,.T.);
#995 = FACE_BOUND('',#996,.T.);
#996 = EDGE_LOOP('',(#997,#998,#999,#1000,#1021));
#997 = ORIENTED_EDGE('',*,*,#693,.F.);
#998 = ORIENTED_EDGE('',*,*,#106,.T.);
#999 = ORIENTED_EDGE('',*,*,#870,.T.);
#1000 = ORIENTED_EDGE('',*,*,#1001,.T.);
#1001 = EDGE_CURVE('',#845,#1002,#1004,.T.);
#1002 = VERTEX_POINT('',#1003);
#1003 = CARTESIAN_POINT('',(15.775826227481,-15.77582622748,
    -15.77582622748));
#1004 = SURFACE_CURVE('',#1005,(#1009,#1015),.PCURVE_S1.);
#1005 = LINE('',#1006,#1007);
#1006 = CARTESIAN_POINT('',(-60.82096426931,-139.7120366804,
    -63.11524618365));
#1007 = VECTOR('',#1008,1.);
#1008 = DIRECTION('',(-0.5,-0.809016994375,-0.309016994375));
#1009 = PCURVE('',#121,#1010);
#1010 = DEFINITIONAL_REPRESENTATION('',(#1011),#1014);
#1011 = B_SPLINE_CURVE_WITH_KNOTS('',1,(#1012,#1013),.UNSPECIFIED.,.F.,
  .F.,(2,2),(-236.6801884985,-141.141922157),.PIECEWISE_BEZIER_KNOTS.);
#1012 = CARTESIAN_POINT('',(165.80192667902,271.7662580467));
#1013 = CARTESIAN_POINT('',(221.95791066414,194.47417696332));
#1014 = ( GEOMETRIC_REPRESENTATION_CONTEXT(2) 
PARAMETRIC_REPRESENTATION_CONTEXT() REPRESENTATION_CONTEXT('2D SPACE',''
  ) );
#1015 = PCURVE('',#859,#1016);
#1016 = DEFINITIONAL_REPRESENTATION('',(#1017),#1020);
#1017 = B_SPLINE_CURVE_WITH_KNOTS('',1,(#1018,#1019),.UNSPECIFIED.,.F.,
  .F.,(2,2),(-236.6801884985,-141.141922157),.PIECEWISE_BEZIER_KNOTS.);
#1018 = CARTESIAN_POINT('',(294.27460542527,230.02295429424));
#1019 = CARTESIAN_POINT('',(203.41231466565,200.5000063816));
#1020 = ( GEOMETRIC_REPRESENTATION_CONTEXT(2) 
PARAMETRIC_REPRESENTATION_CONTEXT() REPRESENTATION_CONTEXT('2D SPACE',''
  ) );
#1021 = ORIENTED_EDGE('',*,*,#1022,.F.);
#1022 = EDGE_CURVE('',#647,#1002,#1023,.T.);
#1023 = SURFACE_CURVE('',#1024,(#1028,#1034),.PCURVE_S1.);
#1024 = LINE('',#1025,#1026);
#1025 = CARTESIAN_POINT('',(100.33638409167,-48.07508522395,
    36.485472640241));
#1026 = VECTOR('',#1027,1.);
#1027 = DIRECTION('',(0.809016994375,-0.309016994375,0.5));
#1028 = PCURVE('',#121,#1029);
#1029 = DEFINITIONAL_REPRESENTATION('',(#1030),#1033);
#1030 = B_SPLINE_CURVE_WITH_KNOTS('',1,(#1031,#1032),.UNSPECIFIED.,.F.,
  .F.,(2,2),(-143.5225849722,-72.97094528048),.PIECEWISE_BEZIER_KNOTS.);
#1031 = CARTESIAN_POINT('',(251.96531533131,216.27583260909));
#1032 = CARTESIAN_POINT('',(184.86671866717,194.47417696332));
#1033 = ( GEOMETRIC_REPRESENTATION_CONTEXT(2) 
PARAMETRIC_REPRESENTATION_CONTEXT() REPRESENTATION_CONTEXT('2D SPACE',''
  ) );
#1034 = PCURVE('',#661,#1035);
#1035 = DEFINITIONAL_REPRESENTATION('',(#1036),#1039);
#1036 = B_SPLINE_CURVE_WITH_KNOTS('',1,(#1037,#1038),.UNSPECIFIED.,.F.,
  .F.,(2,2),(-143.5225849722,-72.97094528048),.PIECEWISE_BEZIER_KNOTS.);
#1037 = CARTESIAN_POINT('',(248.04949400303,204.22417377251));
#1038 = CARTESIAN_POINT('',(206.58028066717,261.30164926415));
#1039 = ( GEOMETRIC_REPRESENTATION_CONTEXT(2) 
PARAMETRIC_REPRESENTATION_CONTEXT() REPRESENTATION_CONTEXT('2D SPACE',''
  ) );
#1040 = FACE_BOUND('',#1041,.T.);
#1041 = EDGE_LOOP('',(#1042,#1070,#1096,#1122));
#1042 = ORIENTED_EDGE('',*,*,#1043,.T.);
#1043 = EDGE_CURVE('',#1044,#1046,#1048,.T.);
#1044 = VERTEX_POINT('',#1045);
#1045 = CARTESIAN_POINT('',(1.97327112562,9.9,-24.30627441202));
#1046 = VERTEX_POINT('',#1047);
#1047 = CARTESIAN_POINT('',(1.97327112562,-9.9,-24.30627441202));
#1048 = SURFACE_CURVE('',#1049,(#1053,#1059),.PCURVE_S1.);
#1049 = LINE('',#1050,#1051);
#1050 = CARTESIAN_POINT('',(1.97327112562,-114.95,-24.30627441202));
#1051 = VECTOR('',#1052,1.);
#1052 = DIRECTION('',(0.,-1.,0.));
#1053 = PCURVE('',#121,#1054);
#1054 = DEFINITIONAL_REPRESENTATION('',(#1055),#1058);
#1055 = B_SPLINE_CURVE_WITH_KNOTS('',1,(#1056,#1057),.UNSPECIFIED.,.F.,
  .F.,(2,2),(-124.85,-105.05),.PIECEWISE_BEZIER_KNOTS.);
#1056 = CARTESIAN_POINT('',(231.1,229.9));
#1057 = CARTESIAN_POINT('',(231.1,210.1));
#1058 = ( GEOMETRIC_REPRESENTATION_CONTEXT(2) 
PARAMETRIC_REPRESENTATION_CONTEXT() REPRESENTATION_CONTEXT('2D SPACE',''
  ) );
#1059 = PCURVE('',#1060,#1065);
#1060 = PLANE('',#1061);
#1061 = AXIS2_PLACEMENT_3D('',#1062,#1063,#1064);
#1062 = CARTESIAN_POINT('',(1.447540013501,-9.9,-23.45562360367));
#1063 = DIRECTION('',(0.850650808352,0.,0.525731112119));
#1064 = DIRECTION('',(0.525731112119,0.,-0.850650808352));
#1065 = DEFINITIONAL_REPRESENTATION('',(#1066),#1069);
#1066 = B_SPLINE_CURVE_WITH_KNOTS('',1,(#1067,#1068),.UNSPECIFIED.,.F.,
  .F.,(2,2),(-124.85,-105.05),.PIECEWISE_BEZIER_KNOTS.);
#1067 = CARTESIAN_POINT('',(1.,19.8));
#1068 = CARTESIAN_POINT('',(1.,0.));
#1069 = ( GEOMETRIC_REPRESENTATION_CONTEXT(2) 
PARAMETRIC_REPRESENTATION_CONTEXT() REPRESENTATION_CONTEXT('2D SPACE',''
  ) );
#1070 = ORIENTED_EDGE('',*,*,#1071,.T.);
#1071 = EDGE_CURVE('',#1046,#1072,#1074,.T.);
#1072 = VERTEX_POINT('',#1073);
#1073 = CARTESIAN_POINT('',(18.81615713099,-9.9,-13.89679839206));
#1074 = SURFACE_CURVE('',#1075,(#1079,#1085),.PCURVE_S1.);
#1075 = LINE('',#1076,#1077);
#1076 = CARTESIAN_POINT('',(100.26597203069,-9.9,36.441955593341));
#1077 = VECTOR('',#1078,1.);
#1078 = DIRECTION('',(0.850650808352,-0.,0.525731112119));
#1079 = PCURVE('',#121,#1080);
#1080 = DEFINITIONAL_REPRESENTATION('',(#1081),#1084);
#1081 = B_SPLINE_CURVE_WITH_KNOTS('',1,(#1082,#1083),.UNSPECIFIED.,.F.,
  .F.,(2,2),(-115.55,-95.75),.PIECEWISE_BEZIER_KNOTS.);
#1082 = CARTESIAN_POINT('',(231.1,210.1));
#1083 = CARTESIAN_POINT('',(211.3,210.1));
#1084 = ( GEOMETRIC_REPRESENTATION_CONTEXT(2) 
PARAMETRIC_REPRESENTATION_CONTEXT() REPRESENTATION_CONTEXT('2D SPACE',''
  ) );
#1085 = PCURVE('',#1086,#1091);
#1086 = PLANE('',#1087);
#1087 = AXIS2_PLACEMENT_3D('',#1088,#1089,#1090);
#1088 = CARTESIAN_POINT('',(1.447540013501,-9.9,-23.45562360367));
#1089 = DIRECTION('',(0.,1.,0.));
#1090 = DIRECTION('',(0.525731112119,0.,-0.850650808352));
#1091 = DEFINITIONAL_REPRESENTATION('',(#1092),#1095);
#1092 = B_SPLINE_CURVE_WITH_KNOTS('',1,(#1093,#1094),.UNSPECIFIED.,.F.,
  .F.,(2,2),(-115.55,-95.75),.PIECEWISE_BEZIER_KNOTS.);
#1093 = CARTESIAN_POINT('',(1.,0.));
#1094 = CARTESIAN_POINT('',(1.,-19.8));
#1095 = ( GEOMETRIC_REPRESENTATION_CONTEXT(2) 
PARAMETRIC_REPRESENTATION_CONTEXT() REPRESENTATION_CONTEXT('2D SPACE',''
  ) );
#1096 = ORIENTED_EDGE('',*,*,#1097,.F.);
#1097 = EDGE_CURVE('',#1098,#1072,#1100,.T.);
#1098 = VERTEX_POINT('',#1099);
#1099 = CARTESIAN_POINT('',(18.81615713099,9.9,-13.89679839206));
#1100 = SURFACE_CURVE('',#1101,(#1105,#1111),.PCURVE_S1.);
#1101 = LINE('',#1102,#1103);
#1102 = CARTESIAN_POINT('',(18.81615713099,-114.95,-13.89679839206));
#1103 = VECTOR('',#1104,1.);
#1104 = DIRECTION('',(0.,-1.,0.));
#1105 = PCURVE('',#121,#1106);
#1106 = DEFINITIONAL_REPRESENTATION('',(#1107),#1110);
#1107 = B_SPLINE_CURVE_WITH_KNOTS('',1,(#1108,#1109),.UNSPECIFIED.,.F.,
  .F.,(2,2),(-124.85,-105.05),.PIECEWISE_BEZIER_KNOTS.);
#1108 = CARTESIAN_POINT('',(211.3,229.9));
#1109 = CARTESIAN_POINT('',(211.3,210.1));
#1110 = ( GEOMETRIC_REPRESENTATION_CONTEXT(2) 
PARAMETRIC_REPRESENTATION_CONTEXT() REPRESENTATION_CONTEXT('2D SPACE',''
  ) );
#1111 = PCURVE('',#1112,#1117);
#1112 = PLANE('',#1113);
#1113 = AXIS2_PLACEMENT_3D('',#1114,#1115,#1116);
#1114 = CARTESIAN_POINT('',(18.290426018871,-9.9,-13.04614758371));
#1115 = DIRECTION('',(0.850650808352,0.,0.525731112119));
#1116 = DIRECTION('',(0.525731112119,0.,-0.850650808352));
#1117 = DEFINITIONAL_REPRESENTATION('',(#1118),#1121);
#1118 = B_SPLINE_CURVE_WITH_KNOTS('',1,(#1119,#1120),.UNSPECIFIED.,.F.,
  .F.,(2,2),(-124.85,-105.05),.PIECEWISE_BEZIER_KNOTS.);
#1119 = CARTESIAN_POINT('',(1.,19.8));
#1120 = CARTESIAN_POINT('',(1.,0.));
#1121 = ( GEOMETRIC_REPRESENTATION_CONTEXT(2) 
PARAMETRIC_REPRESENTATION_CONTEXT() REPRESENTATION_CONTEXT('2D SPACE',''
  ) );
#1122 = ORIENTED_EDGE('',*,*,#1123,.F.);
#1123 = EDGE_CURVE('',#1044,#1098,#1124,.T.);
#1124 = SURFACE_CURVE('',#1125,(#1129,#1135),.PCURVE_S1.);
#1125 = LINE('',#1126,#1127);
#1126 = CARTESIAN_POINT('',(100.26597203069,9.9,36.441955593341));
#1127 = VECTOR('',#1128,1.);
#1128 = DIRECTION('',(0.850650808352,-0.,0.525731112119));
#1129 = PCURVE('',#121,#1130);
#1130 = DEFINITIONAL_REPRESENTATION('',(#1131),#1134);
#1131 = B_SPLINE_CURVE_WITH_KNOTS('',1,(#1132,#1133),.UNSPECIFIED.,.F.,
  .F.,(2,2),(-115.55,-95.75),.PIECEWISE_BEZIER_KNOTS.);
#1132 = CARTESIAN_POINT('',(231.1,229.9));
#1133 = CARTESIAN_POINT('',(211.3,229.9));
#1134 = ( GEOMETRIC_REPRESENTATION_CONTEXT(2) 
PARAMETRIC_REPRESENTATION_CONTEXT() REPRESENTATION_CONTEXT('2D SPACE',''
  ) );
#1135 = PCURVE('',#1136,#1141);
#1136 = PLANE('',#1137);
#1137 = AXIS2_PLACEMENT_3D('',#1138,#1139,#1140);
#1138 = CARTESIAN_POINT('',(1.447540013501,9.9,-23.45562360367));
#1139 = DIRECTION('',(0.,1.,0.));
#1140 = DIRECTION('',(0.525731112119,0.,-0.850650808352));
#1141 = DEFINITIONAL_REPRESENTATION('',(#1142),#1145);
#1142 = B_SPLINE_CURVE_WITH_KNOTS('',1,(#1143,#1144),.UNSPECIFIED.,.F.,
  .F.,(2,2),(-115.55,-95.75),.PIECEWISE_BEZIER_KNOTS.);
#1143 = CARTESIAN_POINT('',(1.,0.));
#1144 = CARTESIAN_POINT('',(1.,-19.8));
#1145 = ( GEOMETRIC_REPRESENTATION_CONTEXT(2) 
PARAMETRIC_REPRESENTATION_CONTEXT() REPRESENTATION_CONTEXT('2D SPACE',''
  ) );
#1146 = ADVANCED_FACE('',(#1147),#175,.T.);
#1147 = FACE_BOUND('',#1148,.T.);
#1148 = EDGE_LOOP('',(#1149,#1172,#1200,#1221));
#1149 = ORIENTED_EDGE('',*,*,#1150,.F.);
#1150 = EDGE_CURVE('',#1151,#159,#1153,.T.);
#1151 = VERTEX_POINT('',#1152);
#1152 = CARTESIAN_POINT('',(9.9,23.455623603672,-1.447540013501));
#1153 = SURFACE_CURVE('',#1154,(#1158,#1165),.PCURVE_S1.);
#1154 = LINE('',#1155,#1156);
#1155 = CARTESIAN_POINT('',(9.9,23.455623603672,-1.447540013501));
#1156 = VECTOR('',#1157,1.);
#1157 = DIRECTION('',(0.,0.850650808352,-0.525731112119));
#1158 = PCURVE('',#175,#1159);
#1159 = DEFINITIONAL_REPRESENTATION('',(#1160),#1164);
#1160 = LINE('',#1161,#1162);
#1161 = CARTESIAN_POINT('',(0.,19.8));
#1162 = VECTOR('',#1163,1.);
#1163 = DIRECTION('',(1.,0.));
#1164 = ( GEOMETRIC_REPRESENTATION_CONTEXT(2) 
PARAMETRIC_REPRESENTATION_CONTEXT() REPRESENTATION_CONTEXT('2D SPACE',''
  ) );
#1165 = PCURVE('',#251,#1166);
#1166 = DEFINITIONAL_REPRESENTATION('',(#1167),#1171);
#1167 = LINE('',#1168,#1169);
#1168 = CARTESIAN_POINT('',(0.,0.));
#1169 = VECTOR('',#1170,1.);
#1170 = DIRECTION('',(1.,0.));
#1171 = ( GEOMETRIC_REPRESENTATION_CONTEXT(2) 
PARAMETRIC_REPRESENTATION_CONTEXT() REPRESENTATION_CONTEXT('2D SPACE',''
  ) );
#1172 = ORIENTED_EDGE('',*,*,#1173,.F.);
#1173 = EDGE_CURVE('',#1174,#1151,#1176,.T.);
#1174 = VERTEX_POINT('',#1175);
#1175 = CARTESIAN_POINT('',(-9.9,23.455623603672,-1.447540013501));
#1176 = SURFACE_CURVE('',#1177,(#1181,#1188),.PCURVE_S1.);
#1177 = LINE('',#1178,#1179);
#1178 = CARTESIAN_POINT('',(-9.9,23.455623603672,-1.447540013501));
#1179 = VECTOR('',#1180,1.);
#1180 = DIRECTION('',(1.,0.,0.));
#1181 = PCURVE('',#175,#1182);
#1182 = DEFINITIONAL_REPRESENTATION('',(#1183),#1187);
#1183 = LINE('',#1184,#1185);
#1184 = CARTESIAN_POINT('',(0.,0.));
#1185 = VECTOR('',#1186,1.);
#1186 = DIRECTION('',(0.,1.));
#1187 = ( GEOMETRIC_REPRESENTATION_CONTEXT(2) 
PARAMETRIC_REPRESENTATION_CONTEXT() REPRESENTATION_CONTEXT('2D SPACE',''
  ) );
#1188 = PCURVE('',#1189,#1194);
#1189 = PLANE('',#1190);
#1190 = AXIS2_PLACEMENT_3D('',#1191,#1192,#1193);
#1191 = CARTESIAN_POINT('',(-9.9,23.455623603672,-1.447540013501));
#1192 = DIRECTION('',(0.,0.850650808352,-0.525731112119));
#1193 = DIRECTION('',(1.,0.,0.));
#1194 = DEFINITIONAL_REPRESENTATION('',(#1195),#1199);
#1195 = LINE('',#1196,#1197);
#1196 = CARTESIAN_POINT('',(0.,0.));
#1197 = VECTOR('',#1198,1.);
#1198 = DIRECTION('',(1.,0.));
#1199 = ( GEOMETRIC_REPRESENTATION_CONTEXT(2) 
PARAMETRIC_REPRESENTATION_CONTEXT() REPRESENTATION_CONTEXT('2D SPACE',''
  ) );
#1200 = ORIENTED_EDGE('',*,*,#1201,.T.);
#1201 = EDGE_CURVE('',#1174,#161,#1202,.T.);
#1202 = SURFACE_CURVE('',#1203,(#1207,#1214),.PCURVE_S1.);
#1203 = LINE('',#1204,#1205);
#1204 = CARTESIAN_POINT('',(-9.9,23.455623603672,-1.447540013501));
#1205 = VECTOR('',#1206,1.);
#1206 = DIRECTION('',(0.,0.850650808352,-0.525731112119));
#1207 = PCURVE('',#175,#1208);
#1208 = DEFINITIONAL_REPRESENTATION('',(#1209),#1213);
#1209 = LINE('',#1210,#1211);
#1210 = CARTESIAN_POINT('',(0.,0.));
#1211 = VECTOR('',#1212,1.);
#1212 = DIRECTION('',(1.,0.));
#1213 = ( GEOMETRIC_REPRESENTATION_CONTEXT(2) 
PARAMETRIC_REPRESENTATION_CONTEXT() REPRESENTATION_CONTEXT('2D SPACE',''
  ) );
#1214 = PCURVE('',#201,#1215);
#1215 = DEFINITIONAL_REPRESENTATION('',(#1216),#1220);
#1216 = LINE('',#1217,#1218);
#1217 = CARTESIAN_POINT('',(0.,0.));
#1218 = VECTOR('',#1219,1.);
#1219 = DIRECTION('',(1.,0.));
#1220 = ( GEOMETRIC_REPRESENTATION_CONTEXT(2) 
PARAMETRIC_REPRESENTATION_CONTEXT() REPRESENTATION_CONTEXT('2D SPACE',''
  ) );
#1221 = ORIENTED_EDGE('',*,*,#158,.F.);
#1222 = ADVANCED_FACE('',(#1223),#251,.F.);
#1223 = FACE_BOUND('',#1224,.F.);
#1224 = EDGE_LOOP('',(#1225,#1226,#1249,#1270));
#1225 = ORIENTED_EDGE('',*,*,#1150,.F.);
#1226 = ORIENTED_EDGE('',*,*,#1227,.T.);
#1227 = EDGE_CURVE('',#1151,#1228,#1230,.T.);
#1228 = VERTEX_POINT('',#1229);
#1229 = CARTESIAN_POINT('',(9.9,13.046147583714,-18.29042601887));
#1230 = SURFACE_CURVE('',#1231,(#1235,#1242),.PCURVE_S1.);
#1231 = LINE('',#1232,#1233);
#1232 = CARTESIAN_POINT('',(9.9,23.455623603672,-1.447540013501));
#1233 = VECTOR('',#1234,1.);
#1234 = DIRECTION('',(0.,-0.525731112119,-0.850650808352));
#1235 = PCURVE('',#251,#1236);
#1236 = DEFINITIONAL_REPRESENTATION('',(#1237),#1241);
#1237 = LINE('',#1238,#1239);
#1238 = CARTESIAN_POINT('',(0.,0.));
#1239 = VECTOR('',#1240,1.);
#1240 = DIRECTION('',(0.,-1.));
#1241 = ( GEOMETRIC_REPRESENTATION_CONTEXT(2) 
PARAMETRIC_REPRESENTATION_CONTEXT() REPRESENTATION_CONTEXT('2D SPACE',''
  ) );
#1242 = PCURVE('',#1189,#1243);
#1243 = DEFINITIONAL_REPRESENTATION('',(#1244),#1248);
#1244 = LINE('',#1245,#1246);
#1245 = CARTESIAN_POINT('',(19.8,0.));
#1246 = VECTOR('',#1247,1.);
#1247 = DIRECTION('',(0.,1.));
#1248 = ( GEOMETRIC_REPRESENTATION_CONTEXT(2) 
PARAMETRIC_REPRESENTATION_CONTEXT() REPRESENTATION_CONTEXT('2D SPACE',''
  ) );
#1249 = ORIENTED_EDGE('',*,*,#1250,.T.);
#1250 = EDGE_CURVE('',#1228,#213,#1251,.T.);
#1251 = SURFACE_CURVE('',#1252,(#1256,#1263),.PCURVE_S1.);
#1252 = LINE('',#1253,#1254);
#1253 = CARTESIAN_POINT('',(9.9,13.046147583714,-18.29042601887));
#1254 = VECTOR('',#1255,1.);
#1255 = DIRECTION('',(0.,0.850650808352,-0.525731112119));
#1256 = PCURVE('',#251,#1257);
#1257 = DEFINITIONAL_REPRESENTATION('',(#1258),#1262);
#1258 = LINE('',#1259,#1260);
#1259 = CARTESIAN_POINT('',(0.,-19.8));
#1260 = VECTOR('',#1261,1.);
#1261 = DIRECTION('',(1.,0.));
#1262 = ( GEOMETRIC_REPRESENTATION_CONTEXT(2) 
PARAMETRIC_REPRESENTATION_CONTEXT() REPRESENTATION_CONTEXT('2D SPACE',''
  ) );
#1263 = PCURVE('',#227,#1264);
#1264 = DEFINITIONAL_REPRESENTATION('',(#1265),#1269);
#1265 = LINE('',#1266,#1267);
#1266 = CARTESIAN_POINT('',(0.,19.8));
#1267 = VECTOR('',#1268,1.);
#1268 = DIRECTION('',(1.,0.));
#1269 = ( GEOMETRIC_REPRESENTATION_CONTEXT(2) 
PARAMETRIC_REPRESENTATION_CONTEXT() REPRESENTATION_CONTEXT('2D SPACE',''
  ) );
#1270 = ORIENTED_EDGE('',*,*,#238,.F.);
#1271 = ADVANCED_FACE('',(#1272),#227,.F.);
#1272 = FACE_BOUND('',#1273,.F.);
#1273 = EDGE_LOOP('',(#1274,#1297,#1318,#1339,#1340));
#1274 = ORIENTED_EDGE('',*,*,#1275,.F.);
#1275 = EDGE_CURVE('',#1276,#1228,#1278,.T.);
#1276 = VERTEX_POINT('',#1277);
#1277 = CARTESIAN_POINT('',(-9.805005264318,13.046147583714,
    -18.29042601887));
#1278 = SURFACE_CURVE('',#1279,(#1283,#1290),.PCURVE_S1.);
#1279 = LINE('',#1280,#1281);
#1280 = CARTESIAN_POINT('',(-9.9,13.046147583714,-18.29042601887));
#1281 = VECTOR('',#1282,1.);
#1282 = DIRECTION('',(1.,0.,0.));
#1283 = PCURVE('',#227,#1284);
#1284 = DEFINITIONAL_REPRESENTATION('',(#1285),#1289);
#1285 = LINE('',#1286,#1287);
#1286 = CARTESIAN_POINT('',(0.,0.));
#1287 = VECTOR('',#1288,1.);
#1288 = DIRECTION('',(0.,1.));
#1289 = ( GEOMETRIC_REPRESENTATION_CONTEXT(2) 
PARAMETRIC_REPRESENTATION_CONTEXT() REPRESENTATION_CONTEXT('2D SPACE',''
  ) );
#1290 = PCURVE('',#1189,#1291);
#1291 = DEFINITIONAL_REPRESENTATION('',(#1292),#1296);
#1292 = LINE('',#1293,#1294);
#1293 = CARTESIAN_POINT('',(0.,19.8));
#1294 = VECTOR('',#1295,1.);
#1295 = DIRECTION('',(1.,0.));
#1296 = ( GEOMETRIC_REPRESENTATION_CONTEXT(2) 
PARAMETRIC_REPRESENTATION_CONTEXT() REPRESENTATION_CONTEXT('2D SPACE',''
  ) );
#1297 = ORIENTED_EDGE('',*,*,#1298,.T.);
#1298 = EDGE_CURVE('',#1276,#1299,#1301,.T.);
#1299 = VERTEX_POINT('',#1300);
#1300 = CARTESIAN_POINT('',(-9.9,13.122999939256,-18.33792338671));
#1301 = SURFACE_CURVE('',#1302,(#1306,#1312),.PCURVE_S1.);
#1302 = LINE('',#1303,#1304);
#1303 = CARTESIAN_POINT('',(-4.6566925743,8.881075125133,-15.71626967386
    ));
#1304 = VECTOR('',#1305,1.);
#1305 = DIRECTION('',(-0.724617040067,0.586227499828,-0.362308520034));
#1306 = PCURVE('',#227,#1307);
#1307 = DEFINITIONAL_REPRESENTATION('',(#1308),#1311);
#1308 = B_SPLINE_CURVE_WITH_KNOTS('',1,(#1309,#1310),.UNSPECIFIED.,.F.,
  .F.,(2,2),(7.104873892476,7.235970361961),.PIECEWISE_BEZIER_KNOTS.);
#1309 = CARTESIAN_POINT('',(3.552713678801E-15,9.499473568192E-02));
#1310 = CARTESIAN_POINT('',(9.034536238403E-02,0.));
#1311 = ( GEOMETRIC_REPRESENTATION_CONTEXT(2) 
PARAMETRIC_REPRESENTATION_CONTEXT() REPRESENTATION_CONTEXT('2D SPACE',''
  ) );
#1312 = PCURVE('',#783,#1313);
#1313 = DEFINITIONAL_REPRESENTATION('',(#1314),#1317);
#1314 = B_SPLINE_CURVE_WITH_KNOTS('',1,(#1315,#1316),.UNSPECIFIED.,.F.,
  .F.,(2,2),(7.104873892476,7.235970361961),.PIECEWISE_BEZIER_KNOTS.);
#1315 = CARTESIAN_POINT('',(0.,19.705005264318));
#1316 = CARTESIAN_POINT('',(9.034536238403E-02,19.8));
#1317 = ( GEOMETRIC_REPRESENTATION_CONTEXT(2) 
PARAMETRIC_REPRESENTATION_CONTEXT() REPRESENTATION_CONTEXT('2D SPACE',''
  ) );
#1318 = ORIENTED_EDGE('',*,*,#1319,.T.);
#1319 = EDGE_CURVE('',#1299,#187,#1320,.T.);
#1320 = SURFACE_CURVE('',#1321,(#1325,#1332),.PCURVE_S1.);
#1321 = LINE('',#1322,#1323);
#1322 = CARTESIAN_POINT('',(-9.9,13.046147583714,-18.29042601887));
#1323 = VECTOR('',#1324,1.);
#1324 = DIRECTION('',(0.,0.850650808352,-0.525731112119));
#1325 = PCURVE('',#227,#1326);
#1326 = DEFINITIONAL_REPRESENTATION('',(#1327),#1331);
#1327 = LINE('',#1328,#1329);
#1328 = CARTESIAN_POINT('',(0.,0.));
#1329 = VECTOR('',#1330,1.);
#1330 = DIRECTION('',(1.,0.));
#1331 = ( GEOMETRIC_REPRESENTATION_CONTEXT(2) 
PARAMETRIC_REPRESENTATION_CONTEXT() REPRESENTATION_CONTEXT('2D SPACE',''
  ) );
#1332 = PCURVE('',#201,#1333);
#1333 = DEFINITIONAL_REPRESENTATION('',(#1334),#1338);
#1334 = LINE('',#1335,#1336);
#1335 = CARTESIAN_POINT('',(0.,-19.8));
#1336 = VECTOR('',#1337,1.);
#1337 = DIRECTION('',(1.,0.));
#1338 = ( GEOMETRIC_REPRESENTATION_CONTEXT(2) 
PARAMETRIC_REPRESENTATION_CONTEXT() REPRESENTATION_CONTEXT('2D SPACE',''
  ) );
#1339 = ORIENTED_EDGE('',*,*,#212,.F.);
#1340 = ORIENTED_EDGE('',*,*,#1250,.F.);
#1341 = ADVANCED_FACE('',(#1342),#201,.T.);
#1342 = FACE_BOUND('',#1343,.T.);
#1343 = EDGE_LOOP('',(#1344,#1345,#1368,#1387,#1388));
#1344 = ORIENTED_EDGE('',*,*,#1201,.F.);
#1345 = ORIENTED_EDGE('',*,*,#1346,.T.);
#1346 = EDGE_CURVE('',#1174,#1347,#1349,.T.);
#1347 = VERTEX_POINT('',#1348);
#1348 = CARTESIAN_POINT('',(-9.9,13.082432343992,-18.23171604346));
#1349 = SURFACE_CURVE('',#1350,(#1354,#1361),.PCURVE_S1.);
#1350 = LINE('',#1351,#1352);
#1351 = CARTESIAN_POINT('',(-9.9,23.455623603672,-1.447540013501));
#1352 = VECTOR('',#1353,1.);
#1353 = DIRECTION('',(0.,-0.525731112119,-0.850650808352));
#1354 = PCURVE('',#201,#1355);
#1355 = DEFINITIONAL_REPRESENTATION('',(#1356),#1360);
#1356 = LINE('',#1357,#1358);
#1357 = CARTESIAN_POINT('',(0.,0.));
#1358 = VECTOR('',#1359,1.);
#1359 = DIRECTION('',(0.,-1.));
#1360 = ( GEOMETRIC_REPRESENTATION_CONTEXT(2) 
PARAMETRIC_REPRESENTATION_CONTEXT() REPRESENTATION_CONTEXT('2D SPACE',''
  ) );
#1361 = PCURVE('',#1189,#1362);
#1362 = DEFINITIONAL_REPRESENTATION('',(#1363),#1367);
#1363 = LINE('',#1364,#1365);
#1364 = CARTESIAN_POINT('',(0.,0.));
#1365 = VECTOR('',#1366,1.);
#1366 = DIRECTION('',(0.,1.));
#1367 = ( GEOMETRIC_REPRESENTATION_CONTEXT(2) 
PARAMETRIC_REPRESENTATION_CONTEXT() REPRESENTATION_CONTEXT('2D SPACE',''
  ) );
#1368 = ORIENTED_EDGE('',*,*,#1369,.T.);
#1369 = EDGE_CURVE('',#1347,#1299,#1370,.T.);
#1370 = SURFACE_CURVE('',#1371,(#1375,#1381),.PCURVE_S1.);
#1371 = LINE('',#1372,#1373);
#1372 = CARTESIAN_POINT('',(-9.9,8.808442497135,-7.042265356823));
#1373 = VECTOR('',#1374,1.);
#1374 = DIRECTION('',(0.,0.356822089773,-0.934172358963));
#1375 = PCURVE('',#201,#1376);
#1376 = DEFINITIONAL_REPRESENTATION('',(#1377),#1380);
#1377 = B_SPLINE_CURVE_WITH_KNOTS('',1,(#1378,#1379),.UNSPECIFIED.,.F.,
  .F.,(2,2),(11.977929532264,12.091620910762),.PIECEWISE_BEZIER_KNOTS.);
#1378 = CARTESIAN_POINT('',(1.24344978758E-14,-19.73098228459));
#1379 = CARTESIAN_POINT('',(9.034536238403E-02,-19.8));
#1380 = ( GEOMETRIC_REPRESENTATION_CONTEXT(2) 
PARAMETRIC_REPRESENTATION_CONTEXT() REPRESENTATION_CONTEXT('2D SPACE',''
  ) );
#1381 = PCURVE('',#807,#1382);
#1382 = DEFINITIONAL_REPRESENTATION('',(#1383),#1386);
#1383 = B_SPLINE_CURVE_WITH_KNOTS('',1,(#1384,#1385),.UNSPECIFIED.,.F.,
  .F.,(2,2),(11.977929532264,12.091620910762),.PIECEWISE_BEZIER_KNOTS.);
#1384 = CARTESIAN_POINT('',(0.,-19.73098228459));
#1385 = CARTESIAN_POINT('',(9.034536238402E-02,-19.8));
#1386 = ( GEOMETRIC_REPRESENTATION_CONTEXT(2) 
PARAMETRIC_REPRESENTATION_CONTEXT() REPRESENTATION_CONTEXT('2D SPACE',''
  ) );
#1387 = ORIENTED_EDGE('',*,*,#1319,.T.);
#1388 = ORIENTED_EDGE('',*,*,#186,.F.);
#1389 = ADVANCED_FACE('',(#1390,#1460),#282,.T.);
#1390 = FACE_BOUND('',#1391,.T.);
#1391 = EDGE_LOOP('',(#1392,#1413,#1439,#1458,#1459));
#1392 = ORIENTED_EDGE('',*,*,#1393,.F.);
#1393 = EDGE_CURVE('',#1394,#645,#1396,.T.);
#1394 = VERTEX_POINT('',#1395);
#1395 = CARTESIAN_POINT('',(-9.749996809195,-25.52582303667,0.));
#1396 = SURFACE_CURVE('',#1397,(#1401,#1407),.PCURVE_S1.);
#1397 = LINE('',#1398,#1399);
#1398 = CARTESIAN_POINT('',(-38.41870747177,20.861125229018,
    -75.05565892827));
#1399 = VECTOR('',#1400,1.);
#1400 = DIRECTION('',(-0.309016994375,0.5,-0.809016994375));
#1401 = PCURVE('',#282,#1402);
#1402 = DEFINITIONAL_REPRESENTATION('',(#1403),#1406);
#1403 = B_SPLINE_CURVE_WITH_KNOTS('',1,(#1404,#1405),.UNSPECIFIED.,.F.,
  .F.,(2,2),(-228.7413740563,22.810278398596),.PIECEWISE_BEZIER_KNOTS.);
#1404 = CARTESIAN_POINT('',(316.50736341493,330.));
#1405 = CARTESIAN_POINT('',(168.6490119121,126.49043820083));
#1406 = ( GEOMETRIC_REPRESENTATION_CONTEXT(2) 
PARAMETRIC_REPRESENTATION_CONTEXT() REPRESENTATION_CONTEXT('2D SPACE',''
  ) );
#1407 = PCURVE('',#661,#1408);
#1408 = DEFINITIONAL_REPRESENTATION('',(#1409),#1412);
#1409 = B_SPLINE_CURVE_WITH_KNOTS('',1,(#1410,#1411),.UNSPECIFIED.,.F.,
  .F.,(2,2),(-228.7413740563,22.810278398596),.PIECEWISE_BEZIER_KNOTS.);
#1410 = CARTESIAN_POINT('',(77.267525162828,252.26626442831));
#1411 = CARTESIAN_POINT('',(316.50736341493,174.53252885663));
#1412 = ( GEOMETRIC_REPRESENTATION_CONTEXT(2) 
PARAMETRIC_REPRESENTATION_CONTEXT() REPRESENTATION_CONTEXT('2D SPACE',''
  ) );
#1413 = ORIENTED_EDGE('',*,*,#1414,.T.);
#1414 = EDGE_CURVE('',#1394,#1415,#1417,.T.);
#1415 = VERTEX_POINT('',#1416);
#1416 = CARTESIAN_POINT('',(-15.77582622748,-15.77582622748,
    15.775826227481));
#1417 = SURFACE_CURVE('',#1418,(#1422,#1428),.PCURVE_S1.);
#1418 = LINE('',#1419,#1420);
#1419 = CARTESIAN_POINT('',(-48.07508522395,36.485472640241,
    100.33638409167));
#1420 = VECTOR('',#1421,1.);
#1421 = DIRECTION('',(-0.309016994375,0.5,0.809016994375));
#1422 = PCURVE('',#282,#1423);
#1423 = DEFINITIONAL_REPRESENTATION('',(#1424),#1427);
#1424 = B_SPLINE_CURVE_WITH_KNOTS('',1,(#1425,#1426),.UNSPECIFIED.,.F.,
  .F.,(2,2),(-143.5225849722,11.944886171142),.PIECEWISE_BEZIER_KNOTS.);
#1425 = CARTESIAN_POINT('',(248.04949400303,204.22417377251));
#1426 = CARTESIAN_POINT('',(156.66800725375,330.));
#1427 = ( GEOMETRIC_REPRESENTATION_CONTEXT(2) 
PARAMETRIC_REPRESENTATION_CONTEXT() REPRESENTATION_CONTEXT('2D SPACE',''
  ) );
#1428 = PCURVE('',#1429,#1434);
#1429 = PLANE('',#1430);
#1430 = AXIS2_PLACEMENT_3D('',#1431,#1432,#1433);
#1431 = CARTESIAN_POINT('',(-220.,97.190185598707,198.55867293577));
#1432 = DIRECTION('',(0.,-0.850650808352,0.525731112119));
#1433 = DIRECTION('',(0.,-0.525731112119,-0.850650808352));
#1434 = DEFINITIONAL_REPRESENTATION('',(#1435),#1438);
#1435 = B_SPLINE_CURVE_WITH_KNOTS('',1,(#1436,#1437),.UNSPECIFIED.,.F.,
  .F.,(2,2),(-143.5225849722,11.944886171142),.PIECEWISE_BEZIER_KNOTS.);
#1436 = CARTESIAN_POINT('',(251.96531533131,216.27583260909));
#1437 = CARTESIAN_POINT('',(104.10696382848,168.23374195329));
#1438 = ( GEOMETRIC_REPRESENTATION_CONTEXT(2) 
PARAMETRIC_REPRESENTATION_CONTEXT() REPRESENTATION_CONTEXT('2D SPACE',''
  ) );
#1439 = ORIENTED_EDGE('',*,*,#1440,.T.);
#1440 = EDGE_CURVE('',#1415,#266,#1441,.T.);
#1441 = SURFACE_CURVE('',#1442,(#1446,#1452),.PCURVE_S1.);
#1442 = LINE('',#1443,#1444);
#1443 = CARTESIAN_POINT('',(-77.78712190439,84.56055786419,
    -22.54926218727));
#1444 = VECTOR('',#1445,1.);
#1445 = DIRECTION('',(-0.5,0.809016994375,-0.309016994375));
#1446 = PCURVE('',#282,#1447);
#1447 = DEFINITIONAL_REPRESENTATION('',(#1448),#1451);
#1448 = B_SPLINE_CURVE_WITH_KNOTS('',1,(#1449,#1450),.UNSPECIFIED.,.F.,
  .F.,(2,2),(-136.0742501904,-104.5225977354),.PIECEWISE_BEZIER_KNOTS.);
#1449 = CARTESIAN_POINT('',(236.58768533434,239.49999361839));
#1450 = CARTESIAN_POINT('',(206.58028066717,229.74999680919));
#1451 = ( GEOMETRIC_REPRESENTATION_CONTEXT(2) 
PARAMETRIC_REPRESENTATION_CONTEXT() REPRESENTATION_CONTEXT('2D SPACE',''
  ) );
#1452 = PCURVE('',#308,#1453);
#1453 = DEFINITIONAL_REPRESENTATION('',(#1454),#1457);
#1454 = B_SPLINE_CURVE_WITH_KNOTS('',1,(#1455,#1456),.UNSPECIFIED.,.F.,
  .F.,(2,2),(-136.0742501904,-104.5225977354),.PIECEWISE_BEZIER_KNOTS.);
#1455 = CARTESIAN_POINT('',(221.95791066414,194.47417696332));
#1456 = CARTESIAN_POINT('',(203.41231466565,220.));
#1457 = ( GEOMETRIC_REPRESENTATION_CONTEXT(2) 
PARAMETRIC_REPRESENTATION_CONTEXT() REPRESENTATION_CONTEXT('2D SPACE',''
  ) );
#1458 = ORIENTED_EDGE('',*,*,#265,.T.);
#1459 = ORIENTED_EDGE('',*,*,#672,.F.);
#1460 = FACE_BOUND('',#1461,.T.);
#1461 = EDGE_LOOP('',(#1462,#1490,#1516,#1542));
#1462 = ORIENTED_EDGE('',*,*,#1463,.T.);
#1463 = EDGE_CURVE('',#1464,#1466,#1468,.T.);
#1464 = VERTEX_POINT('',#1465);
#1465 = CARTESIAN_POINT('',(-24.30627441202,-1.97327112562,-9.9));
#1466 = VERTEX_POINT('',#1467);
#1467 = CARTESIAN_POINT('',(-24.30627441202,-1.97327112562,9.9));
#1468 = SURFACE_CURVE('',#1469,(#1473,#1479),.PCURVE_S1.);
#1469 = LINE('',#1470,#1471);
#1470 = CARTESIAN_POINT('',(-24.30627441202,-1.97327112562,-105.05));
#1471 = VECTOR('',#1472,1.);
#1472 = DIRECTION('',(0.,0.,1.));
#1473 = PCURVE('',#282,#1474);
#1474 = DEFINITIONAL_REPRESENTATION('',(#1475),#1478);
#1475 = B_SPLINE_CURVE_WITH_KNOTS('',1,(#1476,#1477),.UNSPECIFIED.,.F.,
  .F.,(2,2),(95.15,114.95),.PIECEWISE_BEZIER_KNOTS.);
#1476 = CARTESIAN_POINT('',(208.9,210.1));
#1477 = CARTESIAN_POINT('',(208.9,229.9));
#1478 = ( GEOMETRIC_REPRESENTATION_CONTEXT(2) 
PARAMETRIC_REPRESENTATION_CONTEXT() REPRESENTATION_CONTEXT('2D SPACE',''
  ) );
#1479 = PCURVE('',#1480,#1485);
#1480 = PLANE('',#1481);
#1481 = AXIS2_PLACEMENT_3D('',#1482,#1483,#1484);
#1482 = CARTESIAN_POINT('',(-23.45562360367,-1.447540013501,9.9));
#1483 = DIRECTION('',(0.525731112119,-0.850650808352,0.));
#1484 = DIRECTION('',(-0.850650808352,-0.525731112119,0.));
#1485 = DEFINITIONAL_REPRESENTATION('',(#1486),#1489);
#1486 = B_SPLINE_CURVE_WITH_KNOTS('',1,(#1487,#1488),.UNSPECIFIED.,.F.,
  .F.,(2,2),(95.15,114.95),.PIECEWISE_BEZIER_KNOTS.);
#1487 = CARTESIAN_POINT('',(1.,19.8));
#1488 = CARTESIAN_POINT('',(1.,0.));
#1489 = ( GEOMETRIC_REPRESENTATION_CONTEXT(2) 
PARAMETRIC_REPRESENTATION_CONTEXT() REPRESENTATION_CONTEXT('2D SPACE',''
  ) );
#1490 = ORIENTED_EDGE('',*,*,#1491,.T.);
#1491 = EDGE_CURVE('',#1466,#1492,#1494,.T.);
#1492 = VERTEX_POINT('',#1493);
#1493 = CARTESIAN_POINT('',(-13.89679839206,-18.81615713099,9.9));
#1494 = SURFACE_CURVE('',#1495,(#1499,#1505),.PCURVE_S1.);
#1495 = LINE('',#1496,#1497);
#1496 = CARTESIAN_POINT('',(-79.21888907286,86.87720580675,9.9));
#1497 = VECTOR('',#1498,1.);
#1498 = DIRECTION('',(0.525731112119,-0.850650808352,0.));
#1499 = PCURVE('',#282,#1500);
#1500 = DEFINITIONAL_REPRESENTATION('',(#1501),#1504);
#1501 = B_SPLINE_CURVE_WITH_KNOTS('',1,(#1502,#1503),.UNSPECIFIED.,.F.,
  .F.,(2,2),(104.45,124.25),.PIECEWISE_BEZIER_KNOTS.);
#1502 = CARTESIAN_POINT('',(208.9,229.9));
#1503 = CARTESIAN_POINT('',(228.7,229.9));
#1504 = ( GEOMETRIC_REPRESENTATION_CONTEXT(2) 
PARAMETRIC_REPRESENTATION_CONTEXT() REPRESENTATION_CONTEXT('2D SPACE',''
  ) );
#1505 = PCURVE('',#1506,#1511);
#1506 = PLANE('',#1507);
#1507 = AXIS2_PLACEMENT_3D('',#1508,#1509,#1510);
#1508 = CARTESIAN_POINT('',(-23.45562360367,-1.447540013501,9.9));
#1509 = DIRECTION('',(0.,0.,-1.));
#1510 = DIRECTION('',(-0.850650808352,-0.525731112119,0.));
#1511 = DEFINITIONAL_REPRESENTATION('',(#1512),#1515);
#1512 = B_SPLINE_CURVE_WITH_KNOTS('',1,(#1513,#1514),.UNSPECIFIED.,.F.,
  .F.,(2,2),(104.45,124.25),.PIECEWISE_BEZIER_KNOTS.);
#1513 = CARTESIAN_POINT('',(1.,0.));
#1514 = CARTESIAN_POINT('',(1.,-19.8));
#1515 = ( GEOMETRIC_REPRESENTATION_CONTEXT(2) 
PARAMETRIC_REPRESENTATION_CONTEXT() REPRESENTATION_CONTEXT('2D SPACE',''
  ) );
#1516 = ORIENTED_EDGE('',*,*,#1517,.F.);
#1517 = EDGE_CURVE('',#1518,#1492,#1520,.T.);
#1518 = VERTEX_POINT('',#1519);
#1519 = CARTESIAN_POINT('',(-13.89679839206,-18.81615713099,-9.9));
#1520 = SURFACE_CURVE('',#1521,(#1525,#1531),.PCURVE_S1.);
#1521 = LINE('',#1522,#1523);
#1522 = CARTESIAN_POINT('',(-13.89679839206,-18.81615713099,-105.05));
#1523 = VECTOR('',#1524,1.);
#1524 = DIRECTION('',(0.,0.,1.));
#1525 = PCURVE('',#282,#1526);
#1526 = DEFINITIONAL_REPRESENTATION('',(#1527),#1530);
#1527 = B_SPLINE_CURVE_WITH_KNOTS('',1,(#1528,#1529),.UNSPECIFIED.,.F.,
  .F.,(2,2),(95.15,114.95),.PIECEWISE_BEZIER_KNOTS.);
#1528 = CARTESIAN_POINT('',(228.7,210.1));
#1529 = CARTESIAN_POINT('',(228.7,229.9));
#1530 = ( GEOMETRIC_REPRESENTATION_CONTEXT(2) 
PARAMETRIC_REPRESENTATION_CONTEXT() REPRESENTATION_CONTEXT('2D SPACE',''
  ) );
#1531 = PCURVE('',#1532,#1537);
#1532 = PLANE('',#1533);
#1533 = AXIS2_PLACEMENT_3D('',#1534,#1535,#1536);
#1534 = CARTESIAN_POINT('',(-13.04614758371,-18.29042601887,9.9));
#1535 = DIRECTION('',(0.525731112119,-0.850650808352,0.));
#1536 = DIRECTION('',(-0.850650808352,-0.525731112119,0.));
#1537 = DEFINITIONAL_REPRESENTATION('',(#1538),#1541);
#1538 = B_SPLINE_CURVE_WITH_KNOTS('',1,(#1539,#1540),.UNSPECIFIED.,.F.,
  .F.,(2,2),(95.15,114.95),.PIECEWISE_BEZIER_KNOTS.);
#1539 = CARTESIAN_POINT('',(1.,19.8));
#1540 = CARTESIAN_POINT('',(1.,0.));
#1541 = ( GEOMETRIC_REPRESENTATION_CONTEXT(2) 
PARAMETRIC_REPRESENTATION_CONTEXT() REPRESENTATION_CONTEXT('2D SPACE',''
  ) );
#1542 = ORIENTED_EDGE('',*,*,#1543,.F.);
#1543 = EDGE_CURVE('',#1464,#1518,#1544,.T.);
#1544 = SURFACE_CURVE('',#1545,(#1549,#1555),.PCURVE_S1.);
#1545 = LINE('',#1546,#1547);
#1546 = CARTESIAN_POINT('',(-79.21888907286,86.87720580675,-9.9));
#1547 = VECTOR('',#1548,1.);
#1548 = DIRECTION('',(0.525731112119,-0.850650808352,0.));
#1549 = PCURVE('',#282,#1550);
#1550 = DEFINITIONAL_REPRESENTATION('',(#1551),#1554);
#1551 = B_SPLINE_CURVE_WITH_KNOTS('',1,(#1552,#1553),.UNSPECIFIED.,.F.,
  .F.,(2,2),(104.45,124.25),.PIECEWISE_BEZIER_KNOTS.);
#1552 = CARTESIAN_POINT('',(208.9,210.1));
#1553 = CARTESIAN_POINT('',(228.7,210.1));
#1554 = ( GEOMETRIC_REPRESENTATION_CONTEXT(2) 
PARAMETRIC_REPRESENTATION_CONTEXT() REPRESENTATION_CONTEXT('2D SPACE',''
  ) );
#1555 = PCURVE('',#1556,#1561);
#1556 = PLANE('',#1557);
#1557 = AXIS2_PLACEMENT_3D('',#1558,#1559,#1560);
#1558 = CARTESIAN_POINT('',(-23.45562360367,-1.447540013501,-9.9));
#1559 = DIRECTION('',(0.,0.,-1.));
#1560 = DIRECTION('',(-0.850650808352,-0.525731112119,0.));
#1561 = DEFINITIONAL_REPRESENTATION('',(#1562),#1565);
#1562 = B_SPLINE_CURVE_WITH_KNOTS('',1,(#1563,#1564),.UNSPECIFIED.,.F.,
  .F.,(2,2),(104.45,124.25),.PIECEWISE_BEZIER_KNOTS.);
#1563 = CARTESIAN_POINT('',(1.,0.));
#1564 = CARTESIAN_POINT('',(1.,-19.8));
#1565 = ( GEOMETRIC_REPRESENTATION_CONTEXT(2) 
PARAMETRIC_REPRESENTATION_CONTEXT() REPRESENTATION_CONTEXT('2D SPACE',''
  ) );
#1566 = ADVANCED_FACE('',(#1567,#1612),#308,.T.);
#1567 = FACE_BOUND('',#1568,.T.);
#1568 = EDGE_LOOP('',(#1569,#1590,#1591,#1592,#1593));
#1569 = ORIENTED_EDGE('',*,*,#1570,.T.);
#1570 = EDGE_CURVE('',#1571,#470,#1573,.T.);
#1571 = VERTEX_POINT('',#1572);
#1572 = CARTESIAN_POINT('',(0.,-9.749996809195,25.525823036677));
#1573 = SURFACE_CURVE('',#1574,(#1578,#1584),.PCURVE_S1.);
#1574 = LINE('',#1575,#1576);
#1575 = CARTESIAN_POINT('',(4.263256414561E-14,-220.,25.525823036677));
#1576 = VECTOR('',#1577,1.);
#1577 = DIRECTION('',(0.,1.,-0.));
#1578 = PCURVE('',#308,#1579);
#1579 = DEFINITIONAL_REPRESENTATION('',(#1580),#1583);
#1580 = B_SPLINE_CURVE_WITH_KNOTS('',1,(#1581,#1582),.UNSPECIFIED.,.F.,
  .F.,(2,2),(204.22417377251,235.77582622748),.PIECEWISE_BEZIER_KNOTS.);
#1581 = CARTESIAN_POINT('',(233.41971933282,204.22417377251));
#1582 = CARTESIAN_POINT('',(233.41971933282,235.77582622748));
#1583 = ( GEOMETRIC_REPRESENTATION_CONTEXT(2) 
PARAMETRIC_REPRESENTATION_CONTEXT() REPRESENTATION_CONTEXT('2D SPACE',''
  ) );
#1584 = PCURVE('',#505,#1585);
#1585 = DEFINITIONAL_REPRESENTATION('',(#1586),#1589);
#1586 = B_SPLINE_CURVE_WITH_KNOTS('',1,(#1587,#1588),.UNSPECIFIED.,.F.,
  .F.,(2,2),(204.22417377251,235.77582622748),.PIECEWISE_BEZIER_KNOTS.);
#1587 = CARTESIAN_POINT('',(206.58028066717,204.22417377251));
#1588 = CARTESIAN_POINT('',(206.58028066717,235.77582622748));
#1589 = ( GEOMETRIC_REPRESENTATION_CONTEXT(2) 
PARAMETRIC_REPRESENTATION_CONTEXT() REPRESENTATION_CONTEXT('2D SPACE',''
  ) );
#1590 = ORIENTED_EDGE('',*,*,#469,.T.);
#1591 = ORIENTED_EDGE('',*,*,#293,.F.);
#1592 = ORIENTED_EDGE('',*,*,#1440,.F.);
#1593 = ORIENTED_EDGE('',*,*,#1594,.F.);
#1594 = EDGE_CURVE('',#1571,#1415,#1595,.T.);
#1595 = SURFACE_CURVE('',#1596,(#1600,#1606),.PCURVE_S1.);
#1596 = LINE('',#1597,#1598);
#1597 = CARTESIAN_POINT('',(-139.7120366804,-63.11524618365,
    -60.82096426931));
#1598 = VECTOR('',#1599,1.);
#1599 = DIRECTION('',(-0.809016994375,-0.309016994375,-0.5));
#1600 = PCURVE('',#308,#1601);
#1601 = DEFINITIONAL_REPRESENTATION('',(#1602),#1605);
#1602 = B_SPLINE_CURVE_WITH_KNOTS('',1,(#1603,#1604),.UNSPECIFIED.,.F.,
  .F.,(2,2),(-308.6610521369,-141.141922157),.PIECEWISE_BEZIER_KNOTS.);
#1603 = CARTESIAN_POINT('',(362.73247483717,252.26626442831));
#1604 = CARTESIAN_POINT('',(203.41231466565,200.5000063816));
#1605 = ( GEOMETRIC_REPRESENTATION_CONTEXT(2) 
PARAMETRIC_REPRESENTATION_CONTEXT() REPRESENTATION_CONTEXT('2D SPACE',''
  ) );
#1606 = PCURVE('',#1429,#1607);
#1607 = DEFINITIONAL_REPRESENTATION('',(#1608),#1611);
#1608 = B_SPLINE_CURVE_WITH_KNOTS('',1,(#1609,#1610),.UNSPECIFIED.,.F.,
  .F.,(2,2),(-308.6610521369,-141.141922157),.PIECEWISE_BEZIER_KNOTS.);
#1609 = CARTESIAN_POINT('',(123.49263658506,330.));
#1610 = CARTESIAN_POINT('',(221.95791066414,194.47417696332));
#1611 = ( GEOMETRIC_REPRESENTATION_CONTEXT(2) 
PARAMETRIC_REPRESENTATION_CONTEXT() REPRESENTATION_CONTEXT('2D SPACE',''
  ) );
#1612 = FACE_BOUND('',#1613,.T.);
#1613 = EDGE_LOOP('',(#1614,#1642,#1668,#1694));
#1614 = ORIENTED_EDGE('',*,*,#1615,.T.);
#1615 = EDGE_CURVE('',#1616,#1618,#1620,.T.);
#1616 = VERTEX_POINT('',#1617);
#1617 = CARTESIAN_POINT('',(-24.00441475694,-1.484851943866,
    10.690278836836));
#1618 = VERTEX_POINT('',#1619);
#1619 = CARTESIAN_POINT('',(-14.10441475694,14.533684544758,
    16.80881532546));
#1620 = SURFACE_CURVE('',#1621,(#1625,#1631),.PCURVE_S1.);
#1621 = LINE('',#1622,#1623);
#1622 = CARTESIAN_POINT('',(-93.40353832365,-113.7749926642,
    -32.20073831684));
#1623 = VECTOR('',#1624,1.);
#1624 = DIRECTION('',(0.5,0.809016994375,0.309016994375));
#1625 = PCURVE('',#308,#1626);
#1626 = DEFINITIONAL_REPRESENTATION('',(#1627),#1630);
#1627 = B_SPLINE_CURVE_WITH_KNOTS('',1,(#1628,#1629),.UNSPECIFIED.,.F.,
  .F.,(2,2),(138.79824713341,158.59824713341),.PIECEWISE_BEZIER_KNOTS.);
#1628 = CARTESIAN_POINT('',(205.20083736474,218.51514805613));
#1629 = CARTESIAN_POINT('',(216.83898536013,234.53368454475));
#1630 = ( GEOMETRIC_REPRESENTATION_CONTEXT(2) 
PARAMETRIC_REPRESENTATION_CONTEXT() REPRESENTATION_CONTEXT('2D SPACE',''
  ) );
#1631 = PCURVE('',#1632,#1637);
#1632 = PLANE('',#1633);
#1633 = AXIS2_PLACEMENT_3D('',#1634,#1635,#1636);
#1634 = CARTESIAN_POINT('',(-13.57868364482,14.533684544758,
    15.958164517108));
#1635 = DIRECTION('',(0.688190960236,-0.587785252292,0.425325404176));
#1636 = DIRECTION('',(-0.525731112119,0.,0.850650808352));
#1637 = DEFINITIONAL_REPRESENTATION('',(#1638),#1641);
#1638 = B_SPLINE_CURVE_WITH_KNOTS('',1,(#1639,#1640),.UNSPECIFIED.,.F.,
  .F.,(2,2),(138.79824713341,158.59824713341),.PIECEWISE_BEZIER_KNOTS.);
#1639 = CARTESIAN_POINT('',(1.,19.8));
#1640 = CARTESIAN_POINT('',(1.,0.));
#1641 = ( GEOMETRIC_REPRESENTATION_CONTEXT(2) 
PARAMETRIC_REPRESENTATION_CONTEXT() REPRESENTATION_CONTEXT('2D SPACE',''
  ) );
#1642 = ORIENTED_EDGE('',*,*,#1643,.T.);
#1643 = EDGE_CURVE('',#1618,#1644,#1646,.T.);
#1644 = VERTEX_POINT('',#1645);
#1645 = CARTESIAN_POINT('',(-0.478233744278,2.895536549367,
    25.230258328145));
#1646 = SURFACE_CURVE('',#1647,(#1651,#1657),.PCURVE_S1.);
#1647 = LINE('',#1648,#1649);
#1648 = CARTESIAN_POINT('',(-27.03242027965,25.575519481391,
    8.81886850568));
#1649 = VECTOR('',#1650,1.);
#1650 = DIRECTION('',(0.688190960236,-0.587785252292,0.425325404176));
#1651 = PCURVE('',#308,#1652);
#1652 = DEFINITIONAL_REPRESENTATION('',(#1653),#1656);
#1653 = B_SPLINE_CURVE_WITH_KNOTS('',1,(#1654,#1655),.UNSPECIFIED.,.F.,
  .F.,(2,2),(18.785491629072,38.585491629072),.PIECEWISE_BEZIER_KNOTS.);
#1654 = CARTESIAN_POINT('',(216.83898536013,234.53368454475));
#1655 = CARTESIAN_POINT('',(232.85752184875,222.89553654936));
#1656 = ( GEOMETRIC_REPRESENTATION_CONTEXT(2) 
PARAMETRIC_REPRESENTATION_CONTEXT() REPRESENTATION_CONTEXT('2D SPACE',''
  ) );
#1657 = PCURVE('',#1658,#1663);
#1658 = PLANE('',#1659);
#1659 = AXIS2_PLACEMENT_3D('',#1660,#1661,#1662);
#1660 = CARTESIAN_POINT('',(-13.57868364482,14.533684544758,
    15.958164517108));
#1661 = DIRECTION('',(-0.5,-0.809016994375,-0.309016994375));
#1662 = DIRECTION('',(-0.525731112119,0.,0.850650808352));
#1663 = DEFINITIONAL_REPRESENTATION('',(#1664),#1667);
#1664 = B_SPLINE_CURVE_WITH_KNOTS('',1,(#1665,#1666),.UNSPECIFIED.,.F.,
  .F.,(2,2),(18.785491629072,38.585491629072),.PIECEWISE_BEZIER_KNOTS.);
#1665 = CARTESIAN_POINT('',(1.,0.));
#1666 = CARTESIAN_POINT('',(1.,-19.8));
#1667 = ( GEOMETRIC_REPRESENTATION_CONTEXT(2) 
PARAMETRIC_REPRESENTATION_CONTEXT() REPRESENTATION_CONTEXT('2D SPACE',''
  ) );
#1668 = ORIENTED_EDGE('',*,*,#1669,.F.);
#1669 = EDGE_CURVE('',#1670,#1644,#1672,.T.);
#1670 = VERTEX_POINT('',#1671);
#1671 = CARTESIAN_POINT('',(-10.37823374427,-13.12299993925,
    19.111721839522));
#1672 = SURFACE_CURVE('',#1673,(#1677,#1683),.PCURVE_S1.);
#1673 = LINE('',#1674,#1675);
#1674 = CARTESIAN_POINT('',(-79.77735731098,-125.4131406596,
    -23.77929531415));
#1675 = VECTOR('',#1676,1.);
#1676 = DIRECTION('',(0.5,0.809016994375,0.309016994375));
#1677 = PCURVE('',#308,#1678);
#1678 = DEFINITIONAL_REPRESENTATION('',(#1679),#1682);
#1679 = B_SPLINE_CURVE_WITH_KNOTS('',1,(#1680,#1681),.UNSPECIFIED.,.F.,
  .F.,(2,2),(138.79824713341,158.59824713341),.PIECEWISE_BEZIER_KNOTS.);
#1680 = CARTESIAN_POINT('',(221.21937385336,206.87700006074));
#1681 = CARTESIAN_POINT('',(232.85752184875,222.89553654936));
#1682 = ( GEOMETRIC_REPRESENTATION_CONTEXT(2) 
PARAMETRIC_REPRESENTATION_CONTEXT() REPRESENTATION_CONTEXT('2D SPACE',''
  ) );
#1683 = PCURVE('',#1684,#1689);
#1684 = PLANE('',#1685);
#1685 = AXIS2_PLACEMENT_3D('',#1686,#1687,#1688);
#1686 = CARTESIAN_POINT('',(4.749736784096E-02,2.895536549367,
    24.379607519793));
#1687 = DIRECTION('',(0.688190960236,-0.587785252292,0.425325404176));
#1688 = DIRECTION('',(-0.525731112119,0.,0.850650808352));
#1689 = DEFINITIONAL_REPRESENTATION('',(#1690),#1693);
#1690 = B_SPLINE_CURVE_WITH_KNOTS('',1,(#1691,#1692),.UNSPECIFIED.,.F.,
  .F.,(2,2),(138.79824713341,158.59824713341),.PIECEWISE_BEZIER_KNOTS.);
#1691 = CARTESIAN_POINT('',(1.,19.8));
#1692 = CARTESIAN_POINT('',(1.,0.));
#1693 = ( GEOMETRIC_REPRESENTATION_CONTEXT(2) 
PARAMETRIC_REPRESENTATION_CONTEXT() REPRESENTATION_CONTEXT('2D SPACE',''
  ) );
#1694 = ORIENTED_EDGE('',*,*,#1695,.F.);
#1695 = EDGE_CURVE('',#1616,#1670,#1696,.T.);
#1696 = SURFACE_CURVE('',#1697,(#1701,#1707),.PCURVE_S1.);
#1697 = LINE('',#1698,#1699);
#1698 = CARTESIAN_POINT('',(-36.93242027965,9.556982992767,
    2.700332017056));
#1699 = VECTOR('',#1700,1.);
#1700 = DIRECTION('',(0.688190960236,-0.587785252292,0.425325404176));
#1701 = PCURVE('',#308,#1702);
#1702 = DEFINITIONAL_REPRESENTATION('',(#1703),#1706);
#1703 = B_SPLINE_CURVE_WITH_KNOTS('',1,(#1704,#1705),.UNSPECIFIED.,.F.,
  .F.,(2,2),(18.785491629072,38.585491629072),.PIECEWISE_BEZIER_KNOTS.);
#1704 = CARTESIAN_POINT('',(205.20083736474,218.51514805613));
#1705 = CARTESIAN_POINT('',(221.21937385336,206.87700006074));
#1706 = ( GEOMETRIC_REPRESENTATION_CONTEXT(2) 
PARAMETRIC_REPRESENTATION_CONTEXT() REPRESENTATION_CONTEXT('2D SPACE',''
  ) );
#1707 = PCURVE('',#1708,#1713);
#1708 = PLANE('',#1709);
#1709 = AXIS2_PLACEMENT_3D('',#1710,#1711,#1712);
#1710 = CARTESIAN_POINT('',(-23.47868364482,-1.484851943866,
    9.839628028484));
#1711 = DIRECTION('',(-0.5,-0.809016994375,-0.309016994375));
#1712 = DIRECTION('',(-0.525731112119,0.,0.850650808352));
#1713 = DEFINITIONAL_REPRESENTATION('',(#1714),#1717);
#1714 = B_SPLINE_CURVE_WITH_KNOTS('',1,(#1715,#1716),.UNSPECIFIED.,.F.,
  .F.,(2,2),(18.785491629072,38.585491629072),.PIECEWISE_BEZIER_KNOTS.);
#1715 = CARTESIAN_POINT('',(1.,0.));
#1716 = CARTESIAN_POINT('',(1.,-19.8));
#1717 = ( GEOMETRIC_REPRESENTATION_CONTEXT(2) 
PARAMETRIC_REPRESENTATION_CONTEXT() REPRESENTATION_CONTEXT('2D SPACE',''
  ) );
#1718 = ADVANCED_FACE('',(#1719),#377,.T.);
#1719 = FACE_BOUND('',#1720,.T.);
#1720 = EDGE_LOOP('',(#1721,#1751,#1772,#1793,#1794));
#1721 = ORIENTED_EDGE('',*,*,#1722,.F.);
#1722 = EDGE_CURVE('',#1723,#1725,#1727,.T.);
#1723 = VERTEX_POINT('',#1724);
#1724 = CARTESIAN_POINT('',(-23.45562360367,1.447540013501,
    -9.853879917698));
#1725 = VERTEX_POINT('',#1726);
#1726 = CARTESIAN_POINT('',(-23.45562360367,1.447540013501,9.9));
#1727 = SURFACE_CURVE('',#1728,(#1732,#1739),.PCURVE_S1.);
#1728 = LINE('',#1729,#1730);
#1729 = CARTESIAN_POINT('',(-23.45562360367,1.447540013501,-9.9));
#1730 = VECTOR('',#1731,1.);
#1731 = DIRECTION('',(0.,0.,1.));
#1732 = PCURVE('',#377,#1733);
#1733 = DEFINITIONAL_REPRESENTATION('',(#1734),#1738);
#1734 = LINE('',#1735,#1736);
#1735 = CARTESIAN_POINT('',(0.,0.));
#1736 = VECTOR('',#1737,1.);
#1737 = DIRECTION('',(0.,1.));
#1738 = ( GEOMETRIC_REPRESENTATION_CONTEXT(2) 
PARAMETRIC_REPRESENTATION_CONTEXT() REPRESENTATION_CONTEXT('2D SPACE',''
  ) );
#1739 = PCURVE('',#1740,#1745);
#1740 = PLANE('',#1741);
#1741 = AXIS2_PLACEMENT_3D('',#1742,#1743,#1744);
#1742 = CARTESIAN_POINT('',(-23.45562360367,1.447540013501,-9.9));
#1743 = DIRECTION('',(-0.850650808352,0.525731112119,0.));
#1744 = DIRECTION('',(0.,0.,1.));
#1745 = DEFINITIONAL_REPRESENTATION('',(#1746),#1750);
#1746 = LINE('',#1747,#1748);
#1747 = CARTESIAN_POINT('',(0.,0.));
#1748 = VECTOR('',#1749,1.);
#1749 = DIRECTION('',(1.,0.));
#1750 = ( GEOMETRIC_REPRESENTATION_CONTEXT(2) 
PARAMETRIC_REPRESENTATION_CONTEXT() REPRESENTATION_CONTEXT('2D SPACE',''
  ) );
#1751 = ORIENTED_EDGE('',*,*,#1752,.F.);
#1752 = EDGE_CURVE('',#1753,#1723,#1755,.T.);
#1753 = VERTEX_POINT('',#1754);
#1754 = CARTESIAN_POINT('',(-23.51599557518,1.484851943866,-9.9));
#1755 = SURFACE_CURVE('',#1756,(#1760,#1766),.PCURVE_S1.);
#1756 = LINE('',#1757,#1758);
#1757 = CARTESIAN_POINT('',(-19.62582369194,-0.919406502056,
    -6.928173125364));
#1758 = VECTOR('',#1759,1.);
#1759 = DIRECTION('',(0.713275081483,-0.440828243685,0.544893675596));
#1760 = PCURVE('',#377,#1761);
#1761 = DEFINITIONAL_REPRESENTATION('',(#1762),#1765);
#1762 = B_SPLINE_CURVE_WITH_KNOTS('',1,(#1763,#1764),.UNSPECIFIED.,.F.,
  .F.,(2,2),(-5.453957364038,-5.36931684724),.PIECEWISE_BEZIER_KNOTS.);
#1763 = CARTESIAN_POINT('',(7.097150901752E-02,-8.881784197001E-16));
#1764 = CARTESIAN_POINT('',(1.24344978758E-14,4.612008230232E-02));
#1765 = ( GEOMETRIC_REPRESENTATION_CONTEXT(2) 
PARAMETRIC_REPRESENTATION_CONTEXT() REPRESENTATION_CONTEXT('2D SPACE',''
  ) );
#1766 = PCURVE('',#731,#1767);
#1767 = DEFINITIONAL_REPRESENTATION('',(#1768),#1771);
#1768 = B_SPLINE_CURVE_WITH_KNOTS('',1,(#1769,#1770),.UNSPECIFIED.,.F.,
  .F.,(2,2),(-5.453957364038,-5.36931684724),.PIECEWISE_BEZIER_KNOTS.);
#1769 = CARTESIAN_POINT('',(7.097150901751E-02,19.8));
#1770 = CARTESIAN_POINT('',(0.,19.753879917698));
#1771 = ( GEOMETRIC_REPRESENTATION_CONTEXT(2) 
PARAMETRIC_REPRESENTATION_CONTEXT() REPRESENTATION_CONTEXT('2D SPACE',''
  ) );
#1772 = ORIENTED_EDGE('',*,*,#1773,.T.);
#1773 = EDGE_CURVE('',#1753,#363,#1774,.T.);
#1774 = SURFACE_CURVE('',#1775,(#1779,#1786),.PCURVE_S1.);
#1775 = LINE('',#1776,#1777);
#1776 = CARTESIAN_POINT('',(-23.45562360367,1.447540013501,-9.9));
#1777 = VECTOR('',#1778,1.);
#1778 = DIRECTION('',(-0.850650808352,0.525731112119,0.));
#1779 = PCURVE('',#377,#1780);
#1780 = DEFINITIONAL_REPRESENTATION('',(#1781),#1785);
#1781 = LINE('',#1782,#1783);
#1782 = CARTESIAN_POINT('',(0.,0.));
#1783 = VECTOR('',#1784,1.);
#1784 = DIRECTION('',(1.,0.));
#1785 = ( GEOMETRIC_REPRESENTATION_CONTEXT(2) 
PARAMETRIC_REPRESENTATION_CONTEXT() REPRESENTATION_CONTEXT('2D SPACE',''
  ) );
#1786 = PCURVE('',#403,#1787);
#1787 = DEFINITIONAL_REPRESENTATION('',(#1788),#1792);
#1788 = LINE('',#1789,#1790);
#1789 = CARTESIAN_POINT('',(0.,0.));
#1790 = VECTOR('',#1791,1.);
#1791 = DIRECTION('',(1.,0.));
#1792 = ( GEOMETRIC_REPRESENTATION_CONTEXT(2) 
PARAMETRIC_REPRESENTATION_CONTEXT() REPRESENTATION_CONTEXT('2D SPACE',''
  ) );
#1793 = ORIENTED_EDGE('',*,*,#360,.F.);
#1794 = ORIENTED_EDGE('',*,*,#1795,.F.);
#1795 = EDGE_CURVE('',#1725,#361,#1796,.T.);
#1796 = SURFACE_CURVE('',#1797,(#1801,#1808),.PCURVE_S1.);
#1797 = LINE('',#1798,#1799);
#1798 = CARTESIAN_POINT('',(-23.45562360367,1.447540013501,9.9));
#1799 = VECTOR('',#1800,1.);
#1800 = DIRECTION('',(-0.850650808352,0.525731112119,0.));
#1801 = PCURVE('',#377,#1802);
#1802 = DEFINITIONAL_REPRESENTATION('',(#1803),#1807);
#1803 = LINE('',#1804,#1805);
#1804 = CARTESIAN_POINT('',(0.,19.8));
#1805 = VECTOR('',#1806,1.);
#1806 = DIRECTION('',(1.,0.));
#1807 = ( GEOMETRIC_REPRESENTATION_CONTEXT(2) 
PARAMETRIC_REPRESENTATION_CONTEXT() REPRESENTATION_CONTEXT('2D SPACE',''
  ) );
#1808 = PCURVE('',#453,#1809);
#1809 = DEFINITIONAL_REPRESENTATION('',(#1810),#1814);
#1810 = LINE('',#1811,#1812);
#1811 = CARTESIAN_POINT('',(0.,0.));
#1812 = VECTOR('',#1813,1.);
#1813 = DIRECTION('',(1.,0.));
#1814 = ( GEOMETRIC_REPRESENTATION_CONTEXT(2) 
PARAMETRIC_REPRESENTATION_CONTEXT() REPRESENTATION_CONTEXT('2D SPACE',''
  ) );
#1815 = ADVANCED_FACE('',(#1816),#453,.F.);
#1816 = FACE_BOUND('',#1817,.F.);
#1817 = EDGE_LOOP('',(#1818,#1819,#1842,#1863));
#1818 = ORIENTED_EDGE('',*,*,#1795,.F.);
#1819 = ORIENTED_EDGE('',*,*,#1820,.T.);
#1820 = EDGE_CURVE('',#1725,#1821,#1823,.T.);
#1821 = VERTEX_POINT('',#1822);
#1822 = CARTESIAN_POINT('',(-13.04614758371,18.290426018871,9.9));
#1823 = SURFACE_CURVE('',#1824,(#1828,#1835),.PCURVE_S1.);
#1824 = LINE('',#1825,#1826);
#1825 = CARTESIAN_POINT('',(-23.45562360367,1.447540013501,9.9));
#1826 = VECTOR('',#1827,1.);
#1827 = DIRECTION('',(0.525731112119,0.850650808352,0.));
#1828 = PCURVE('',#453,#1829);
#1829 = DEFINITIONAL_REPRESENTATION('',(#1830),#1834);
#1830 = LINE('',#1831,#1832);
#1831 = CARTESIAN_POINT('',(0.,0.));
#1832 = VECTOR('',#1833,1.);
#1833 = DIRECTION('',(0.,-1.));
#1834 = ( GEOMETRIC_REPRESENTATION_CONTEXT(2) 
PARAMETRIC_REPRESENTATION_CONTEXT() REPRESENTATION_CONTEXT('2D SPACE',''
  ) );
#1835 = PCURVE('',#1740,#1836);
#1836 = DEFINITIONAL_REPRESENTATION('',(#1837),#1841);
#1837 = LINE('',#1838,#1839);
#1838 = CARTESIAN_POINT('',(19.8,0.));
#1839 = VECTOR('',#1840,1.);
#1840 = DIRECTION('',(0.,1.));
#1841 = ( GEOMETRIC_REPRESENTATION_CONTEXT(2) 
PARAMETRIC_REPRESENTATION_CONTEXT() REPRESENTATION_CONTEXT('2D SPACE',''
  ) );
#1842 = ORIENTED_EDGE('',*,*,#1843,.T.);
#1843 = EDGE_CURVE('',#1821,#415,#1844,.T.);
#1844 = SURFACE_CURVE('',#1845,(#1849,#1856),.PCURVE_S1.);
#1845 = LINE('',#1846,#1847);
#1846 = CARTESIAN_POINT('',(-13.04614758371,18.290426018871,9.9));
#1847 = VECTOR('',#1848,1.);
#1848 = DIRECTION('',(-0.850650808352,0.525731112119,0.));
#1849 = PCURVE('',#453,#1850);
#1850 = DEFINITIONAL_REPRESENTATION('',(#1851),#1855);
#1851 = LINE('',#1852,#1853);
#1852 = CARTESIAN_POINT('',(0.,-19.8));
#1853 = VECTOR('',#1854,1.);
#1854 = DIRECTION('',(1.,0.));
#1855 = ( GEOMETRIC_REPRESENTATION_CONTEXT(2) 
PARAMETRIC_REPRESENTATION_CONTEXT() REPRESENTATION_CONTEXT('2D SPACE',''
  ) );
#1856 = PCURVE('',#429,#1857);
#1857 = DEFINITIONAL_REPRESENTATION('',(#1858),#1862);
#1858 = LINE('',#1859,#1860);
#1859 = CARTESIAN_POINT('',(0.,19.8));
#1860 = VECTOR('',#1861,1.);
#1861 = DIRECTION('',(1.,0.));
#1862 = ( GEOMETRIC_REPRESENTATION_CONTEXT(2) 
PARAMETRIC_REPRESENTATION_CONTEXT() REPRESENTATION_CONTEXT('2D SPACE',''
  ) );
#1863 = ORIENTED_EDGE('',*,*,#440,.F.);
#1864 = ADVANCED_FACE('',(#1865),#429,.F.);
#1865 = FACE_BOUND('',#1866,.F.);
#1866 = EDGE_LOOP('',(#1867,#1868,#1891,#1912));
#1867 = ORIENTED_EDGE('',*,*,#1843,.F.);
#1868 = ORIENTED_EDGE('',*,*,#1869,.F.);
#1869 = EDGE_CURVE('',#1870,#1821,#1872,.T.);
#1870 = VERTEX_POINT('',#1871);
#1871 = CARTESIAN_POINT('',(-13.04614758371,18.290426018871,-9.9));
#1872 = SURFACE_CURVE('',#1873,(#1877,#1884),.PCURVE_S1.);
#1873 = LINE('',#1874,#1875);
#1874 = CARTESIAN_POINT('',(-13.04614758371,18.290426018871,-9.9));
#1875 = VECTOR('',#1876,1.);
#1876 = DIRECTION('',(0.,0.,1.));
#1877 = PCURVE('',#429,#1878);
#1878 = DEFINITIONAL_REPRESENTATION('',(#1879),#1883);
#1879 = LINE('',#1880,#1881);
#1880 = CARTESIAN_POINT('',(0.,0.));
#1881 = VECTOR('',#1882,1.);
#1882 = DIRECTION('',(0.,1.));
#1883 = ( GEOMETRIC_REPRESENTATION_CONTEXT(2) 
PARAMETRIC_REPRESENTATION_CONTEXT() REPRESENTATION_CONTEXT('2D SPACE',''
  ) );
#1884 = PCURVE('',#1740,#1885);
#1885 = DEFINITIONAL_REPRESENTATION('',(#1886),#1890);
#1886 = LINE('',#1887,#1888);
#1887 = CARTESIAN_POINT('',(0.,19.8));
#1888 = VECTOR('',#1889,1.);
#1889 = DIRECTION('',(1.,0.));
#1890 = ( GEOMETRIC_REPRESENTATION_CONTEXT(2) 
PARAMETRIC_REPRESENTATION_CONTEXT() REPRESENTATION_CONTEXT('2D SPACE',''
  ) );
#1891 = ORIENTED_EDGE('',*,*,#1892,.T.);
#1892 = EDGE_CURVE('',#1870,#389,#1893,.T.);
#1893 = SURFACE_CURVE('',#1894,(#1898,#1905),.PCURVE_S1.);
#1894 = LINE('',#1895,#1896);
#1895 = CARTESIAN_POINT('',(-13.04614758371,18.290426018871,-9.9));
#1896 = VECTOR('',#1897,1.);
#1897 = DIRECTION('',(-0.850650808352,0.525731112119,0.));
#1898 = PCURVE('',#429,#1899);
#1899 = DEFINITIONAL_REPRESENTATION('',(#1900),#1904);
#1900 = LINE('',#1901,#1902);
#1901 = CARTESIAN_POINT('',(0.,0.));
#1902 = VECTOR('',#1903,1.);
#1903 = DIRECTION('',(1.,0.));
#1904 = ( GEOMETRIC_REPRESENTATION_CONTEXT(2) 
PARAMETRIC_REPRESENTATION_CONTEXT() REPRESENTATION_CONTEXT('2D SPACE',''
  ) );
#1905 = PCURVE('',#403,#1906);
#1906 = DEFINITIONAL_REPRESENTATION('',(#1907),#1911);
#1907 = LINE('',#1908,#1909);
#1908 = CARTESIAN_POINT('',(0.,-19.8));
#1909 = VECTOR('',#1910,1.);
#1910 = DIRECTION('',(1.,0.));
#1911 = ( GEOMETRIC_REPRESENTATION_CONTEXT(2) 
PARAMETRIC_REPRESENTATION_CONTEXT() REPRESENTATION_CONTEXT('2D SPACE',''
  ) );
#1912 = ORIENTED_EDGE('',*,*,#414,.F.);
#1913 = ADVANCED_FACE('',(#1914),#403,.T.);
#1914 = FACE_BOUND('',#1915,.T.);
#1915 = EDGE_LOOP('',(#1916,#1917,#1938,#1959,#1960));
#1916 = ORIENTED_EDGE('',*,*,#1773,.F.);
#1917 = ORIENTED_EDGE('',*,*,#1918,.T.);
#1918 = EDGE_CURVE('',#1753,#1919,#1921,.T.);
#1919 = VERTEX_POINT('',#1920);
#1920 = CARTESIAN_POINT('',(-23.38099974294,1.568283956532,-9.9));
#1921 = SURFACE_CURVE('',#1922,(#1926,#1932),.PCURVE_S1.);
#1922 = LINE('',#1923,#1924);
#1923 = CARTESIAN_POINT('',(-23.48899640873,1.501538346399,-9.9));
#1924 = VECTOR('',#1925,1.);
#1925 = DIRECTION('',(0.850650808352,0.525731112119,-0.));
#1926 = PCURVE('',#403,#1927);
#1927 = DEFINITIONAL_REPRESENTATION('',(#1928),#1931);
#1928 = B_SPLINE_CURVE_WITH_KNOTS('',1,(#1929,#1930),.UNSPECIFIED.,.F.,
  .F.,(2,2),(-3.173942372578E-02,0.126957694903),
  .PIECEWISE_BEZIER_KNOTS.);
#1929 = CARTESIAN_POINT('',(7.097150901751E-02,-1.03042574473E-15));
#1930 = CARTESIAN_POINT('',(7.001343949042E-15,-0.141943018035));
#1931 = ( GEOMETRIC_REPRESENTATION_CONTEXT(2) 
PARAMETRIC_REPRESENTATION_CONTEXT() REPRESENTATION_CONTEXT('2D SPACE',''
  ) );
#1932 = PCURVE('',#807,#1933);
#1933 = DEFINITIONAL_REPRESENTATION('',(#1934),#1937);
#1934 = B_SPLINE_CURVE_WITH_KNOTS('',1,(#1935,#1936),.UNSPECIFIED.,.F.,
  .F.,(2,2),(-3.173942372578E-02,0.126957694903),
  .PIECEWISE_BEZIER_KNOTS.);
#1935 = CARTESIAN_POINT('',(7.097150901751E-02,6.938893903907E-18));
#1936 = CARTESIAN_POINT('',(-2.081668171172E-17,-0.141943018035));
#1937 = ( GEOMETRIC_REPRESENTATION_CONTEXT(2) 
PARAMETRIC_REPRESENTATION_CONTEXT() REPRESENTATION_CONTEXT('2D SPACE',''
  ) );
#1938 = ORIENTED_EDGE('',*,*,#1939,.T.);
#1939 = EDGE_CURVE('',#1919,#1870,#1940,.T.);
#1940 = SURFACE_CURVE('',#1941,(#1945,#1952),.PCURVE_S1.);
#1941 = LINE('',#1942,#1943);
#1942 = CARTESIAN_POINT('',(-23.45562360367,1.447540013501,-9.9));
#1943 = VECTOR('',#1944,1.);
#1944 = DIRECTION('',(0.525731112119,0.850650808352,0.));
#1945 = PCURVE('',#403,#1946);
#1946 = DEFINITIONAL_REPRESENTATION('',(#1947),#1951);
#1947 = LINE('',#1948,#1949);
#1948 = CARTESIAN_POINT('',(0.,0.));
#1949 = VECTOR('',#1950,1.);
#1950 = DIRECTION('',(0.,-1.));
#1951 = ( GEOMETRIC_REPRESENTATION_CONTEXT(2) 
PARAMETRIC_REPRESENTATION_CONTEXT() REPRESENTATION_CONTEXT('2D SPACE',''
  ) );
#1952 = PCURVE('',#1740,#1953);
#1953 = DEFINITIONAL_REPRESENTATION('',(#1954),#1958);
#1954 = LINE('',#1955,#1956);
#1955 = CARTESIAN_POINT('',(0.,0.));
#1956 = VECTOR('',#1957,1.);
#1957 = DIRECTION('',(0.,1.));
#1958 = ( GEOMETRIC_REPRESENTATION_CONTEXT(2) 
PARAMETRIC_REPRESENTATION_CONTEXT() REPRESENTATION_CONTEXT('2D SPACE',''
  ) );
#1959 = ORIENTED_EDGE('',*,*,#1892,.T.);
#1960 = ORIENTED_EDGE('',*,*,#388,.F.);
#1961 = ADVANCED_FACE('',(#1962,#2007),#505,.T.);
#1962 = FACE_BOUND('',#1963,.T.);
#1963 = EDGE_LOOP('',(#1964,#1965,#1966,#1987,#2006));
#1964 = ORIENTED_EDGE('',*,*,#490,.F.);
#1965 = ORIENTED_EDGE('',*,*,#1570,.F.);
#1966 = ORIENTED_EDGE('',*,*,#1967,.F.);
#1967 = EDGE_CURVE('',#1968,#1571,#1970,.T.);
#1968 = VERTEX_POINT('',#1969);
#1969 = CARTESIAN_POINT('',(15.775826227481,-15.77582622748,
    15.775826227481));
#1970 = SURFACE_CURVE('',#1971,(#1975,#1981),.PCURVE_S1.);
#1971 = LINE('',#1972,#1973);
#1972 = CARTESIAN_POINT('',(-173.5524272454,56.541131568517,
    132.78712190439));
#1973 = VECTOR('',#1974,1.);
#1974 = DIRECTION('',(-0.809016994375,0.309016994375,0.5));
#1975 = PCURVE('',#505,#1976);
#1976 = DEFINITIONAL_REPRESENTATION('',(#1977),#1980);
#1977 = B_SPLINE_CURVE_WITH_KNOTS('',1,(#1978,#1979),.UNSPECIFIED.,.F.,
  .F.,(2,2),(-246.0742501904,-195.022604117),.PIECEWISE_BEZIER_KNOTS.);
#1978 = CARTESIAN_POINT('',(236.58768533434,200.5000063816));
#1979 = CARTESIAN_POINT('',(188.03468466868,216.27583260909));
#1980 = ( GEOMETRIC_REPRESENTATION_CONTEXT(2) 
PARAMETRIC_REPRESENTATION_CONTEXT() REPRESENTATION_CONTEXT('2D SPACE',''
  ) );
#1981 = PCURVE('',#1429,#1982);
#1982 = DEFINITIONAL_REPRESENTATION('',(#1983),#1986);
#1983 = B_SPLINE_CURVE_WITH_KNOTS('',1,(#1984,#1985),.UNSPECIFIED.,.F.,
  .F.,(2,2),(-246.0742501904,-195.022604117),.PIECEWISE_BEZIER_KNOTS.);
#1984 = CARTESIAN_POINT('',(221.95791066414,245.52582303667));
#1985 = CARTESIAN_POINT('',(191.95050599696,204.22417377251));
#1986 = ( GEOMETRIC_REPRESENTATION_CONTEXT(2) 
PARAMETRIC_REPRESENTATION_CONTEXT() REPRESENTATION_CONTEXT('2D SPACE',''
  ) );
#1987 = ORIENTED_EDGE('',*,*,#1988,.F.);
#1988 = EDGE_CURVE('',#824,#1968,#1989,.T.);
#1989 = SURFACE_CURVE('',#1990,(#1994,#2000),.PCURVE_S1.);
#1990 = LINE('',#1991,#1992);
#1991 = CARTESIAN_POINT('',(-91.48547264024,-189.3282534729,
    82.066954605194));
#1992 = VECTOR('',#1993,1.);
#1993 = DIRECTION('',(-0.5,-0.809016994375,0.309016994375));
#1994 = PCURVE('',#505,#1995);
#1995 = DEFINITIONAL_REPRESENTATION('',(#1996),#1999);
#1996 = B_SPLINE_CURVE_WITH_KNOTS('',1,(#1997,#1998),.UNSPECIFIED.,.F.,
  .F.,(2,2),(-265.5742438087,-202.4709388988),.PIECEWISE_BEZIER_KNOTS.);
#1997 = CARTESIAN_POINT('',(255.13328133282,245.52582303667));
#1998 = CARTESIAN_POINT('',(218.04208933585,194.47417696332));
#1999 = ( GEOMETRIC_REPRESENTATION_CONTEXT(2) 
PARAMETRIC_REPRESENTATION_CONTEXT() REPRESENTATION_CONTEXT('2D SPACE',''
  ) );
#2000 = PCURVE('',#859,#2001);
#2001 = DEFINITIONAL_REPRESENTATION('',(#2002),#2005);
#2002 = B_SPLINE_CURVE_WITH_KNOTS('',1,(#2003,#2004),.UNSPECIFIED.,.F.,
  .F.,(2,2),(-265.5742438087,-202.4709388988),.PIECEWISE_BEZIER_KNOTS.);
#2003 = CARTESIAN_POINT('',(263.427124,220.));
#2004 = CARTESIAN_POINT('',(203.41231466565,239.49999361839));
#2005 = ( GEOMETRIC_REPRESENTATION_CONTEXT(2) 
PARAMETRIC_REPRESENTATION_CONTEXT() REPRESENTATION_CONTEXT('2D SPACE',''
  ) );
#2006 = ORIENTED_EDGE('',*,*,#823,.T.);
#2007 = FACE_BOUND('',#2008,.T.);
#2008 = EDGE_LOOP('',(#2009,#2037,#2063,#2089));
#2009 = ORIENTED_EDGE('',*,*,#2010,.T.);
#2010 = EDGE_CURVE('',#2011,#2013,#2015,.T.);
#2011 = VERTEX_POINT('',#2012);
#2012 = CARTESIAN_POINT('',(1.97327112562,-9.9,24.306274412025));
#2013 = VERTEX_POINT('',#2014);
#2014 = CARTESIAN_POINT('',(1.97327112562,9.9,24.306274412025));
#2015 = SURFACE_CURVE('',#2016,(#2020,#2026),.PCURVE_S1.);
#2016 = LINE('',#2017,#2018);
#2017 = CARTESIAN_POINT('',(1.97327112562,-105.05,24.306274412025));
#2018 = VECTOR('',#2019,1.);
#2019 = DIRECTION('',(-0.,1.,0.));
#2020 = PCURVE('',#505,#2021);
#2021 = DEFINITIONAL_REPRESENTATION('',(#2022),#2025);
#2022 = B_SPLINE_CURVE_WITH_KNOTS('',1,(#2023,#2024),.UNSPECIFIED.,.F.,
  .F.,(2,2),(95.15,114.95),.PIECEWISE_BEZIER_KNOTS.);
#2023 = CARTESIAN_POINT('',(208.9,210.1));
#2024 = CARTESIAN_POINT('',(208.9,229.9));
#2025 = ( GEOMETRIC_REPRESENTATION_CONTEXT(2) 
PARAMETRIC_REPRESENTATION_CONTEXT() REPRESENTATION_CONTEXT('2D SPACE',''
  ) );
#2026 = PCURVE('',#2027,#2032);
#2027 = PLANE('',#2028);
#2028 = AXIS2_PLACEMENT_3D('',#2029,#2030,#2031);
#2029 = CARTESIAN_POINT('',(1.447540013501,9.9,23.455623603672));
#2030 = DIRECTION('',(0.850650808352,0.,-0.525731112119));
#2031 = DIRECTION('',(0.525731112119,0.,0.850650808352));
#2032 = DEFINITIONAL_REPRESENTATION('',(#2033),#2036);
#2033 = B_SPLINE_CURVE_WITH_KNOTS('',1,(#2034,#2035),.UNSPECIFIED.,.F.,
  .F.,(2,2),(95.15,114.95),.PIECEWISE_BEZIER_KNOTS.);
#2034 = CARTESIAN_POINT('',(1.,19.8));
#2035 = CARTESIAN_POINT('',(1.,0.));
#2036 = ( GEOMETRIC_REPRESENTATION_CONTEXT(2) 
PARAMETRIC_REPRESENTATION_CONTEXT() REPRESENTATION_CONTEXT('2D SPACE',''
  ) );
#2037 = ORIENTED_EDGE('',*,*,#2038,.T.);
#2038 = EDGE_CURVE('',#2013,#2039,#2041,.T.);
#2039 = VERTEX_POINT('',#2040);
#2040 = CARTESIAN_POINT('',(18.81615713099,9.9,13.896798392066));
#2041 = SURFACE_CURVE('',#2042,(#2046,#2052),.PCURVE_S1.);
#2042 = LINE('',#2043,#2044);
#2043 = CARTESIAN_POINT('',(-86.87720580675,9.9,79.218889072868));
#2044 = VECTOR('',#2045,1.);
#2045 = DIRECTION('',(0.850650808352,0.,-0.525731112119));
#2046 = PCURVE('',#505,#2047);
#2047 = DEFINITIONAL_REPRESENTATION('',(#2048),#2051);
#2048 = B_SPLINE_CURVE_WITH_KNOTS('',1,(#2049,#2050),.UNSPECIFIED.,.F.,
  .F.,(2,2),(104.45,124.25),.PIECEWISE_BEZIER_KNOTS.);
#2049 = CARTESIAN_POINT('',(208.9,229.9));
#2050 = CARTESIAN_POINT('',(228.7,229.9));
#2051 = ( GEOMETRIC_REPRESENTATION_CONTEXT(2) 
PARAMETRIC_REPRESENTATION_CONTEXT() REPRESENTATION_CONTEXT('2D SPACE',''
  ) );
#2052 = PCURVE('',#2053,#2058);
#2053 = PLANE('',#2054);
#2054 = AXIS2_PLACEMENT_3D('',#2055,#2056,#2057);
#2055 = CARTESIAN_POINT('',(1.447540013501,9.9,23.455623603672));
#2056 = DIRECTION('',(0.,-1.,0.));
#2057 = DIRECTION('',(0.525731112119,0.,0.850650808352));
#2058 = DEFINITIONAL_REPRESENTATION('',(#2059),#2062);
#2059 = B_SPLINE_CURVE_WITH_KNOTS('',1,(#2060,#2061),.UNSPECIFIED.,.F.,
  .F.,(2,2),(104.45,124.25),.PIECEWISE_BEZIER_KNOTS.);
#2060 = CARTESIAN_POINT('',(1.,0.));
#2061 = CARTESIAN_POINT('',(1.,-19.8));
#2062 = ( GEOMETRIC_REPRESENTATION_CONTEXT(2) 
PARAMETRIC_REPRESENTATION_CONTEXT() REPRESENTATION_CONTEXT('2D SPACE',''
  ) );
#2063 = ORIENTED_EDGE('',*,*,#2064,.F.);
#2064 = EDGE_CURVE('',#2065,#2039,#2067,.T.);
#2065 = VERTEX_POINT('',#2066);
#2066 = CARTESIAN_POINT('',(18.81615713099,-9.9,13.896798392066));
#2067 = SURFACE_CURVE('',#2068,(#2072,#2078),.PCURVE_S1.);
#2068 = LINE('',#2069,#2070);
#2069 = CARTESIAN_POINT('',(18.816157130991,-105.05,13.896798392066));
#2070 = VECTOR('',#2071,1.);
#2071 = DIRECTION('',(-0.,1.,0.));
#2072 = PCURVE('',#505,#2073);
#2073 = DEFINITIONAL_REPRESENTATION('',(#2074),#2077);
#2074 = B_SPLINE_CURVE_WITH_KNOTS('',1,(#2075,#2076),.UNSPECIFIED.,.F.,
  .F.,(2,2),(95.15,114.95),.PIECEWISE_BEZIER_KNOTS.);
#2075 = CARTESIAN_POINT('',(228.7,210.1));
#2076 = CARTESIAN_POINT('',(228.7,229.9));
#2077 = ( GEOMETRIC_REPRESENTATION_CONTEXT(2) 
PARAMETRIC_REPRESENTATION_CONTEXT() REPRESENTATION_CONTEXT('2D SPACE',''
  ) );
#2078 = PCURVE('',#2079,#2084);
#2079 = PLANE('',#2080);
#2080 = AXIS2_PLACEMENT_3D('',#2081,#2082,#2083);
#2081 = CARTESIAN_POINT('',(18.290426018871,9.9,13.046147583714));
#2082 = DIRECTION('',(0.850650808352,0.,-0.525731112119));
#2083 = DIRECTION('',(0.525731112119,0.,0.850650808352));
#2084 = DEFINITIONAL_REPRESENTATION('',(#2085),#2088);
#2085 = B_SPLINE_CURVE_WITH_KNOTS('',1,(#2086,#2087),.UNSPECIFIED.,.F.,
  .F.,(2,2),(95.15,114.95),.PIECEWISE_BEZIER_KNOTS.);
#2086 = CARTESIAN_POINT('',(1.,19.8));
#2087 = CARTESIAN_POINT('',(1.,0.));
#2088 = ( GEOMETRIC_REPRESENTATION_CONTEXT(2) 
PARAMETRIC_REPRESENTATION_CONTEXT() REPRESENTATION_CONTEXT('2D SPACE',''
  ) );
#2089 = ORIENTED_EDGE('',*,*,#2090,.F.);
#2090 = EDGE_CURVE('',#2011,#2065,#2091,.T.);
#2091 = SURFACE_CURVE('',#2092,(#2096,#2102),.PCURVE_S1.);
#2092 = LINE('',#2093,#2094);
#2093 = CARTESIAN_POINT('',(-86.87720580675,-9.9,79.218889072868));
#2094 = VECTOR('',#2095,1.);
#2095 = DIRECTION('',(0.850650808352,0.,-0.525731112119));
#2096 = PCURVE('',#505,#2097);
#2097 = DEFINITIONAL_REPRESENTATION('',(#2098),#2101);
#2098 = B_SPLINE_CURVE_WITH_KNOTS('',1,(#2099,#2100),.UNSPECIFIED.,.F.,
  .F.,(2,2),(104.45,124.25),.PIECEWISE_BEZIER_KNOTS.);
#2099 = CARTESIAN_POINT('',(208.9,210.1));
#2100 = CARTESIAN_POINT('',(228.7,210.1));
#2101 = ( GEOMETRIC_REPRESENTATION_CONTEXT(2) 
PARAMETRIC_REPRESENTATION_CONTEXT() REPRESENTATION_CONTEXT('2D SPACE',''
  ) );
#2102 = PCURVE('',#2103,#2108);
#2103 = PLANE('',#2104);
#2104 = AXIS2_PLACEMENT_3D('',#2105,#2106,#2107);
#2105 = CARTESIAN_POINT('',(1.447540013501,-9.9,23.455623603672));
#2106 = DIRECTION('',(0.,-1.,0.));
#2107 = DIRECTION('',(0.525731112119,0.,0.850650808352));
#2108 = DEFINITIONAL_REPRESENTATION('',(#2109),#2112);
#2109 = B_SPLINE_CURVE_WITH_KNOTS('',1,(#2110,#2111),.UNSPECIFIED.,.F.,
  .F.,(2,2),(104.45,124.25),.PIECEWISE_BEZIER_KNOTS.);
#2110 = CARTESIAN_POINT('',(1.,0.));
#2111 = CARTESIAN_POINT('',(1.,-19.8));
#2112 = ( GEOMETRIC_REPRESENTATION_CONTEXT(2) 
PARAMETRIC_REPRESENTATION_CONTEXT() REPRESENTATION_CONTEXT('2D SPACE',''
  ) );
#2113 = ADVANCED_FACE('',(#2114),#554,.T.);
#2114 = FACE_BOUND('',#2115,.T.);
#2115 = EDGE_LOOP('',(#2116,#2139,#2167,#2188,#2209));
#2116 = ORIENTED_EDGE('',*,*,#2117,.F.);
#2117 = EDGE_CURVE('',#2118,#538,#2120,.T.);
#2118 = VERTEX_POINT('',#2119);
#2119 = CARTESIAN_POINT('',(-9.9,23.455623603672,1.447540013501));
#2120 = SURFACE_CURVE('',#2121,(#2125,#2132),.PCURVE_S1.);
#2121 = LINE('',#2122,#2123);
#2122 = CARTESIAN_POINT('',(-9.9,23.455623603672,1.447540013501));
#2123 = VECTOR('',#2124,1.);
#2124 = DIRECTION('',(0.,0.850650808352,0.525731112119));
#2125 = PCURVE('',#554,#2126);
#2126 = DEFINITIONAL_REPRESENTATION('',(#2127),#2131);
#2127 = LINE('',#2128,#2129);
#2128 = CARTESIAN_POINT('',(0.,19.8));
#2129 = VECTOR('',#2130,1.);
#2130 = DIRECTION('',(1.,0.));
#2131 = ( GEOMETRIC_REPRESENTATION_CONTEXT(2) 
PARAMETRIC_REPRESENTATION_CONTEXT() REPRESENTATION_CONTEXT('2D SPACE',''
  ) );
#2132 = PCURVE('',#630,#2133);
#2133 = DEFINITIONAL_REPRESENTATION('',(#2134),#2138);
#2134 = LINE('',#2135,#2136);
#2135 = CARTESIAN_POINT('',(0.,0.));
#2136 = VECTOR('',#2137,1.);
#2137 = DIRECTION('',(1.,0.));
#2138 = ( GEOMETRIC_REPRESENTATION_CONTEXT(2) 
PARAMETRIC_REPRESENTATION_CONTEXT() REPRESENTATION_CONTEXT('2D SPACE',''
  ) );
#2139 = ORIENTED_EDGE('',*,*,#2140,.F.);
#2140 = EDGE_CURVE('',#2141,#2118,#2143,.T.);
#2141 = VERTEX_POINT('',#2142);
#2142 = CARTESIAN_POINT('',(9.853879917698,23.455623603672,
    1.447540013501));
#2143 = SURFACE_CURVE('',#2144,(#2148,#2155),.PCURVE_S1.);
#2144 = LINE('',#2145,#2146);
#2145 = CARTESIAN_POINT('',(9.9,23.455623603672,1.447540013501));
#2146 = VECTOR('',#2147,1.);
#2147 = DIRECTION('',(-1.,0.,0.));
#2148 = PCURVE('',#554,#2149);
#2149 = DEFINITIONAL_REPRESENTATION('',(#2150),#2154);
#2150 = LINE('',#2151,#2152);
#2151 = CARTESIAN_POINT('',(0.,0.));
#2152 = VECTOR('',#2153,1.);
#2153 = DIRECTION('',(0.,1.));
#2154 = ( GEOMETRIC_REPRESENTATION_CONTEXT(2) 
PARAMETRIC_REPRESENTATION_CONTEXT() REPRESENTATION_CONTEXT('2D SPACE',''
  ) );
#2155 = PCURVE('',#2156,#2161);
#2156 = PLANE('',#2157);
#2157 = AXIS2_PLACEMENT_3D('',#2158,#2159,#2160);
#2158 = CARTESIAN_POINT('',(9.9,23.455623603672,1.447540013501));
#2159 = DIRECTION('',(0.,0.850650808352,0.525731112119));
#2160 = DIRECTION('',(-1.,0.,0.));
#2161 = DEFINITIONAL_REPRESENTATION('',(#2162),#2166);
#2162 = LINE('',#2163,#2164);
#2163 = CARTESIAN_POINT('',(0.,0.));
#2164 = VECTOR('',#2165,1.);
#2165 = DIRECTION('',(1.,0.));
#2166 = ( GEOMETRIC_REPRESENTATION_CONTEXT(2) 
PARAMETRIC_REPRESENTATION_CONTEXT() REPRESENTATION_CONTEXT('2D SPACE',''
  ) );
#2167 = ORIENTED_EDGE('',*,*,#2168,.T.);
#2168 = EDGE_CURVE('',#2141,#2169,#2171,.T.);
#2169 = VERTEX_POINT('',#2170);
#2170 = CARTESIAN_POINT('',(9.9,23.515995575188,1.484851943866));
#2171 = SURFACE_CURVE('',#2172,(#2176,#2182),.PCURVE_S1.);
#2172 = LINE('',#2173,#2174);
#2173 = CARTESIAN_POINT('',(6.928173125364,19.625823691949,
    -0.919406502056));
#2174 = VECTOR('',#2175,1.);
#2175 = DIRECTION('',(0.544893675596,0.713275081483,0.440828243685));
#2176 = PCURVE('',#554,#2177);
#2177 = DEFINITIONAL_REPRESENTATION('',(#2178),#2181);
#2178 = B_SPLINE_CURVE_WITH_KNOTS('',1,(#2179,#2180),.UNSPECIFIED.,.F.,
  .F.,(2,2),(5.36931684724,5.453957364038),.PIECEWISE_BEZIER_KNOTS.);
#2179 = CARTESIAN_POINT('',(1.24344978758E-14,4.612008230232E-02));
#2180 = CARTESIAN_POINT('',(7.097150901751E-02,1.021405182655E-14));
#2181 = ( GEOMETRIC_REPRESENTATION_CONTEXT(2) 
PARAMETRIC_REPRESENTATION_CONTEXT() REPRESENTATION_CONTEXT('2D SPACE',''
  ) );
#2182 = PCURVE('',#908,#2183);
#2183 = DEFINITIONAL_REPRESENTATION('',(#2184),#2187);
#2184 = B_SPLINE_CURVE_WITH_KNOTS('',1,(#2185,#2186),.UNSPECIFIED.,.F.,
  .F.,(2,2),(5.36931684724,5.453957364038),.PIECEWISE_BEZIER_KNOTS.);
#2185 = CARTESIAN_POINT('',(0.,19.753879917698));
#2186 = CARTESIAN_POINT('',(7.097150901749E-02,19.8));
#2187 = ( GEOMETRIC_REPRESENTATION_CONTEXT(2) 
PARAMETRIC_REPRESENTATION_CONTEXT() REPRESENTATION_CONTEXT('2D SPACE',''
  ) );
#2188 = ORIENTED_EDGE('',*,*,#2189,.T.);
#2189 = EDGE_CURVE('',#2169,#540,#2190,.T.);
#2190 = SURFACE_CURVE('',#2191,(#2195,#2202),.PCURVE_S1.);
#2191 = LINE('',#2192,#2193);
#2192 = CARTESIAN_POINT('',(9.9,23.455623603672,1.447540013501));
#2193 = VECTOR('',#2194,1.);
#2194 = DIRECTION('',(0.,0.850650808352,0.525731112119));
#2195 = PCURVE('',#554,#2196);
#2196 = DEFINITIONAL_REPRESENTATION('',(#2197),#2201);
#2197 = LINE('',#2198,#2199);
#2198 = CARTESIAN_POINT('',(0.,0.));
#2199 = VECTOR('',#2200,1.);
#2200 = DIRECTION('',(1.,0.));
#2201 = ( GEOMETRIC_REPRESENTATION_CONTEXT(2) 
PARAMETRIC_REPRESENTATION_CONTEXT() REPRESENTATION_CONTEXT('2D SPACE',''
  ) );
#2202 = PCURVE('',#580,#2203);
#2203 = DEFINITIONAL_REPRESENTATION('',(#2204),#2208);
#2204 = LINE('',#2205,#2206);
#2205 = CARTESIAN_POINT('',(0.,0.));
#2206 = VECTOR('',#2207,1.);
#2207 = DIRECTION('',(1.,0.));
#2208 = ( GEOMETRIC_REPRESENTATION_CONTEXT(2) 
PARAMETRIC_REPRESENTATION_CONTEXT() REPRESENTATION_CONTEXT('2D SPACE',''
  ) );
#2209 = ORIENTED_EDGE('',*,*,#537,.F.);
#2210 = ADVANCED_FACE('',(#2211),#630,.F.);
#2211 = FACE_BOUND('',#2212,.F.);
#2212 = EDGE_LOOP('',(#2213,#2214,#2237,#2258));
#2213 = ORIENTED_EDGE('',*,*,#2117,.F.);
#2214 = ORIENTED_EDGE('',*,*,#2215,.T.);
#2215 = EDGE_CURVE('',#2118,#2216,#2218,.T.);
#2216 = VERTEX_POINT('',#2217);
#2217 = CARTESIAN_POINT('',(-9.9,13.046147583714,18.290426018871));
#2218 = SURFACE_CURVE('',#2219,(#2223,#2230),.PCURVE_S1.);
#2219 = LINE('',#2220,#2221);
#2220 = CARTESIAN_POINT('',(-9.9,23.455623603672,1.447540013501));
#2221 = VECTOR('',#2222,1.);
#2222 = DIRECTION('',(0.,-0.525731112119,0.850650808352));
#2223 = PCURVE('',#630,#2224);
#2224 = DEFINITIONAL_REPRESENTATION('',(#2225),#2229);
#2225 = LINE('',#2226,#2227);
#2226 = CARTESIAN_POINT('',(0.,0.));
#2227 = VECTOR('',#2228,1.);
#2228 = DIRECTION('',(0.,-1.));
#2229 = ( GEOMETRIC_REPRESENTATION_CONTEXT(2) 
PARAMETRIC_REPRESENTATION_CONTEXT() REPRESENTATION_CONTEXT('2D SPACE',''
  ) );
#2230 = PCURVE('',#2156,#2231);
#2231 = DEFINITIONAL_REPRESENTATION('',(#2232),#2236);
#2232 = LINE('',#2233,#2234);
#2233 = CARTESIAN_POINT('',(19.8,0.));
#2234 = VECTOR('',#2235,1.);
#2235 = DIRECTION('',(0.,1.));
#2236 = ( GEOMETRIC_REPRESENTATION_CONTEXT(2) 
PARAMETRIC_REPRESENTATION_CONTEXT() REPRESENTATION_CONTEXT('2D SPACE',''
  ) );
#2237 = ORIENTED_EDGE('',*,*,#2238,.T.);
#2238 = EDGE_CURVE('',#2216,#592,#2239,.T.);
#2239 = SURFACE_CURVE('',#2240,(#2244,#2251),.PCURVE_S1.);
#2240 = LINE('',#2241,#2242);
#2241 = CARTESIAN_POINT('',(-9.9,13.046147583714,18.290426018871));
#2242 = VECTOR('',#2243,1.);
#2243 = DIRECTION('',(0.,0.850650808352,0.525731112119));
#2244 = PCURVE('',#630,#2245);
#2245 = DEFINITIONAL_REPRESENTATION('',(#2246),#2250);
#2246 = LINE('',#2247,#2248);
#2247 = CARTESIAN_POINT('',(0.,-19.8));
#2248 = VECTOR('',#2249,1.);
#2249 = DIRECTION('',(1.,0.));
#2250 = ( GEOMETRIC_REPRESENTATION_CONTEXT(2) 
PARAMETRIC_REPRESENTATION_CONTEXT() REPRESENTATION_CONTEXT('2D SPACE',''
  ) );
#2251 = PCURVE('',#606,#2252);
#2252 = DEFINITIONAL_REPRESENTATION('',(#2253),#2257);
#2253 = LINE('',#2254,#2255);
#2254 = CARTESIAN_POINT('',(0.,19.8));
#2255 = VECTOR('',#2256,1.);
#2256 = DIRECTION('',(1.,0.));
#2257 = ( GEOMETRIC_REPRESENTATION_CONTEXT(2) 
PARAMETRIC_REPRESENTATION_CONTEXT() REPRESENTATION_CONTEXT('2D SPACE',''
  ) );
#2258 = ORIENTED_EDGE('',*,*,#617,.F.);
#2259 = ADVANCED_FACE('',(#2260),#606,.F.);
#2260 = FACE_BOUND('',#2261,.F.);
#2261 = EDGE_LOOP('',(#2262,#2263,#2286,#2307));
#2262 = ORIENTED_EDGE('',*,*,#2238,.F.);
#2263 = ORIENTED_EDGE('',*,*,#2264,.F.);
#2264 = EDGE_CURVE('',#2265,#2216,#2267,.T.);
#2265 = VERTEX_POINT('',#2266);
#2266 = CARTESIAN_POINT('',(9.9,13.046147583714,18.290426018871));
#2267 = SURFACE_CURVE('',#2268,(#2272,#2279),.PCURVE_S1.);
#2268 = LINE('',#2269,#2270);
#2269 = CARTESIAN_POINT('',(9.9,13.046147583714,18.290426018871));
#2270 = VECTOR('',#2271,1.);
#2271 = DIRECTION('',(-1.,0.,0.));
#2272 = PCURVE('',#606,#2273);
#2273 = DEFINITIONAL_REPRESENTATION('',(#2274),#2278);
#2274 = LINE('',#2275,#2276);
#2275 = CARTESIAN_POINT('',(0.,0.));
#2276 = VECTOR('',#2277,1.);
#2277 = DIRECTION('',(0.,1.));
#2278 = ( GEOMETRIC_REPRESENTATION_CONTEXT(2) 
PARAMETRIC_REPRESENTATION_CONTEXT() REPRESENTATION_CONTEXT('2D SPACE',''
  ) );
#2279 = PCURVE('',#2156,#2280);
#2280 = DEFINITIONAL_REPRESENTATION('',(#2281),#2285);
#2281 = LINE('',#2282,#2283);
#2282 = CARTESIAN_POINT('',(0.,19.8));
#2283 = VECTOR('',#2284,1.);
#2284 = DIRECTION('',(1.,0.));
#2285 = ( GEOMETRIC_REPRESENTATION_CONTEXT(2) 
PARAMETRIC_REPRESENTATION_CONTEXT() REPRESENTATION_CONTEXT('2D SPACE',''
  ) );
#2286 = ORIENTED_EDGE('',*,*,#2287,.T.);
#2287 = EDGE_CURVE('',#2265,#566,#2288,.T.);
#2288 = SURFACE_CURVE('',#2289,(#2293,#2300),.PCURVE_S1.);
#2289 = LINE('',#2290,#2291);
#2290 = CARTESIAN_POINT('',(9.9,13.046147583714,18.290426018871));
#2291 = VECTOR('',#2292,1.);
#2292 = DIRECTION('',(0.,0.850650808352,0.525731112119));
#2293 = PCURVE('',#606,#2294);
#2294 = DEFINITIONAL_REPRESENTATION('',(#2295),#2299);
#2295 = LINE('',#2296,#2297);
#2296 = CARTESIAN_POINT('',(0.,0.));
#2297 = VECTOR('',#2298,1.);
#2298 = DIRECTION('',(1.,0.));
#2299 = ( GEOMETRIC_REPRESENTATION_CONTEXT(2) 
PARAMETRIC_REPRESENTATION_CONTEXT() REPRESENTATION_CONTEXT('2D SPACE',''
  ) );
#2300 = PCURVE('',#580,#2301);
#2301 = DEFINITIONAL_REPRESENTATION('',(#2302),#2306);
#2302 = LINE('',#2303,#2304);
#2303 = CARTESIAN_POINT('',(0.,-19.8));
#2304 = VECTOR('',#2305,1.);
#2305 = DIRECTION('',(1.,0.));
#2306 = ( GEOMETRIC_REPRESENTATION_CONTEXT(2) 
PARAMETRIC_REPRESENTATION_CONTEXT() REPRESENTATION_CONTEXT('2D SPACE',''
  ) );
#2307 = ORIENTED_EDGE('',*,*,#591,.F.);
#2308 = ADVANCED_FACE('',(#2309),#580,.T.);
#2309 = FACE_BOUND('',#2310,.T.);
#2310 = EDGE_LOOP('',(#2311,#2312,#2333,#2354,#2355));
#2311 = ORIENTED_EDGE('',*,*,#2189,.F.);
#2312 = ORIENTED_EDGE('',*,*,#2313,.F.);
#2313 = EDGE_CURVE('',#2314,#2169,#2316,.T.);
#2314 = VERTEX_POINT('',#2315);
#2315 = CARTESIAN_POINT('',(9.9,23.380999742943,1.568283956532));
#2316 = SURFACE_CURVE('',#2317,(#2321,#2327),.PCURVE_S1.);
#2317 = LINE('',#2318,#2319);
#2318 = CARTESIAN_POINT('',(9.9,23.488996408739,1.501538346399));
#2319 = VECTOR('',#2320,1.);
#2320 = DIRECTION('',(0.,0.850650808352,-0.525731112119));
#2321 = PCURVE('',#580,#2322);
#2322 = DEFINITIONAL_REPRESENTATION('',(#2323),#2326);
#2323 = B_SPLINE_CURVE_WITH_KNOTS('',1,(#2324,#2325),.UNSPECIFIED.,.F.,
  .F.,(2,2),(-0.126957694903,3.173942372578E-02),
  .PIECEWISE_BEZIER_KNOTS.);
#2324 = CARTESIAN_POINT('',(7.001343949042E-15,-0.141943018035));
#2325 = CARTESIAN_POINT('',(7.097150901751E-02,-1.03042574473E-15));
#2326 = ( GEOMETRIC_REPRESENTATION_CONTEXT(2) 
PARAMETRIC_REPRESENTATION_CONTEXT() REPRESENTATION_CONTEXT('2D SPACE',''
  ) );
#2327 = PCURVE('',#984,#2328);
#2328 = DEFINITIONAL_REPRESENTATION('',(#2329),#2332);
#2329 = B_SPLINE_CURVE_WITH_KNOTS('',1,(#2330,#2331),.UNSPECIFIED.,.F.,
  .F.,(2,2),(-0.126957694903,3.173942372578E-02),
  .PIECEWISE_BEZIER_KNOTS.);
#2330 = CARTESIAN_POINT('',(-2.081668171172E-17,-0.141943018035));
#2331 = CARTESIAN_POINT('',(7.097150901751E-02,6.938893903907E-18));
#2332 = ( GEOMETRIC_REPRESENTATION_CONTEXT(2) 
PARAMETRIC_REPRESENTATION_CONTEXT() REPRESENTATION_CONTEXT('2D SPACE',''
  ) );
#2333 = ORIENTED_EDGE('',*,*,#2334,.T.);
#2334 = EDGE_CURVE('',#2314,#2265,#2335,.T.);
#2335 = SURFACE_CURVE('',#2336,(#2340,#2347),.PCURVE_S1.);
#2336 = LINE('',#2337,#2338);
#2337 = CARTESIAN_POINT('',(9.9,23.455623603672,1.447540013501));
#2338 = VECTOR('',#2339,1.);
#2339 = DIRECTION('',(0.,-0.525731112119,0.850650808352));
#2340 = PCURVE('',#580,#2341);
#2341 = DEFINITIONAL_REPRESENTATION('',(#2342),#2346);
#2342 = LINE('',#2343,#2344);
#2343 = CARTESIAN_POINT('',(0.,0.));
#2344 = VECTOR('',#2345,1.);
#2345 = DIRECTION('',(0.,-1.));
#2346 = ( GEOMETRIC_REPRESENTATION_CONTEXT(2) 
PARAMETRIC_REPRESENTATION_CONTEXT() REPRESENTATION_CONTEXT('2D SPACE',''
  ) );
#2347 = PCURVE('',#2156,#2348);
#2348 = DEFINITIONAL_REPRESENTATION('',(#2349),#2353);
#2349 = LINE('',#2350,#2351);
#2350 = CARTESIAN_POINT('',(0.,0.));
#2351 = VECTOR('',#2352,1.);
#2352 = DIRECTION('',(0.,1.));
#2353 = ( GEOMETRIC_REPRESENTATION_CONTEXT(2) 
PARAMETRIC_REPRESENTATION_CONTEXT() REPRESENTATION_CONTEXT('2D SPACE',''
  ) );
#2354 = ORIENTED_EDGE('',*,*,#2287,.T.);
#2355 = ORIENTED_EDGE('',*,*,#565,.F.);
#2356 = ADVANCED_FACE('',(#2357,#2402),#661,.T.);
#2357 = FACE_BOUND('',#2358,.T.);
#2358 = EDGE_LOOP('',(#2359,#2360,#2361,#2382,#2401));
#2359 = ORIENTED_EDGE('',*,*,#644,.T.);
#2360 = ORIENTED_EDGE('',*,*,#1022,.T.);
#2361 = ORIENTED_EDGE('',*,*,#2362,.T.);
#2362 = EDGE_CURVE('',#1002,#2363,#2365,.T.);
#2363 = VERTEX_POINT('',#2364);
#2364 = CARTESIAN_POINT('',(9.749996809195,-25.52582303667,
    -4.263256414561E-14));
#2365 = SURFACE_CURVE('',#2366,(#2370,#2376),.PCURVE_S1.);
#2366 = LINE('',#2367,#2368);
#2367 = CARTESIAN_POINT('',(-22.54926218727,-77.78712190439,
    84.56055786419));
#2368 = VECTOR('',#2369,1.);
#2369 = DIRECTION('',(-0.309016994375,-0.5,0.809016994375));
#2370 = PCURVE('',#661,#2371);
#2371 = DEFINITIONAL_REPRESENTATION('',(#2372),#2375);
#2372 = B_SPLINE_CURVE_WITH_KNOTS('',1,(#2373,#2374),.UNSPECIFIED.,.F.,
  .F.,(2,2),(-136.0742501904,-104.5225977354),.PIECEWISE_BEZIER_KNOTS.);
#2373 = CARTESIAN_POINT('',(236.58768533434,239.49999361839));
#2374 = CARTESIAN_POINT('',(206.58028066717,229.74999680919));
#2375 = ( GEOMETRIC_REPRESENTATION_CONTEXT(2) 
PARAMETRIC_REPRESENTATION_CONTEXT() REPRESENTATION_CONTEXT('2D SPACE',''
  ) );
#2376 = PCURVE('',#859,#2377);
#2377 = DEFINITIONAL_REPRESENTATION('',(#2378),#2381);
#2378 = B_SPLINE_CURVE_WITH_KNOTS('',1,(#2379,#2380),.UNSPECIFIED.,.F.,
  .F.,(2,2),(-136.0742501904,-104.5225977354),.PIECEWISE_BEZIER_KNOTS.);
#2379 = CARTESIAN_POINT('',(221.95791066414,194.47417696332));
#2380 = CARTESIAN_POINT('',(203.41231466565,220.));
#2381 = ( GEOMETRIC_REPRESENTATION_CONTEXT(2) 
PARAMETRIC_REPRESENTATION_CONTEXT() REPRESENTATION_CONTEXT('2D SPACE',''
  ) );
#2382 = ORIENTED_EDGE('',*,*,#2383,.T.);
#2383 = EDGE_CURVE('',#2363,#1394,#2384,.T.);
#2384 = SURFACE_CURVE('',#2385,(#2389,#2395),.PCURVE_S1.);
#2385 = LINE('',#2386,#2387);
#2386 = CARTESIAN_POINT('',(-220.,-25.52582303667,-4.263256414561E-14));
#2387 = VECTOR('',#2388,1.);
#2388 = DIRECTION('',(-1.,-0.,0.));
#2389 = PCURVE('',#661,#2390);
#2390 = DEFINITIONAL_REPRESENTATION('',(#2391),#2394);
#2391 = B_SPLINE_CURVE_WITH_KNOTS('',1,(#2392,#2393),.UNSPECIFIED.,.F.,
  .F.,(2,2),(-330.,-204.2241737725),.PIECEWISE_BEZIER_KNOTS.);
#2392 = CARTESIAN_POINT('',(206.58028066717,330.));
#2393 = CARTESIAN_POINT('',(206.58028066717,204.22417377251));
#2394 = ( GEOMETRIC_REPRESENTATION_CONTEXT(2) 
PARAMETRIC_REPRESENTATION_CONTEXT() REPRESENTATION_CONTEXT('2D SPACE',''
  ) );
#2395 = PCURVE('',#1429,#2396);
#2396 = DEFINITIONAL_REPRESENTATION('',(#2397),#2400);
#2397 = B_SPLINE_CURVE_WITH_KNOTS('',1,(#2398,#2399),.UNSPECIFIED.,.F.,
  .F.,(2,2),(-330.,-204.2241737725),.PIECEWISE_BEZIER_KNOTS.);
#2398 = CARTESIAN_POINT('',(233.41971933282,330.));
#2399 = CARTESIAN_POINT('',(233.41971933282,204.22417377251));
#2400 = ( GEOMETRIC_REPRESENTATION_CONTEXT(2) 
PARAMETRIC_REPRESENTATION_CONTEXT() REPRESENTATION_CONTEXT('2D SPACE',''
  ) );
#2401 = ORIENTED_EDGE('',*,*,#1393,.T.);
#2402 = FACE_BOUND('',#2403,.T.);
#2403 = EDGE_LOOP('',(#2404,#2432,#2458,#2484));
#2404 = ORIENTED_EDGE('',*,*,#2405,.T.);
#2405 = EDGE_CURVE('',#2406,#2408,#2410,.T.);
#2406 = VERTEX_POINT('',#2407);
#2407 = CARTESIAN_POINT('',(-4.125,-16.30201823001,-14.92442968278));
#2408 = VERTEX_POINT('',#2409);
#2409 = CARTESIAN_POINT('',(-4.125,-20.63929990499,-7.906560513876));
#2410 = SURFACE_CURVE('',#2411,(#2415,#2421),.PCURVE_S1.);
#2411 = LINE('',#2412,#2413);
#2412 = CARTESIAN_POINT('',(-4.125,-77.38540181935,83.910561112623));
#2413 = VECTOR('',#2414,1.);
#2414 = DIRECTION('',(0.,-0.525731112119,0.850650808352));
#2415 = PCURVE('',#661,#2416);
#2416 = DEFINITIONAL_REPRESENTATION('',(#2417),#2420);
#2417 = B_SPLINE_CURVE_WITH_KNOTS('',1,(#2418,#2419),.UNSPECIFIED.,.F.,
  .F.,(2,2),(-116.1875,-107.9375),.PIECEWISE_BEZIER_KNOTS.);
#2418 = CARTESIAN_POINT('',(224.125,215.875));
#2419 = CARTESIAN_POINT('',(215.875,215.875));
#2420 = ( GEOMETRIC_REPRESENTATION_CONTEXT(2) 
PARAMETRIC_REPRESENTATION_CONTEXT() REPRESENTATION_CONTEXT('2D SPACE',''
  ) );
#2421 = PCURVE('',#2422,#2427);
#2422 = PLANE('',#2423);
#2423 = AXIS2_PLACEMENT_3D('',#2424,#2425,#2426);
#2424 = CARTESIAN_POINT('',(-4.125,-5.327585354657,1.556599504269));
#2425 = DIRECTION('',(1.,0.,0.));
#2426 = DIRECTION('',(0.,-0.850650808352,-0.525731112119));
#2427 = DEFINITIONAL_REPRESENTATION('',(#2428),#2431);
#2428 = B_SPLINE_CURVE_WITH_KNOTS('',1,(#2429,#2430),.UNSPECIFIED.,.F.,
  .F.,(2,2),(-116.1875,-107.9375),.PIECEWISE_BEZIER_KNOTS.);
#2429 = CARTESIAN_POINT('',(18.,8.25));
#2430 = CARTESIAN_POINT('',(18.,0.));
#2431 = ( GEOMETRIC_REPRESENTATION_CONTEXT(2) 
PARAMETRIC_REPRESENTATION_CONTEXT() REPRESENTATION_CONTEXT('2D SPACE',''
  ) );
#2432 = ORIENTED_EDGE('',*,*,#2433,.T.);
#2433 = EDGE_CURVE('',#2408,#2434,#2436,.T.);
#2434 = VERTEX_POINT('',#2435);
#2435 = CARTESIAN_POINT('',(4.125,-20.63929990499,-7.906560513876));
#2436 = SURFACE_CURVE('',#2437,(#2441,#2447),.PCURVE_S1.);
#2437 = LINE('',#2438,#2439);
#2438 = CARTESIAN_POINT('',(-112.0625,-20.63929990499,-7.906560513876));
#2439 = VECTOR('',#2440,1.);
#2440 = DIRECTION('',(1.,0.,0.));
#2441 = PCURVE('',#661,#2442);
#2442 = DEFINITIONAL_REPRESENTATION('',(#2443),#2446);
#2443 = B_SPLINE_CURVE_WITH_KNOTS('',1,(#2444,#2445),.UNSPECIFIED.,.F.,
  .F.,(2,2),(107.9375,116.1875),.PIECEWISE_BEZIER_KNOTS.);
#2444 = CARTESIAN_POINT('',(215.875,215.875));
#2445 = CARTESIAN_POINT('',(215.875,224.125));
#2446 = ( GEOMETRIC_REPRESENTATION_CONTEXT(2) 
PARAMETRIC_REPRESENTATION_CONTEXT() REPRESENTATION_CONTEXT('2D SPACE',''
  ) );
#2447 = PCURVE('',#2448,#2453);
#2448 = PLANE('',#2449);
#2449 = AXIS2_PLACEMENT_3D('',#2450,#2451,#2452);
#2450 = CARTESIAN_POINT('',(-4.125,-5.327585354657,1.556599504269));
#2451 = DIRECTION('',(0.,0.525731112119,-0.850650808352));
#2452 = DIRECTION('',(0.,-0.850650808352,-0.525731112119));
#2453 = DEFINITIONAL_REPRESENTATION('',(#2454),#2457);
#2454 = B_SPLINE_CURVE_WITH_KNOTS('',1,(#2455,#2456),.UNSPECIFIED.,.F.,
  .F.,(2,2),(107.9375,116.1875),.PIECEWISE_BEZIER_KNOTS.);
#2455 = CARTESIAN_POINT('',(18.,0.));
#2456 = CARTESIAN_POINT('',(18.,-8.25));
#2457 = ( GEOMETRIC_REPRESENTATION_CONTEXT(2) 
PARAMETRIC_REPRESENTATION_CONTEXT() REPRESENTATION_CONTEXT('2D SPACE',''
  ) );
#2458 = ORIENTED_EDGE('',*,*,#2459,.F.);
#2459 = EDGE_CURVE('',#2460,#2434,#2462,.T.);
#2460 = VERTEX_POINT('',#2461);
#2461 = CARTESIAN_POINT('',(4.125,-16.30201823001,-14.92442968278));
#2462 = SURFACE_CURVE('',#2463,(#2467,#2473),.PCURVE_S1.);
#2463 = LINE('',#2464,#2465);
#2464 = CARTESIAN_POINT('',(4.125,-77.38540181935,83.910561112623));
#2465 = VECTOR('',#2466,1.);
#2466 = DIRECTION('',(0.,-0.525731112119,0.850650808352));
#2467 = PCURVE('',#661,#2468);
#2468 = DEFINITIONAL_REPRESENTATION('',(#2469),#2472);
#2469 = B_SPLINE_CURVE_WITH_KNOTS('',1,(#2470,#2471),.UNSPECIFIED.,.F.,
  .F.,(2,2),(-116.1875,-107.9375),.PIECEWISE_BEZIER_KNOTS.);
#2470 = CARTESIAN_POINT('',(224.125,224.125));
#2471 = CARTESIAN_POINT('',(215.875,224.125));
#2472 = ( GEOMETRIC_REPRESENTATION_CONTEXT(2) 
PARAMETRIC_REPRESENTATION_CONTEXT() REPRESENTATION_CONTEXT('2D SPACE',''
  ) );
#2473 = PCURVE('',#2474,#2479);
#2474 = PLANE('',#2475);
#2475 = AXIS2_PLACEMENT_3D('',#2476,#2477,#2478);
#2476 = CARTESIAN_POINT('',(4.125,-5.327585354657,1.556599504269));
#2477 = DIRECTION('',(1.,0.,0.));
#2478 = DIRECTION('',(0.,-0.850650808352,-0.525731112119));
#2479 = DEFINITIONAL_REPRESENTATION('',(#2480),#2483);
#2480 = B_SPLINE_CURVE_WITH_KNOTS('',1,(#2481,#2482),.UNSPECIFIED.,.F.,
  .F.,(2,2),(-116.1875,-107.9375),.PIECEWISE_BEZIER_KNOTS.);
#2481 = CARTESIAN_POINT('',(18.,8.25));
#2482 = CARTESIAN_POINT('',(18.,0.));
#2483 = ( GEOMETRIC_REPRESENTATION_CONTEXT(2) 
PARAMETRIC_REPRESENTATION_CONTEXT() REPRESENTATION_CONTEXT('2D SPACE',''
  ) );
#2484 = ORIENTED_EDGE('',*,*,#2485,.F.);
#2485 = EDGE_CURVE('',#2406,#2460,#2486,.T.);
#2486 = SURFACE_CURVE('',#2487,(#2491,#2497),.PCURVE_S1.);
#2487 = LINE('',#2488,#2489);
#2488 = CARTESIAN_POINT('',(-112.0625,-16.30201823001,-14.92442968278));
#2489 = VECTOR('',#2490,1.);
#2490 = DIRECTION('',(1.,0.,0.));
#2491 = PCURVE('',#661,#2492);
#2492 = DEFINITIONAL_REPRESENTATION('',(#2493),#2496);
#2493 = B_SPLINE_CURVE_WITH_KNOTS('',1,(#2494,#2495),.UNSPECIFIED.,.F.,
  .F.,(2,2),(107.9375,116.1875),.PIECEWISE_BEZIER_KNOTS.);
#2494 = CARTESIAN_POINT('',(224.125,215.875));
#2495 = CARTESIAN_POINT('',(224.125,224.125));
#2496 = ( GEOMETRIC_REPRESENTATION_CONTEXT(2) 
PARAMETRIC_REPRESENTATION_CONTEXT() REPRESENTATION_CONTEXT('2D SPACE',''
  ) );
#2497 = PCURVE('',#2498,#2503);
#2498 = PLANE('',#2499);
#2499 = AXIS2_PLACEMENT_3D('',#2500,#2501,#2502);
#2500 = CARTESIAN_POINT('',(-4.125,-0.990303679674,-5.461269664636));
#2501 = DIRECTION('',(0.,0.525731112119,-0.850650808352));
#2502 = DIRECTION('',(0.,-0.850650808352,-0.525731112119));
#2503 = DEFINITIONAL_REPRESENTATION('',(#2504),#2507);
#2504 = B_SPLINE_CURVE_WITH_KNOTS('',1,(#2505,#2506),.UNSPECIFIED.,.F.,
  .F.,(2,2),(107.9375,116.1875),.PIECEWISE_BEZIER_KNOTS.);
#2505 = CARTESIAN_POINT('',(18.,0.));
#2506 = CARTESIAN_POINT('',(18.,-8.25));
#2507 = ( GEOMETRIC_REPRESENTATION_CONTEXT(2) 
PARAMETRIC_REPRESENTATION_CONTEXT() REPRESENTATION_CONTEXT('2D SPACE',''
  ) );
#2508 = ADVANCED_FACE('',(#2509),#731,.T.);
#2509 = FACE_BOUND('',#2510,.T.);
#2510 = EDGE_LOOP('',(#2511,#2532,#2533,#2561,#2582));
#2511 = ORIENTED_EDGE('',*,*,#2512,.F.);
#2512 = EDGE_CURVE('',#1753,#715,#2513,.T.);
#2513 = SURFACE_CURVE('',#2514,(#2518,#2525),.PCURVE_S1.);
#2514 = LINE('',#2515,#2516);
#2515 = CARTESIAN_POINT('',(-23.47868364482,1.484851943866,
    -9.839628028484));
#2516 = VECTOR('',#2517,1.);
#2517 = DIRECTION('',(-0.525731112119,0.,-0.850650808352));
#2518 = PCURVE('',#731,#2519);
#2519 = DEFINITIONAL_REPRESENTATION('',(#2520),#2524);
#2520 = LINE('',#2521,#2522);
#2521 = CARTESIAN_POINT('',(0.,19.8));
#2522 = VECTOR('',#2523,1.);
#2523 = DIRECTION('',(1.,0.));
#2524 = ( GEOMETRIC_REPRESENTATION_CONTEXT(2) 
PARAMETRIC_REPRESENTATION_CONTEXT() REPRESENTATION_CONTEXT('2D SPACE',''
  ) );
#2525 = PCURVE('',#807,#2526);
#2526 = DEFINITIONAL_REPRESENTATION('',(#2527),#2531);
#2527 = LINE('',#2528,#2529);
#2528 = CARTESIAN_POINT('',(0.,0.));
#2529 = VECTOR('',#2530,1.);
#2530 = DIRECTION('',(1.,0.));
#2531 = ( GEOMETRIC_REPRESENTATION_CONTEXT(2) 
PARAMETRIC_REPRESENTATION_CONTEXT() REPRESENTATION_CONTEXT('2D SPACE',''
  ) );
#2532 = ORIENTED_EDGE('',*,*,#1752,.T.);
#2533 = ORIENTED_EDGE('',*,*,#2534,.F.);
#2534 = EDGE_CURVE('',#2535,#1723,#2537,.T.);
#2535 = VERTEX_POINT('',#2536);
#2536 = CARTESIAN_POINT('',(-13.57868364482,-14.53368454475,
    -15.9581645171));
#2537 = SURFACE_CURVE('',#2538,(#2542,#2549),.PCURVE_S1.);
#2538 = LINE('',#2539,#2540);
#2539 = CARTESIAN_POINT('',(-13.57868364482,-14.53368454475,
    -15.9581645171));
#2540 = VECTOR('',#2541,1.);
#2541 = DIRECTION('',(-0.5,0.809016994375,0.309016994375));
#2542 = PCURVE('',#731,#2543);
#2543 = DEFINITIONAL_REPRESENTATION('',(#2544),#2548);
#2544 = LINE('',#2545,#2546);
#2545 = CARTESIAN_POINT('',(0.,0.));
#2546 = VECTOR('',#2547,1.);
#2547 = DIRECTION('',(0.,1.));
#2548 = ( GEOMETRIC_REPRESENTATION_CONTEXT(2) 
PARAMETRIC_REPRESENTATION_CONTEXT() REPRESENTATION_CONTEXT('2D SPACE',''
  ) );
#2549 = PCURVE('',#2550,#2555);
#2550 = PLANE('',#2551);
#2551 = AXIS2_PLACEMENT_3D('',#2552,#2553,#2554);
#2552 = CARTESIAN_POINT('',(-13.57868364482,-14.53368454475,
    -15.9581645171));
#2553 = DIRECTION('',(-0.525731112119,0.,-0.850650808352));
#2554 = DIRECTION('',(-0.5,0.809016994375,0.309016994375));
#2555 = DEFINITIONAL_REPRESENTATION('',(#2556),#2560);
#2556 = LINE('',#2557,#2558);
#2557 = CARTESIAN_POINT('',(0.,0.));
#2558 = VECTOR('',#2559,1.);
#2559 = DIRECTION('',(1.,0.));
#2560 = ( GEOMETRIC_REPRESENTATION_CONTEXT(2) 
PARAMETRIC_REPRESENTATION_CONTEXT() REPRESENTATION_CONTEXT('2D SPACE',''
  ) );
#2561 = ORIENTED_EDGE('',*,*,#2562,.T.);
#2562 = EDGE_CURVE('',#2535,#717,#2563,.T.);
#2563 = SURFACE_CURVE('',#2564,(#2568,#2575),.PCURVE_S1.);
#2564 = LINE('',#2565,#2566);
#2565 = CARTESIAN_POINT('',(-13.57868364482,-14.53368454475,
    -15.9581645171));
#2566 = VECTOR('',#2567,1.);
#2567 = DIRECTION('',(-0.525731112119,0.,-0.850650808352));
#2568 = PCURVE('',#731,#2569);
#2569 = DEFINITIONAL_REPRESENTATION('',(#2570),#2574);
#2570 = LINE('',#2571,#2572);
#2571 = CARTESIAN_POINT('',(0.,0.));
#2572 = VECTOR('',#2573,1.);
#2573 = DIRECTION('',(1.,0.));
#2574 = ( GEOMETRIC_REPRESENTATION_CONTEXT(2) 
PARAMETRIC_REPRESENTATION_CONTEXT() REPRESENTATION_CONTEXT('2D SPACE',''
  ) );
#2575 = PCURVE('',#757,#2576);
#2576 = DEFINITIONAL_REPRESENTATION('',(#2577),#2581);
#2577 = LINE('',#2578,#2579);
#2578 = CARTESIAN_POINT('',(0.,0.));
#2579 = VECTOR('',#2580,1.);
#2580 = DIRECTION('',(1.,0.));
#2581 = ( GEOMETRIC_REPRESENTATION_CONTEXT(2) 
PARAMETRIC_REPRESENTATION_CONTEXT() REPRESENTATION_CONTEXT('2D SPACE',''
  ) );
#2582 = ORIENTED_EDGE('',*,*,#714,.F.);
#2583 = ADVANCED_FACE('',(#2584),#807,.F.);
#2584 = FACE_BOUND('',#2585,.F.);
#2585 = EDGE_LOOP('',(#2586,#2587,#2588,#2609,#2610,#2631));
#2586 = ORIENTED_EDGE('',*,*,#2512,.F.);
#2587 = ORIENTED_EDGE('',*,*,#1918,.T.);
#2588 = ORIENTED_EDGE('',*,*,#2589,.T.);
#2589 = EDGE_CURVE('',#1919,#1347,#2590,.T.);
#2590 = SURFACE_CURVE('',#2591,(#2595,#2602),.PCURVE_S1.);
#2591 = LINE('',#2592,#2593);
#2592 = CARTESIAN_POINT('',(-23.47868364482,1.484851943866,
    -9.839628028484));
#2593 = VECTOR('',#2594,1.);
#2594 = DIRECTION('',(0.688190960236,0.587785252292,-0.425325404176));
#2595 = PCURVE('',#807,#2596);
#2596 = DEFINITIONAL_REPRESENTATION('',(#2597),#2601);
#2597 = LINE('',#2598,#2599);
#2598 = CARTESIAN_POINT('',(0.,0.));
#2599 = VECTOR('',#2600,1.);
#2600 = DIRECTION('',(0.,-1.));
#2601 = ( GEOMETRIC_REPRESENTATION_CONTEXT(2) 
PARAMETRIC_REPRESENTATION_CONTEXT() REPRESENTATION_CONTEXT('2D SPACE',''
  ) );
#2602 = PCURVE('',#2550,#2603);
#2603 = DEFINITIONAL_REPRESENTATION('',(#2604),#2608);
#2604 = LINE('',#2605,#2606);
#2605 = CARTESIAN_POINT('',(19.8,0.));
#2606 = VECTOR('',#2607,1.);
#2607 = DIRECTION('',(0.,1.));
#2608 = ( GEOMETRIC_REPRESENTATION_CONTEXT(2) 
PARAMETRIC_REPRESENTATION_CONTEXT() REPRESENTATION_CONTEXT('2D SPACE',''
  ) );
#2609 = ORIENTED_EDGE('',*,*,#1369,.T.);
#2610 = ORIENTED_EDGE('',*,*,#2611,.T.);
#2611 = EDGE_CURVE('',#1299,#769,#2612,.T.);
#2612 = SURFACE_CURVE('',#2613,(#2617,#2624),.PCURVE_S1.);
#2613 = LINE('',#2614,#2615);
#2614 = CARTESIAN_POINT('',(-9.852502632159,13.122999939256,
    -18.26107103116));
#2615 = VECTOR('',#2616,1.);
#2616 = DIRECTION('',(-0.525731112119,0.,-0.850650808352));
#2617 = PCURVE('',#807,#2618);
#2618 = DEFINITIONAL_REPRESENTATION('',(#2619),#2623);
#2619 = LINE('',#2620,#2621);
#2620 = CARTESIAN_POINT('',(0.,-19.8));
#2621 = VECTOR('',#2622,1.);
#2622 = DIRECTION('',(1.,0.));
#2623 = ( GEOMETRIC_REPRESENTATION_CONTEXT(2) 
PARAMETRIC_REPRESENTATION_CONTEXT() REPRESENTATION_CONTEXT('2D SPACE',''
  ) );
#2624 = PCURVE('',#783,#2625);
#2625 = DEFINITIONAL_REPRESENTATION('',(#2626),#2630);
#2626 = LINE('',#2627,#2628);
#2627 = CARTESIAN_POINT('',(0.,19.8));
#2628 = VECTOR('',#2629,1.);
#2629 = DIRECTION('',(1.,0.));
#2630 = ( GEOMETRIC_REPRESENTATION_CONTEXT(2) 
PARAMETRIC_REPRESENTATION_CONTEXT() REPRESENTATION_CONTEXT('2D SPACE',''
  ) );
#2631 = ORIENTED_EDGE('',*,*,#794,.F.);
#2632 = ADVANCED_FACE('',(#2633),#783,.F.);
#2633 = FACE_BOUND('',#2634,.F.);
#2634 = EDGE_LOOP('',(#2635,#2636,#2637,#2660,#2681));
#2635 = ORIENTED_EDGE('',*,*,#2611,.F.);
#2636 = ORIENTED_EDGE('',*,*,#1298,.F.);
#2637 = ORIENTED_EDGE('',*,*,#2638,.F.);
#2638 = EDGE_CURVE('',#2639,#1276,#2641,.T.);
#2639 = VERTEX_POINT('',#2640);
#2640 = CARTESIAN_POINT('',(4.749736784096E-02,-2.895536549367,
    -24.37960751979));
#2641 = SURFACE_CURVE('',#2642,(#2646,#2653),.PCURVE_S1.);
#2642 = LINE('',#2643,#2644);
#2643 = CARTESIAN_POINT('',(4.749736784096E-02,-2.895536549367,
    -24.37960751979));
#2644 = VECTOR('',#2645,1.);
#2645 = DIRECTION('',(-0.5,0.809016994375,0.309016994375));
#2646 = PCURVE('',#783,#2647);
#2647 = DEFINITIONAL_REPRESENTATION('',(#2648),#2652);
#2648 = LINE('',#2649,#2650);
#2649 = CARTESIAN_POINT('',(0.,0.));
#2650 = VECTOR('',#2651,1.);
#2651 = DIRECTION('',(0.,1.));
#2652 = ( GEOMETRIC_REPRESENTATION_CONTEXT(2) 
PARAMETRIC_REPRESENTATION_CONTEXT() REPRESENTATION_CONTEXT('2D SPACE',''
  ) );
#2653 = PCURVE('',#2550,#2654);
#2654 = DEFINITIONAL_REPRESENTATION('',(#2655),#2659);
#2655 = LINE('',#2656,#2657);
#2656 = CARTESIAN_POINT('',(0.,19.8));
#2657 = VECTOR('',#2658,1.);
#2658 = DIRECTION('',(1.,0.));
#2659 = ( GEOMETRIC_REPRESENTATION_CONTEXT(2) 
PARAMETRIC_REPRESENTATION_CONTEXT() REPRESENTATION_CONTEXT('2D SPACE',''
  ) );
#2660 = ORIENTED_EDGE('',*,*,#2661,.T.);
#2661 = EDGE_CURVE('',#2639,#743,#2662,.T.);
#2662 = SURFACE_CURVE('',#2663,(#2667,#2674),.PCURVE_S1.);
#2663 = LINE('',#2664,#2665);
#2664 = CARTESIAN_POINT('',(4.749736784096E-02,-2.895536549367,
    -24.37960751979));
#2665 = VECTOR('',#2666,1.);
#2666 = DIRECTION('',(-0.525731112119,0.,-0.850650808352));
#2667 = PCURVE('',#783,#2668);
#2668 = DEFINITIONAL_REPRESENTATION('',(#2669),#2673);
#2669 = LINE('',#2670,#2671);
#2670 = CARTESIAN_POINT('',(0.,0.));
#2671 = VECTOR('',#2672,1.);
#2672 = DIRECTION('',(1.,0.));
#2673 = ( GEOMETRIC_REPRESENTATION_CONTEXT(2) 
PARAMETRIC_REPRESENTATION_CONTEXT() REPRESENTATION_CONTEXT('2D SPACE',''
  ) );
#2674 = PCURVE('',#757,#2675);
#2675 = DEFINITIONAL_REPRESENTATION('',(#2676),#2680);
#2676 = LINE('',#2677,#2678);
#2677 = CARTESIAN_POINT('',(0.,-19.8));
#2678 = VECTOR('',#2679,1.);
#2679 = DIRECTION('',(1.,0.));
#2680 = ( GEOMETRIC_REPRESENTATION_CONTEXT(2) 
PARAMETRIC_REPRESENTATION_CONTEXT() REPRESENTATION_CONTEXT('2D SPACE',''
  ) );
#2681 = ORIENTED_EDGE('',*,*,#768,.F.);
#2682 = ADVANCED_FACE('',(#2683),#757,.T.);
#2683 = FACE_BOUND('',#2684,.T.);
#2684 = EDGE_LOOP('',(#2685,#2686,#2707,#2708));
#2685 = ORIENTED_EDGE('',*,*,#2562,.F.);
#2686 = ORIENTED_EDGE('',*,*,#2687,.T.);
#2687 = EDGE_CURVE('',#2535,#2639,#2688,.T.);
#2688 = SURFACE_CURVE('',#2689,(#2693,#2700),.PCURVE_S1.);
#2689 = LINE('',#2690,#2691);
#2690 = CARTESIAN_POINT('',(-13.57868364482,-14.53368454475,
    -15.9581645171));
#2691 = VECTOR('',#2692,1.);
#2692 = DIRECTION('',(0.688190960236,0.587785252292,-0.425325404176));
#2693 = PCURVE('',#757,#2694);
#2694 = DEFINITIONAL_REPRESENTATION('',(#2695),#2699);
#2695 = LINE('',#2696,#2697);
#2696 = CARTESIAN_POINT('',(0.,0.));
#2697 = VECTOR('',#2698,1.);
#2698 = DIRECTION('',(0.,-1.));
#2699 = ( GEOMETRIC_REPRESENTATION_CONTEXT(2) 
PARAMETRIC_REPRESENTATION_CONTEXT() REPRESENTATION_CONTEXT('2D SPACE',''
  ) );
#2700 = PCURVE('',#2550,#2701);
#2701 = DEFINITIONAL_REPRESENTATION('',(#2702),#2706);
#2702 = LINE('',#2703,#2704);
#2703 = CARTESIAN_POINT('',(0.,0.));
#2704 = VECTOR('',#2705,1.);
#2705 = DIRECTION('',(0.,1.));
#2706 = ( GEOMETRIC_REPRESENTATION_CONTEXT(2) 
PARAMETRIC_REPRESENTATION_CONTEXT() REPRESENTATION_CONTEXT('2D SPACE',''
  ) );
#2707 = ORIENTED_EDGE('',*,*,#2661,.T.);
#2708 = ORIENTED_EDGE('',*,*,#742,.F.);
#2709 = ADVANCED_FACE('',(#2710,#2735),#859,.T.);
#2710 = FACE_BOUND('',#2711,.T.);
#2711 = EDGE_LOOP('',(#2712,#2713,#2714,#2715,#2734));
#2712 = ORIENTED_EDGE('',*,*,#1001,.F.);
#2713 = ORIENTED_EDGE('',*,*,#844,.T.);
#2714 = ORIENTED_EDGE('',*,*,#1988,.T.);
#2715 = ORIENTED_EDGE('',*,*,#2716,.F.);
#2716 = EDGE_CURVE('',#2363,#1968,#2717,.T.);
#2717 = SURFACE_CURVE('',#2718,(#2722,#2728),.PCURVE_S1.);
#2718 = LINE('',#2719,#2720);
#2719 = CARTESIAN_POINT('',(-12.8928844351,-62.16277449317,
    -59.27983270079));
#2720 = VECTOR('',#2721,1.);
#2721 = DIRECTION('',(0.309016994375,0.5,0.809016994375));
#2722 = PCURVE('',#859,#2723);
#2723 = DEFINITIONAL_REPRESENTATION('',(#2724),#2727);
#2724 = B_SPLINE_CURVE_WITH_KNOTS('',1,(#2725,#2726),.UNSPECIFIED.,.F.,
  .F.,(2,2),(73.273902912998,188.85807784298),.PIECEWISE_BEZIER_KNOTS.);
#2725 = CARTESIAN_POINT('',(203.41231466565,220.));
#2726 = CARTESIAN_POINT('',(271.35098808789,313.50956179916));
#2727 = ( GEOMETRIC_REPRESENTATION_CONTEXT(2) 
PARAMETRIC_REPRESENTATION_CONTEXT() REPRESENTATION_CONTEXT('2D SPACE',''
  ) );
#2728 = PCURVE('',#1429,#2729);
#2729 = DEFINITIONAL_REPRESENTATION('',(#2730),#2733);
#2730 = B_SPLINE_CURVE_WITH_KNOTS('',1,(#2731,#2732),.UNSPECIFIED.,.F.,
  .F.,(2,2),(73.273902912998,188.85807784298),.PIECEWISE_BEZIER_KNOTS.);
#2731 = CARTESIAN_POINT('',(233.41971933282,229.74999680919));
#2732 = CARTESIAN_POINT('',(123.49263658506,265.46747114336));
#2733 = ( GEOMETRIC_REPRESENTATION_CONTEXT(2) 
PARAMETRIC_REPRESENTATION_CONTEXT() REPRESENTATION_CONTEXT('2D SPACE',''
  ) );
#2734 = ORIENTED_EDGE('',*,*,#2362,.F.);
#2735 = FACE_BOUND('',#2736,.T.);
#2736 = EDGE_LOOP('',(#2737,#2765,#2791,#2817));
#2737 = ORIENTED_EDGE('',*,*,#2738,.T.);
#2738 = EDGE_CURVE('',#2739,#2741,#2743,.T.);
#2739 = VERTEX_POINT('',#2740);
#2740 = CARTESIAN_POINT('',(24.306274412025,-1.97327112562,9.9));
#2741 = VERTEX_POINT('',#2742);
#2742 = CARTESIAN_POINT('',(24.306274412025,-1.97327112562,-9.9));
#2743 = SURFACE_CURVE('',#2744,(#2748,#2754),.PCURVE_S1.);
#2744 = LINE('',#2745,#2746);
#2745 = CARTESIAN_POINT('',(24.306274412025,-1.97327112562,-114.95));
#2746 = VECTOR('',#2747,1.);
#2747 = DIRECTION('',(0.,-0.,-1.));
#2748 = PCURVE('',#859,#2749);
#2749 = DEFINITIONAL_REPRESENTATION('',(#2750),#2753);
#2750 = B_SPLINE_CURVE_WITH_KNOTS('',1,(#2751,#2752),.UNSPECIFIED.,.F.,
  .F.,(2,2),(-124.85,-105.05),.PIECEWISE_BEZIER_KNOTS.);
#2751 = CARTESIAN_POINT('',(231.1,229.9));
#2752 = CARTESIAN_POINT('',(231.1,210.1));
#2753 = ( GEOMETRIC_REPRESENTATION_CONTEXT(2) 
PARAMETRIC_REPRESENTATION_CONTEXT() REPRESENTATION_CONTEXT('2D SPACE',''
  ) );
#2754 = PCURVE('',#2755,#2760);
#2755 = PLANE('',#2756);
#2756 = AXIS2_PLACEMENT_3D('',#2757,#2758,#2759);
#2757 = CARTESIAN_POINT('',(23.455623603672,-1.447540013501,-9.9));
#2758 = DIRECTION('',(-0.525731112119,-0.850650808352,0.));
#2759 = DIRECTION('',(0.850650808352,-0.525731112119,0.));
#2760 = DEFINITIONAL_REPRESENTATION('',(#2761),#2764);
#2761 = B_SPLINE_CURVE_WITH_KNOTS('',1,(#2762,#2763),.UNSPECIFIED.,.F.,
  .F.,(2,2),(-124.85,-105.05),.PIECEWISE_BEZIER_KNOTS.);
#2762 = CARTESIAN_POINT('',(1.,19.8));
#2763 = CARTESIAN_POINT('',(1.,0.));
#2764 = ( GEOMETRIC_REPRESENTATION_CONTEXT(2) 
PARAMETRIC_REPRESENTATION_CONTEXT() REPRESENTATION_CONTEXT('2D SPACE',''
  ) );
#2765 = ORIENTED_EDGE('',*,*,#2766,.T.);
#2766 = EDGE_CURVE('',#2741,#2767,#2769,.T.);
#2767 = VERTEX_POINT('',#2768);
#2768 = CARTESIAN_POINT('',(13.896798392066,-18.81615713099,-9.9));
#2769 = SURFACE_CURVE('',#2770,(#2774,#2780),.PCURVE_S1.);
#2770 = LINE('',#2771,#2772);
#2771 = CARTESIAN_POINT('',(-36.44195559334,-100.2659720306,-9.9));
#2772 = VECTOR('',#2773,1.);
#2773 = DIRECTION('',(-0.525731112119,-0.850650808352,0.));
#2774 = PCURVE('',#859,#2775);
#2775 = DEFINITIONAL_REPRESENTATION('',(#2776),#2779);
#2776 = B_SPLINE_CURVE_WITH_KNOTS('',1,(#2777,#2778),.UNSPECIFIED.,.F.,
  .F.,(2,2),(-115.55,-95.75),.PIECEWISE_BEZIER_KNOTS.);
#2777 = CARTESIAN_POINT('',(231.1,210.1));
#2778 = CARTESIAN_POINT('',(211.3,210.1));
#2779 = ( GEOMETRIC_REPRESENTATION_CONTEXT(2) 
PARAMETRIC_REPRESENTATION_CONTEXT() REPRESENTATION_CONTEXT('2D SPACE',''
  ) );
#2780 = PCURVE('',#2781,#2786);
#2781 = PLANE('',#2782);
#2782 = AXIS2_PLACEMENT_3D('',#2783,#2784,#2785);
#2783 = CARTESIAN_POINT('',(23.455623603672,-1.447540013501,-9.9));
#2784 = DIRECTION('',(0.,0.,1.));
#2785 = DIRECTION('',(0.850650808352,-0.525731112119,0.));
#2786 = DEFINITIONAL_REPRESENTATION('',(#2787),#2790);
#2787 = B_SPLINE_CURVE_WITH_KNOTS('',1,(#2788,#2789),.UNSPECIFIED.,.F.,
  .F.,(2,2),(-115.55,-95.75),.PIECEWISE_BEZIER_KNOTS.);
#2788 = CARTESIAN_POINT('',(1.,0.));
#2789 = CARTESIAN_POINT('',(1.,-19.8));
#2790 = ( GEOMETRIC_REPRESENTATION_CONTEXT(2) 
PARAMETRIC_REPRESENTATION_CONTEXT() REPRESENTATION_CONTEXT('2D SPACE',''
  ) );
#2791 = ORIENTED_EDGE('',*,*,#2792,.F.);
#2792 = EDGE_CURVE('',#2793,#2767,#2795,.T.);
#2793 = VERTEX_POINT('',#2794);
#2794 = CARTESIAN_POINT('',(13.896798392066,-18.81615713099,9.9));
#2795 = SURFACE_CURVE('',#2796,(#2800,#2806),.PCURVE_S1.);
#2796 = LINE('',#2797,#2798);
#2797 = CARTESIAN_POINT('',(13.896798392066,-18.81615713099,-114.95));
#2798 = VECTOR('',#2799,1.);
#2799 = DIRECTION('',(0.,-0.,-1.));
#2800 = PCURVE('',#859,#2801);
#2801 = DEFINITIONAL_REPRESENTATION('',(#2802),#2805);
#2802 = B_SPLINE_CURVE_WITH_KNOTS('',1,(#2803,#2804),.UNSPECIFIED.,.F.,
  .F.,(2,2),(-124.85,-105.05),.PIECEWISE_BEZIER_KNOTS.);
#2803 = CARTESIAN_POINT('',(211.3,229.9));
#2804 = CARTESIAN_POINT('',(211.3,210.1));
#2805 = ( GEOMETRIC_REPRESENTATION_CONTEXT(2) 
PARAMETRIC_REPRESENTATION_CONTEXT() REPRESENTATION_CONTEXT('2D SPACE',''
  ) );
#2806 = PCURVE('',#2807,#2812);
#2807 = PLANE('',#2808);
#2808 = AXIS2_PLACEMENT_3D('',#2809,#2810,#2811);
#2809 = CARTESIAN_POINT('',(13.046147583714,-18.29042601887,-9.9));
#2810 = DIRECTION('',(-0.525731112119,-0.850650808352,0.));
#2811 = DIRECTION('',(0.850650808352,-0.525731112119,0.));
#2812 = DEFINITIONAL_REPRESENTATION('',(#2813),#2816);
#2813 = B_SPLINE_CURVE_WITH_KNOTS('',1,(#2814,#2815),.UNSPECIFIED.,.F.,
  .F.,(2,2),(-124.85,-105.05),.PIECEWISE_BEZIER_KNOTS.);
#2814 = CARTESIAN_POINT('',(1.,19.8));
#2815 = CARTESIAN_POINT('',(1.,0.));
#2816 = ( GEOMETRIC_REPRESENTATION_CONTEXT(2) 
PARAMETRIC_REPRESENTATION_CONTEXT() REPRESENTATION_CONTEXT('2D SPACE',''
  ) );
#2817 = ORIENTED_EDGE('',*,*,#2818,.F.);
#2818 = EDGE_CURVE('',#2739,#2793,#2819,.T.);
#2819 = SURFACE_CURVE('',#2820,(#2824,#2830),.PCURVE_S1.);
#2820 = LINE('',#2821,#2822);
#2821 = CARTESIAN_POINT('',(-36.44195559334,-100.2659720306,9.9));
#2822 = VECTOR('',#2823,1.);
#2823 = DIRECTION('',(-0.525731112119,-0.850650808352,0.));
#2824 = PCURVE('',#859,#2825);
#2825 = DEFINITIONAL_REPRESENTATION('',(#2826),#2829);
#2826 = B_SPLINE_CURVE_WITH_KNOTS('',1,(#2827,#2828),.UNSPECIFIED.,.F.,
  .F.,(2,2),(-115.55,-95.75),.PIECEWISE_BEZIER_KNOTS.);
#2827 = CARTESIAN_POINT('',(231.1,229.9));
#2828 = CARTESIAN_POINT('',(211.3,229.9));
#2829 = ( GEOMETRIC_REPRESENTATION_CONTEXT(2) 
PARAMETRIC_REPRESENTATION_CONTEXT() REPRESENTATION_CONTEXT('2D SPACE',''
  ) );
#2830 = PCURVE('',#2831,#2836);
#2831 = PLANE('',#2832);
#2832 = AXIS2_PLACEMENT_3D('',#2833,#2834,#2835);
#2833 = CARTESIAN_POINT('',(23.455623603672,-1.447540013501,9.9));
#2834 = DIRECTION('',(0.,0.,1.));
#2835 = DIRECTION('',(0.850650808352,-0.525731112119,0.));
#2836 = DEFINITIONAL_REPRESENTATION('',(#2837),#2840);
#2837 = B_SPLINE_CURVE_WITH_KNOTS('',1,(#2838,#2839),.UNSPECIFIED.,.F.,
  .F.,(2,2),(-115.55,-95.75),.PIECEWISE_BEZIER_KNOTS.);
#2838 = CARTESIAN_POINT('',(1.,0.));
#2839 = CARTESIAN_POINT('',(1.,-19.8));
#2840 = ( GEOMETRIC_REPRESENTATION_CONTEXT(2) 
PARAMETRIC_REPRESENTATION_CONTEXT() REPRESENTATION_CONTEXT('2D SPACE',''
  ) );
#2841 = ADVANCED_FACE('',(#2842),#908,.T.);
#2842 = FACE_BOUND('',#2843,.T.);
#2843 = EDGE_LOOP('',(#2844,#2872,#2893,#2894,#2915));
#2844 = ORIENTED_EDGE('',*,*,#2845,.F.);
#2845 = EDGE_CURVE('',#2846,#2141,#2848,.T.);
#2846 = VERTEX_POINT('',#2847);
#2847 = CARTESIAN_POINT('',(15.958164517108,13.578683644824,
    -14.53368454475));
#2848 = SURFACE_CURVE('',#2849,(#2853,#2860),.PCURVE_S1.);
#2849 = LINE('',#2850,#2851);
#2850 = CARTESIAN_POINT('',(15.958164517108,13.578683644824,
    -14.53368454475));
#2851 = VECTOR('',#2852,1.);
#2852 = DIRECTION('',(-0.309016994375,0.5,0.809016994375));
#2853 = PCURVE('',#908,#2854);
#2854 = DEFINITIONAL_REPRESENTATION('',(#2855),#2859);
#2855 = LINE('',#2856,#2857);
#2856 = CARTESIAN_POINT('',(0.,0.));
#2857 = VECTOR('',#2858,1.);
#2858 = DIRECTION('',(0.,1.));
#2859 = ( GEOMETRIC_REPRESENTATION_CONTEXT(2) 
PARAMETRIC_REPRESENTATION_CONTEXT() REPRESENTATION_CONTEXT('2D SPACE',''
  ) );
#2860 = PCURVE('',#2861,#2866);
#2861 = PLANE('',#2862);
#2862 = AXIS2_PLACEMENT_3D('',#2863,#2864,#2865);
#2863 = CARTESIAN_POINT('',(15.958164517108,13.578683644824,
    -14.53368454475));
#2864 = DIRECTION('',(0.850650808352,0.525731112119,0.));
#2865 = DIRECTION('',(-0.309016994375,0.5,0.809016994375));
#2866 = DEFINITIONAL_REPRESENTATION('',(#2867),#2871);
#2867 = LINE('',#2868,#2869);
#2868 = CARTESIAN_POINT('',(0.,0.));
#2869 = VECTOR('',#2870,1.);
#2870 = DIRECTION('',(1.,0.));
#2871 = ( GEOMETRIC_REPRESENTATION_CONTEXT(2) 
PARAMETRIC_REPRESENTATION_CONTEXT() REPRESENTATION_CONTEXT('2D SPACE',''
  ) );
#2872 = ORIENTED_EDGE('',*,*,#2873,.T.);
#2873 = EDGE_CURVE('',#2846,#894,#2874,.T.);
#2874 = SURFACE_CURVE('',#2875,(#2879,#2886),.PCURVE_S1.);
#2875 = LINE('',#2876,#2877);
#2876 = CARTESIAN_POINT('',(15.958164517108,13.578683644824,
    -14.53368454475));
#2877 = VECTOR('',#2878,1.);
#2878 = DIRECTION('',(0.850650808352,0.525731112119,0.));
#2879 = PCURVE('',#908,#2880);
#2880 = DEFINITIONAL_REPRESENTATION('',(#2881),#2885);
#2881 = LINE('',#2882,#2883);
#2882 = CARTESIAN_POINT('',(0.,0.));
#2883 = VECTOR('',#2884,1.);
#2884 = DIRECTION('',(1.,0.));
#2885 = ( GEOMETRIC_REPRESENTATION_CONTEXT(2) 
PARAMETRIC_REPRESENTATION_CONTEXT() REPRESENTATION_CONTEXT('2D SPACE',''
  ) );
#2886 = PCURVE('',#934,#2887);
#2887 = DEFINITIONAL_REPRESENTATION('',(#2888),#2892);
#2888 = LINE('',#2889,#2890);
#2889 = CARTESIAN_POINT('',(0.,0.));
#2890 = VECTOR('',#2891,1.);
#2891 = DIRECTION('',(1.,0.));
#2892 = ( GEOMETRIC_REPRESENTATION_CONTEXT(2) 
PARAMETRIC_REPRESENTATION_CONTEXT() REPRESENTATION_CONTEXT('2D SPACE',''
  ) );
#2893 = ORIENTED_EDGE('',*,*,#891,.F.);
#2894 = ORIENTED_EDGE('',*,*,#2895,.F.);
#2895 = EDGE_CURVE('',#2169,#892,#2896,.T.);
#2896 = SURFACE_CURVE('',#2897,(#2901,#2908),.PCURVE_S1.);
#2897 = LINE('',#2898,#2899);
#2898 = CARTESIAN_POINT('',(9.839628028484,23.478683644824,
    1.484851943866));
#2899 = VECTOR('',#2900,1.);
#2900 = DIRECTION('',(0.850650808352,0.525731112119,0.));
#2901 = PCURVE('',#908,#2902);
#2902 = DEFINITIONAL_REPRESENTATION('',(#2903),#2907);
#2903 = LINE('',#2904,#2905);
#2904 = CARTESIAN_POINT('',(0.,19.8));
#2905 = VECTOR('',#2906,1.);
#2906 = DIRECTION('',(1.,0.));
#2907 = ( GEOMETRIC_REPRESENTATION_CONTEXT(2) 
PARAMETRIC_REPRESENTATION_CONTEXT() REPRESENTATION_CONTEXT('2D SPACE',''
  ) );
#2908 = PCURVE('',#984,#2909);
#2909 = DEFINITIONAL_REPRESENTATION('',(#2910),#2914);
#2910 = LINE('',#2911,#2912);
#2911 = CARTESIAN_POINT('',(0.,0.));
#2912 = VECTOR('',#2913,1.);
#2913 = DIRECTION('',(1.,0.));
#2914 = ( GEOMETRIC_REPRESENTATION_CONTEXT(2) 
PARAMETRIC_REPRESENTATION_CONTEXT() REPRESENTATION_CONTEXT('2D SPACE',''
  ) );
#2915 = ORIENTED_EDGE('',*,*,#2168,.F.);
#2916 = ADVANCED_FACE('',(#2917),#984,.F.);
#2917 = FACE_BOUND('',#2918,.F.);
#2918 = EDGE_LOOP('',(#2919,#2920,#2921,#2944,#2965,#2986));
#2919 = ORIENTED_EDGE('',*,*,#2895,.F.);
#2920 = ORIENTED_EDGE('',*,*,#2313,.F.);
#2921 = ORIENTED_EDGE('',*,*,#2922,.T.);
#2922 = EDGE_CURVE('',#2314,#2923,#2925,.T.);
#2923 = VERTEX_POINT('',#2924);
#2924 = CARTESIAN_POINT('',(18.231716043468,9.9,13.082432343992));
#2925 = SURFACE_CURVE('',#2926,(#2930,#2937),.PCURVE_S1.);
#2926 = LINE('',#2927,#2928);
#2927 = CARTESIAN_POINT('',(9.839628028484,23.478683644824,
    1.484851943866));
#2928 = VECTOR('',#2929,1.);
#2929 = DIRECTION('',(0.425325404176,-0.688190960236,0.587785252292));
#2930 = PCURVE('',#984,#2931);
#2931 = DEFINITIONAL_REPRESENTATION('',(#2932),#2936);
#2932 = LINE('',#2933,#2934);
#2933 = CARTESIAN_POINT('',(0.,0.));
#2934 = VECTOR('',#2935,1.);
#2935 = DIRECTION('',(0.,-1.));
#2936 = ( GEOMETRIC_REPRESENTATION_CONTEXT(2) 
PARAMETRIC_REPRESENTATION_CONTEXT() REPRESENTATION_CONTEXT('2D SPACE',''
  ) );
#2937 = PCURVE('',#2861,#2938);
#2938 = DEFINITIONAL_REPRESENTATION('',(#2939),#2943);
#2939 = LINE('',#2940,#2941);
#2940 = CARTESIAN_POINT('',(19.8,0.));
#2941 = VECTOR('',#2942,1.);
#2942 = DIRECTION('',(0.,1.));
#2943 = ( GEOMETRIC_REPRESENTATION_CONTEXT(2) 
PARAMETRIC_REPRESENTATION_CONTEXT() REPRESENTATION_CONTEXT('2D SPACE',''
  ) );
#2944 = ORIENTED_EDGE('',*,*,#2945,.F.);
#2945 = EDGE_CURVE('',#2946,#2923,#2948,.T.);
#2946 = VERTEX_POINT('',#2947);
#2947 = CARTESIAN_POINT('',(18.337923386712,9.9,13.122999939256));
#2948 = SURFACE_CURVE('',#2949,(#2953,#2959),.PCURVE_S1.);
#2949 = LINE('',#2950,#2951);
#2950 = CARTESIAN_POINT('',(7.042265356823,9.9,8.808442497135));
#2951 = VECTOR('',#2952,1.);
#2952 = DIRECTION('',(-0.934172358963,-0.,-0.356822089773));
#2953 = PCURVE('',#984,#2954);
#2954 = DEFINITIONAL_REPRESENTATION('',(#2955),#2958);
#2955 = B_SPLINE_CURVE_WITH_KNOTS('',1,(#2956,#2957),.UNSPECIFIED.,.F.,
  .F.,(2,2),(-12.09162091076,-11.97792953226),.PIECEWISE_BEZIER_KNOTS.);
#2956 = CARTESIAN_POINT('',(9.034536238402E-02,-19.8));
#2957 = CARTESIAN_POINT('',(0.,-19.73098228459));
#2958 = ( GEOMETRIC_REPRESENTATION_CONTEXT(2) 
PARAMETRIC_REPRESENTATION_CONTEXT() REPRESENTATION_CONTEXT('2D SPACE',''
  ) );
#2959 = PCURVE('',#2053,#2960);
#2960 = DEFINITIONAL_REPRESENTATION('',(#2961),#2964);
#2961 = B_SPLINE_CURVE_WITH_KNOTS('',1,(#2962,#2963),.UNSPECIFIED.,.F.,
  .F.,(2,2),(-12.09162091076,-11.97792953226),.PIECEWISE_BEZIER_KNOTS.);
#2962 = CARTESIAN_POINT('',(9.034536238403E-02,-19.8));
#2963 = CARTESIAN_POINT('',(1.24344978758E-14,-19.73098228459));
#2964 = ( GEOMETRIC_REPRESENTATION_CONTEXT(2) 
PARAMETRIC_REPRESENTATION_CONTEXT() REPRESENTATION_CONTEXT('2D SPACE',''
  ) );
#2965 = ORIENTED_EDGE('',*,*,#2966,.T.);
#2966 = EDGE_CURVE('',#2946,#946,#2967,.T.);
#2967 = SURFACE_CURVE('',#2968,(#2972,#2979),.PCURVE_S1.);
#2968 = LINE('',#2969,#2970);
#2969 = CARTESIAN_POINT('',(18.261071031169,9.852502632159,
    13.122999939256));
#2970 = VECTOR('',#2971,1.);
#2971 = DIRECTION('',(0.850650808352,0.525731112119,0.));
#2972 = PCURVE('',#984,#2973);
#2973 = DEFINITIONAL_REPRESENTATION('',(#2974),#2978);
#2974 = LINE('',#2975,#2976);
#2975 = CARTESIAN_POINT('',(0.,-19.8));
#2976 = VECTOR('',#2977,1.);
#2977 = DIRECTION('',(1.,0.));
#2978 = ( GEOMETRIC_REPRESENTATION_CONTEXT(2) 
PARAMETRIC_REPRESENTATION_CONTEXT() REPRESENTATION_CONTEXT('2D SPACE',''
  ) );
#2979 = PCURVE('',#960,#2980);
#2980 = DEFINITIONAL_REPRESENTATION('',(#2981),#2985);
#2981 = LINE('',#2982,#2983);
#2982 = CARTESIAN_POINT('',(0.,19.8));
#2983 = VECTOR('',#2984,1.);
#2984 = DIRECTION('',(1.,0.));
#2985 = ( GEOMETRIC_REPRESENTATION_CONTEXT(2) 
PARAMETRIC_REPRESENTATION_CONTEXT() REPRESENTATION_CONTEXT('2D SPACE',''
  ) );
#2986 = ORIENTED_EDGE('',*,*,#971,.F.);
#2987 = ADVANCED_FACE('',(#2988),#960,.F.);
#2988 = FACE_BOUND('',#2989,.F.);
#2989 = EDGE_LOOP('',(#2990,#3015,#3036,#3037,#3038));
#2990 = ORIENTED_EDGE('',*,*,#2991,.F.);
#2991 = EDGE_CURVE('',#2992,#2994,#2996,.T.);
#2992 = VERTEX_POINT('',#2993);
#2993 = CARTESIAN_POINT('',(24.379607519793,-4.749736784096E-02,
    -2.895536549367));
#2994 = VERTEX_POINT('',#2995);
#2995 = CARTESIAN_POINT('',(18.290426018871,9.805005264318,
    13.046147583714));
#2996 = SURFACE_CURVE('',#2997,(#3001,#3008),.PCURVE_S1.);
#2997 = LINE('',#2998,#2999);
#2998 = CARTESIAN_POINT('',(24.379607519793,-4.749736784096E-02,
    -2.895536549367));
#2999 = VECTOR('',#3000,1.);
#3000 = DIRECTION('',(-0.309016994375,0.5,0.809016994375));
#3001 = PCURVE('',#960,#3002);
#3002 = DEFINITIONAL_REPRESENTATION('',(#3003),#3007);
#3003 = LINE('',#3004,#3005);
#3004 = CARTESIAN_POINT('',(0.,0.));
#3005 = VECTOR('',#3006,1.);
#3006 = DIRECTION('',(0.,1.));
#3007 = ( GEOMETRIC_REPRESENTATION_CONTEXT(2) 
PARAMETRIC_REPRESENTATION_CONTEXT() REPRESENTATION_CONTEXT('2D SPACE',''
  ) );
#3008 = PCURVE('',#2861,#3009);
#3009 = DEFINITIONAL_REPRESENTATION('',(#3010),#3014);
#3010 = LINE('',#3011,#3012);
#3011 = CARTESIAN_POINT('',(0.,19.8));
#3012 = VECTOR('',#3013,1.);
#3013 = DIRECTION('',(1.,0.));
#3014 = ( GEOMETRIC_REPRESENTATION_CONTEXT(2) 
PARAMETRIC_REPRESENTATION_CONTEXT() REPRESENTATION_CONTEXT('2D SPACE',''
  ) );
#3015 = ORIENTED_EDGE('',*,*,#3016,.T.);
#3016 = EDGE_CURVE('',#2992,#920,#3017,.T.);
#3017 = SURFACE_CURVE('',#3018,(#3022,#3029),.PCURVE_S1.);
#3018 = LINE('',#3019,#3020);
#3019 = CARTESIAN_POINT('',(24.379607519793,-4.749736784096E-02,
    -2.895536549367));
#3020 = VECTOR('',#3021,1.);
#3021 = DIRECTION('',(0.850650808352,0.525731112119,0.));
#3022 = PCURVE('',#960,#3023);
#3023 = DEFINITIONAL_REPRESENTATION('',(#3024),#3028);
#3024 = LINE('',#3025,#3026);
#3025 = CARTESIAN_POINT('',(0.,0.));
#3026 = VECTOR('',#3027,1.);
#3027 = DIRECTION('',(1.,0.));
#3028 = ( GEOMETRIC_REPRESENTATION_CONTEXT(2) 
PARAMETRIC_REPRESENTATION_CONTEXT() REPRESENTATION_CONTEXT('2D SPACE',''
  ) );
#3029 = PCURVE('',#934,#3030);
#3030 = DEFINITIONAL_REPRESENTATION('',(#3031),#3035);
#3031 = LINE('',#3032,#3033);
#3032 = CARTESIAN_POINT('',(0.,-19.8));
#3033 = VECTOR('',#3034,1.);
#3034 = DIRECTION('',(1.,0.));
#3035 = ( GEOMETRIC_REPRESENTATION_CONTEXT(2) 
PARAMETRIC_REPRESENTATION_CONTEXT() REPRESENTATION_CONTEXT('2D SPACE',''
  ) );
#3036 = ORIENTED_EDGE('',*,*,#945,.F.);
#3037 = ORIENTED_EDGE('',*,*,#2966,.F.);
#3038 = ORIENTED_EDGE('',*,*,#3039,.T.);
#3039 = EDGE_CURVE('',#2946,#2994,#3040,.T.);
#3040 = SURFACE_CURVE('',#3041,(#3045,#3051),.PCURVE_S1.);
#3041 = LINE('',#3042,#3043);
#3042 = CARTESIAN_POINT('',(15.716269673862,4.6566925743,8.881075125133)
  );
#3043 = VECTOR('',#3044,1.);
#3044 = DIRECTION('',(-0.362308520034,-0.724617040067,-0.586227499828));
#3045 = PCURVE('',#960,#3046);
#3046 = DEFINITIONAL_REPRESENTATION('',(#3047),#3050);
#3047 = B_SPLINE_CURVE_WITH_KNOTS('',1,(#3048,#3049),.UNSPECIFIED.,.F.,
  .F.,(2,2),(-7.235970361961,-7.104873892476),.PIECEWISE_BEZIER_KNOTS.);
#3048 = CARTESIAN_POINT('',(9.034536238403E-02,19.8));
#3049 = CARTESIAN_POINT('',(8.881784197001E-16,19.705005264318));
#3050 = ( GEOMETRIC_REPRESENTATION_CONTEXT(2) 
PARAMETRIC_REPRESENTATION_CONTEXT() REPRESENTATION_CONTEXT('2D SPACE',''
  ) );
#3051 = PCURVE('',#2079,#3052);
#3052 = DEFINITIONAL_REPRESENTATION('',(#3053),#3056);
#3053 = B_SPLINE_CURVE_WITH_KNOTS('',1,(#3054,#3055),.UNSPECIFIED.,.F.,
  .F.,(2,2),(-7.235970361961,-7.104873892476),.PIECEWISE_BEZIER_KNOTS.);
#3054 = CARTESIAN_POINT('',(9.034536238403E-02,0.));
#3055 = CARTESIAN_POINT('',(4.440892098501E-15,9.499473568192E-02));
#3056 = ( GEOMETRIC_REPRESENTATION_CONTEXT(2) 
PARAMETRIC_REPRESENTATION_CONTEXT() REPRESENTATION_CONTEXT('2D SPACE',''
  ) );
#3057 = ADVANCED_FACE('',(#3058),#934,.T.);
#3058 = FACE_BOUND('',#3059,.T.);
#3059 = EDGE_LOOP('',(#3060,#3061,#3082,#3083));
#3060 = ORIENTED_EDGE('',*,*,#2873,.F.);
#3061 = ORIENTED_EDGE('',*,*,#3062,.T.);
#3062 = EDGE_CURVE('',#2846,#2992,#3063,.T.);
#3063 = SURFACE_CURVE('',#3064,(#3068,#3075),.PCURVE_S1.);
#3064 = LINE('',#3065,#3066);
#3065 = CARTESIAN_POINT('',(15.958164517108,13.578683644824,
    -14.53368454475));
#3066 = VECTOR('',#3067,1.);
#3067 = DIRECTION('',(0.425325404176,-0.688190960236,0.587785252292));
#3068 = PCURVE('',#934,#3069);
#3069 = DEFINITIONAL_REPRESENTATION('',(#3070),#3074);
#3070 = LINE('',#3071,#3072);
#3071 = CARTESIAN_POINT('',(0.,0.));
#3072 = VECTOR('',#3073,1.);
#3073 = DIRECTION('',(0.,-1.));
#3074 = ( GEOMETRIC_REPRESENTATION_CONTEXT(2) 
PARAMETRIC_REPRESENTATION_CONTEXT() REPRESENTATION_CONTEXT('2D SPACE',''
  ) );
#3075 = PCURVE('',#2861,#3076);
#3076 = DEFINITIONAL_REPRESENTATION('',(#3077),#3081);
#3077 = LINE('',#3078,#3079);
#3078 = CARTESIAN_POINT('',(0.,0.));
#3079 = VECTOR('',#3080,1.);
#3080 = DIRECTION('',(0.,1.));
#3081 = ( GEOMETRIC_REPRESENTATION_CONTEXT(2) 
PARAMETRIC_REPRESENTATION_CONTEXT() REPRESENTATION_CONTEXT('2D SPACE',''
  ) );
#3082 = ORIENTED_EDGE('',*,*,#3016,.T.);
#3083 = ORIENTED_EDGE('',*,*,#919,.F.);
#3084 = ADVANCED_FACE('',(#3085),#1060,.T.);
#3085 = FACE_BOUND('',#3086,.T.);
#3086 = EDGE_LOOP('',(#3087,#3110,#3138,#3159));
#3087 = ORIENTED_EDGE('',*,*,#3088,.F.);
#3088 = EDGE_CURVE('',#3089,#1044,#3091,.T.);
#3089 = VERTEX_POINT('',#3090);
#3090 = CARTESIAN_POINT('',(1.447540013501,9.9,-23.45562360367));
#3091 = SURFACE_CURVE('',#3092,(#3096,#3103),.PCURVE_S1.);
#3092 = LINE('',#3093,#3094);
#3093 = CARTESIAN_POINT('',(1.447540013501,9.9,-23.45562360367));
#3094 = VECTOR('',#3095,1.);
#3095 = DIRECTION('',(0.525731112119,0.,-0.850650808352));
#3096 = PCURVE('',#1060,#3097);
#3097 = DEFINITIONAL_REPRESENTATION('',(#3098),#3102);
#3098 = LINE('',#3099,#3100);
#3099 = CARTESIAN_POINT('',(0.,19.8));
#3100 = VECTOR('',#3101,1.);
#3101 = DIRECTION('',(1.,0.));
#3102 = ( GEOMETRIC_REPRESENTATION_CONTEXT(2) 
PARAMETRIC_REPRESENTATION_CONTEXT() REPRESENTATION_CONTEXT('2D SPACE',''
  ) );
#3103 = PCURVE('',#1136,#3104);
#3104 = DEFINITIONAL_REPRESENTATION('',(#3105),#3109);
#3105 = LINE('',#3106,#3107);
#3106 = CARTESIAN_POINT('',(0.,0.));
#3107 = VECTOR('',#3108,1.);
#3108 = DIRECTION('',(1.,0.));
#3109 = ( GEOMETRIC_REPRESENTATION_CONTEXT(2) 
PARAMETRIC_REPRESENTATION_CONTEXT() REPRESENTATION_CONTEXT('2D SPACE',''
  ) );
#3110 = ORIENTED_EDGE('',*,*,#3111,.F.);
#3111 = EDGE_CURVE('',#3112,#3089,#3114,.T.);
#3112 = VERTEX_POINT('',#3113);
#3113 = CARTESIAN_POINT('',(1.447540013501,-9.9,-23.45562360367));
#3114 = SURFACE_CURVE('',#3115,(#3119,#3126),.PCURVE_S1.);
#3115 = LINE('',#3116,#3117);
#3116 = CARTESIAN_POINT('',(1.447540013501,-9.9,-23.45562360367));
#3117 = VECTOR('',#3118,1.);
#3118 = DIRECTION('',(0.,1.,0.));
#3119 = PCURVE('',#1060,#3120);
#3120 = DEFINITIONAL_REPRESENTATION('',(#3121),#3125);
#3121 = LINE('',#3122,#3123);
#3122 = CARTESIAN_POINT('',(0.,0.));
#3123 = VECTOR('',#3124,1.);
#3124 = DIRECTION('',(0.,1.));
#3125 = ( GEOMETRIC_REPRESENTATION_CONTEXT(2) 
PARAMETRIC_REPRESENTATION_CONTEXT() REPRESENTATION_CONTEXT('2D SPACE',''
  ) );
#3126 = PCURVE('',#3127,#3132);
#3127 = PLANE('',#3128);
#3128 = AXIS2_PLACEMENT_3D('',#3129,#3130,#3131);
#3129 = CARTESIAN_POINT('',(1.447540013501,-9.9,-23.45562360367));
#3130 = DIRECTION('',(0.525731112119,0.,-0.850650808352));
#3131 = DIRECTION('',(0.,1.,0.));
#3132 = DEFINITIONAL_REPRESENTATION('',(#3133),#3137);
#3133 = LINE('',#3134,#3135);
#3134 = CARTESIAN_POINT('',(0.,0.));
#3135 = VECTOR('',#3136,1.);
#3136 = DIRECTION('',(1.,0.));
#3137 = ( GEOMETRIC_REPRESENTATION_CONTEXT(2) 
PARAMETRIC_REPRESENTATION_CONTEXT() REPRESENTATION_CONTEXT('2D SPACE',''
  ) );
#3138 = ORIENTED_EDGE('',*,*,#3139,.T.);
#3139 = EDGE_CURVE('',#3112,#1046,#3140,.T.);
#3140 = SURFACE_CURVE('',#3141,(#3145,#3152),.PCURVE_S1.);
#3141 = LINE('',#3142,#3143);
#3142 = CARTESIAN_POINT('',(1.447540013501,-9.9,-23.45562360367));
#3143 = VECTOR('',#3144,1.);
#3144 = DIRECTION('',(0.525731112119,0.,-0.850650808352));
#3145 = PCURVE('',#1060,#3146);
#3146 = DEFINITIONAL_REPRESENTATION('',(#3147),#3151);
#3147 = LINE('',#3148,#3149);
#3148 = CARTESIAN_POINT('',(0.,0.));
#3149 = VECTOR('',#3150,1.);
#3150 = DIRECTION('',(1.,0.));
#3151 = ( GEOMETRIC_REPRESENTATION_CONTEXT(2) 
PARAMETRIC_REPRESENTATION_CONTEXT() REPRESENTATION_CONTEXT('2D SPACE',''
  ) );
#3152 = PCURVE('',#1086,#3153);
#3153 = DEFINITIONAL_REPRESENTATION('',(#3154),#3158);
#3154 = LINE('',#3155,#3156);
#3155 = CARTESIAN_POINT('',(0.,0.));
#3156 = VECTOR('',#3157,1.);
#3157 = DIRECTION('',(1.,0.));
#3158 = ( GEOMETRIC_REPRESENTATION_CONTEXT(2) 
PARAMETRIC_REPRESENTATION_CONTEXT() REPRESENTATION_CONTEXT('2D SPACE',''
  ) );
#3159 = ORIENTED_EDGE('',*,*,#1043,.F.);
#3160 = ADVANCED_FACE('',(#3161),#1136,.F.);
#3161 = FACE_BOUND('',#3162,.F.);
#3162 = EDGE_LOOP('',(#3163,#3164,#3187,#3208));
#3163 = ORIENTED_EDGE('',*,*,#3088,.F.);
#3164 = ORIENTED_EDGE('',*,*,#3165,.T.);
#3165 = EDGE_CURVE('',#3089,#3166,#3168,.T.);
#3166 = VERTEX_POINT('',#3167);
#3167 = CARTESIAN_POINT('',(18.290426018871,9.9,-13.04614758371));
#3168 = SURFACE_CURVE('',#3169,(#3173,#3180),.PCURVE_S1.);
#3169 = LINE('',#3170,#3171);
#3170 = CARTESIAN_POINT('',(1.447540013501,9.9,-23.45562360367));
#3171 = VECTOR('',#3172,1.);
#3172 = DIRECTION('',(0.850650808352,0.,0.525731112119));
#3173 = PCURVE('',#1136,#3174);
#3174 = DEFINITIONAL_REPRESENTATION('',(#3175),#3179);
#3175 = LINE('',#3176,#3177);
#3176 = CARTESIAN_POINT('',(0.,0.));
#3177 = VECTOR('',#3178,1.);
#3178 = DIRECTION('',(0.,-1.));
#3179 = ( GEOMETRIC_REPRESENTATION_CONTEXT(2) 
PARAMETRIC_REPRESENTATION_CONTEXT() REPRESENTATION_CONTEXT('2D SPACE',''
  ) );
#3180 = PCURVE('',#3127,#3181);
#3181 = DEFINITIONAL_REPRESENTATION('',(#3182),#3186);
#3182 = LINE('',#3183,#3184);
#3183 = CARTESIAN_POINT('',(19.8,0.));
#3184 = VECTOR('',#3185,1.);
#3185 = DIRECTION('',(0.,1.));
#3186 = ( GEOMETRIC_REPRESENTATION_CONTEXT(2) 
PARAMETRIC_REPRESENTATION_CONTEXT() REPRESENTATION_CONTEXT('2D SPACE',''
  ) );
#3187 = ORIENTED_EDGE('',*,*,#3188,.T.);
#3188 = EDGE_CURVE('',#3166,#1098,#3189,.T.);
#3189 = SURFACE_CURVE('',#3190,(#3194,#3201),.PCURVE_S1.);
#3190 = LINE('',#3191,#3192);
#3191 = CARTESIAN_POINT('',(18.290426018871,9.9,-13.04614758371));
#3192 = VECTOR('',#3193,1.);
#3193 = DIRECTION('',(0.525731112119,0.,-0.850650808352));
#3194 = PCURVE('',#1136,#3195);
#3195 = DEFINITIONAL_REPRESENTATION('',(#3196),#3200);
#3196 = LINE('',#3197,#3198);
#3197 = CARTESIAN_POINT('',(0.,-19.8));
#3198 = VECTOR('',#3199,1.);
#3199 = DIRECTION('',(1.,0.));
#3200 = ( GEOMETRIC_REPRESENTATION_CONTEXT(2) 
PARAMETRIC_REPRESENTATION_CONTEXT() REPRESENTATION_CONTEXT('2D SPACE',''
  ) );
#3201 = PCURVE('',#1112,#3202);
#3202 = DEFINITIONAL_REPRESENTATION('',(#3203),#3207);
#3203 = LINE('',#3204,#3205);
#3204 = CARTESIAN_POINT('',(0.,19.8));
#3205 = VECTOR('',#3206,1.);
#3206 = DIRECTION('',(1.,0.));
#3207 = ( GEOMETRIC_REPRESENTATION_CONTEXT(2) 
PARAMETRIC_REPRESENTATION_CONTEXT() REPRESENTATION_CONTEXT('2D SPACE',''
  ) );
#3208 = ORIENTED_EDGE('',*,*,#1123,.F.);
#3209 = ADVANCED_FACE('',(#3210),#1112,.F.);
#3210 = FACE_BOUND('',#3211,.F.);
#3211 = EDGE_LOOP('',(#3212,#3213,#3236,#3257));
#3212 = ORIENTED_EDGE('',*,*,#3188,.F.);
#3213 = ORIENTED_EDGE('',*,*,#3214,.F.);
#3214 = EDGE_CURVE('',#3215,#3166,#3217,.T.);
#3215 = VERTEX_POINT('',#3216);
#3216 = CARTESIAN_POINT('',(18.290426018871,-9.9,-13.04614758371));
#3217 = SURFACE_CURVE('',#3218,(#3222,#3229),.PCURVE_S1.);
#3218 = LINE('',#3219,#3220);
#3219 = CARTESIAN_POINT('',(18.290426018871,-9.9,-13.04614758371));
#3220 = VECTOR('',#3221,1.);
#3221 = DIRECTION('',(0.,1.,0.));
#3222 = PCURVE('',#1112,#3223);
#3223 = DEFINITIONAL_REPRESENTATION('',(#3224),#3228);
#3224 = LINE('',#3225,#3226);
#3225 = CARTESIAN_POINT('',(0.,0.));
#3226 = VECTOR('',#3227,1.);
#3227 = DIRECTION('',(0.,1.));
#3228 = ( GEOMETRIC_REPRESENTATION_CONTEXT(2) 
PARAMETRIC_REPRESENTATION_CONTEXT() REPRESENTATION_CONTEXT('2D SPACE',''
  ) );
#3229 = PCURVE('',#3127,#3230);
#3230 = DEFINITIONAL_REPRESENTATION('',(#3231),#3235);
#3231 = LINE('',#3232,#3233);
#3232 = CARTESIAN_POINT('',(0.,19.8));
#3233 = VECTOR('',#3234,1.);
#3234 = DIRECTION('',(1.,0.));
#3235 = ( GEOMETRIC_REPRESENTATION_CONTEXT(2) 
PARAMETRIC_REPRESENTATION_CONTEXT() REPRESENTATION_CONTEXT('2D SPACE',''
  ) );
#3236 = ORIENTED_EDGE('',*,*,#3237,.T.);
#3237 = EDGE_CURVE('',#3215,#1072,#3238,.T.);
#3238 = SURFACE_CURVE('',#3239,(#3243,#3250),.PCURVE_S1.);
#3239 = LINE('',#3240,#3241);
#3240 = CARTESIAN_POINT('',(18.290426018871,-9.9,-13.04614758371));
#3241 = VECTOR('',#3242,1.);
#3242 = DIRECTION('',(0.525731112119,0.,-0.850650808352));
#3243 = PCURVE('',#1112,#3244);
#3244 = DEFINITIONAL_REPRESENTATION('',(#3245),#3249);
#3245 = LINE('',#3246,#3247);
#3246 = CARTESIAN_POINT('',(0.,0.));
#3247 = VECTOR('',#3248,1.);
#3248 = DIRECTION('',(1.,0.));
#3249 = ( GEOMETRIC_REPRESENTATION_CONTEXT(2) 
PARAMETRIC_REPRESENTATION_CONTEXT() REPRESENTATION_CONTEXT('2D SPACE',''
  ) );
#3250 = PCURVE('',#1086,#3251);
#3251 = DEFINITIONAL_REPRESENTATION('',(#3252),#3256);
#3252 = LINE('',#3253,#3254);
#3253 = CARTESIAN_POINT('',(0.,-19.8));
#3254 = VECTOR('',#3255,1.);
#3255 = DIRECTION('',(1.,0.));
#3256 = ( GEOMETRIC_REPRESENTATION_CONTEXT(2) 
PARAMETRIC_REPRESENTATION_CONTEXT() REPRESENTATION_CONTEXT('2D SPACE',''
  ) );
#3257 = ORIENTED_EDGE('',*,*,#1097,.F.);
#3258 = ADVANCED_FACE('',(#3259),#1086,.T.);
#3259 = FACE_BOUND('',#3260,.T.);
#3260 = EDGE_LOOP('',(#3261,#3262,#3283,#3284));
#3261 = ORIENTED_EDGE('',*,*,#3139,.F.);
#3262 = ORIENTED_EDGE('',*,*,#3263,.T.);
#3263 = EDGE_CURVE('',#3112,#3215,#3264,.T.);
#3264 = SURFACE_CURVE('',#3265,(#3269,#3276),.PCURVE_S1.);
#3265 = LINE('',#3266,#3267);
#3266 = CARTESIAN_POINT('',(1.447540013501,-9.9,-23.45562360367));
#3267 = VECTOR('',#3268,1.);
#3268 = DIRECTION('',(0.850650808352,0.,0.525731112119));
#3269 = PCURVE('',#1086,#3270);
#3270 = DEFINITIONAL_REPRESENTATION('',(#3271),#3275);
#3271 = LINE('',#3272,#3273);
#3272 = CARTESIAN_POINT('',(0.,0.));
#3273 = VECTOR('',#3274,1.);
#3274 = DIRECTION('',(0.,-1.));
#3275 = ( GEOMETRIC_REPRESENTATION_CONTEXT(2) 
PARAMETRIC_REPRESENTATION_CONTEXT() REPRESENTATION_CONTEXT('2D SPACE',''
  ) );
#3276 = PCURVE('',#3127,#3277);
#3277 = DEFINITIONAL_REPRESENTATION('',(#3278),#3282);
#3278 = LINE('',#3279,#3280);
#3279 = CARTESIAN_POINT('',(0.,0.));
#3280 = VECTOR('',#3281,1.);
#3281 = DIRECTION('',(0.,1.));
#3282 = ( GEOMETRIC_REPRESENTATION_CONTEXT(2) 
PARAMETRIC_REPRESENTATION_CONTEXT() REPRESENTATION_CONTEXT('2D SPACE',''
  ) );
#3283 = ORIENTED_EDGE('',*,*,#3237,.T.);
#3284 = ORIENTED_EDGE('',*,*,#1071,.F.);
#3285 = ADVANCED_FACE('',(#3286),#1189,.T.);
#3286 = FACE_BOUND('',#3287,.T.);
#3287 = EDGE_LOOP('',(#3288,#3289,#3290,#3291,#3292));
#3288 = ORIENTED_EDGE('',*,*,#1346,.F.);
#3289 = ORIENTED_EDGE('',*,*,#1173,.T.);
#3290 = ORIENTED_EDGE('',*,*,#1227,.T.);
#3291 = ORIENTED_EDGE('',*,*,#1275,.F.);
#3292 = ORIENTED_EDGE('',*,*,#3293,.F.);
#3293 = EDGE_CURVE('',#1347,#1276,#3294,.T.);
#3294 = SURFACE_CURVE('',#3295,(#3299,#3305),.PCURVE_S1.);
#3295 = LINE('',#3296,#3297);
#3296 = CARTESIAN_POINT('',(-12.80300551517,14.191281781261,
    -16.43755996556));
#3297 = VECTOR('',#3298,1.);
#3298 = DIRECTION('',(0.809016994375,-0.309016994375,-0.5));
#3299 = PCURVE('',#1189,#3300);
#3300 = DEFINITIONAL_REPRESENTATION('',(#3301),#3304);
#3301 = B_SPLINE_CURVE_WITH_KNOTS('',1,(#3302,#3303),.UNSPECIFIED.,.F.,
  .F.,(2,2),(3.588312155814,3.705732106622),.PIECEWISE_BEZIER_KNOTS.);
#3302 = CARTESIAN_POINT('',(-4.440892098501E-16,19.73098228459));
#3303 = CARTESIAN_POINT('',(9.499473568192E-02,19.8));
#3304 = ( GEOMETRIC_REPRESENTATION_CONTEXT(2) 
PARAMETRIC_REPRESENTATION_CONTEXT() REPRESENTATION_CONTEXT('2D SPACE',''
  ) );
#3305 = PCURVE('',#2550,#3306);
#3306 = DEFINITIONAL_REPRESENTATION('',(#3307),#3310);
#3307 = B_SPLINE_CURVE_WITH_KNOTS('',1,(#3308,#3309),.UNSPECIFIED.,.F.,
  .F.,(2,2),(3.588312155814,3.705732106622),.PIECEWISE_BEZIER_KNOTS.);
#3308 = CARTESIAN_POINT('',(19.8,19.73098228459));
#3309 = CARTESIAN_POINT('',(19.705005264318,19.8));
#3310 = ( GEOMETRIC_REPRESENTATION_CONTEXT(2) 
PARAMETRIC_REPRESENTATION_CONTEXT() REPRESENTATION_CONTEXT('2D SPACE',''
  ) );
#3311 = ADVANCED_FACE('',(#3312,#3319),#1429,.T.);
#3312 = FACE_BOUND('',#3313,.T.);
#3313 = EDGE_LOOP('',(#3314,#3315,#3316,#3317,#3318));
#3314 = ORIENTED_EDGE('',*,*,#2383,.F.);
#3315 = ORIENTED_EDGE('',*,*,#2716,.T.);
#3316 = ORIENTED_EDGE('',*,*,#1967,.T.);
#3317 = ORIENTED_EDGE('',*,*,#1594,.T.);
#3318 = ORIENTED_EDGE('',*,*,#1414,.F.);
#3319 = FACE_BOUND('',#3320,.T.);
#3320 = EDGE_LOOP('',(#3321,#3349,#3375,#3401));
#3321 = ORIENTED_EDGE('',*,*,#3322,.T.);
#3322 = EDGE_CURVE('',#3323,#3325,#3327,.T.);
#3323 = VERTEX_POINT('',#3324);
#3324 = CARTESIAN_POINT('',(-1.484851943866,-10.69027883683,
    24.004414756943));
#3325 = VERTEX_POINT('',#3326);
#3326 = CARTESIAN_POINT('',(14.533684544758,-16.80881532546,
    14.104414756943));
#3327 = SURFACE_CURVE('',#3328,(#3332,#3338),.PCURVE_S1.);
#3328 = LINE('',#3329,#3330);
#3329 = CARTESIAN_POINT('',(-113.7749926642,32.200738316843,
    93.403538323651));
#3330 = VECTOR('',#3331,1.);
#3331 = DIRECTION('',(0.809016994375,-0.309016994375,-0.5));
#3332 = PCURVE('',#1429,#3333);
#3333 = DEFINITIONAL_REPRESENTATION('',(#3334),#3337);
#3334 = B_SPLINE_CURVE_WITH_KNOTS('',1,(#3335,#3336),.UNSPECIFIED.,.F.,
  .F.,(2,2),(138.79824713341,158.59824713341),.PIECEWISE_BEZIER_KNOTS.);
#3335 = CARTESIAN_POINT('',(205.20083736474,218.51514805613));
#3336 = CARTESIAN_POINT('',(216.83898536013,234.53368454475));
#3337 = ( GEOMETRIC_REPRESENTATION_CONTEXT(2) 
PARAMETRIC_REPRESENTATION_CONTEXT() REPRESENTATION_CONTEXT('2D SPACE',''
  ) );
#3338 = PCURVE('',#3339,#3344);
#3339 = PLANE('',#3340);
#3340 = AXIS2_PLACEMENT_3D('',#3341,#3342,#3343);
#3341 = CARTESIAN_POINT('',(14.533684544758,-15.9581645171,
    13.578683644824));
#3342 = DIRECTION('',(-0.587785252292,-0.425325404176,-0.688190960236));
#3343 = DIRECTION('',(0.,-0.850650808352,0.525731112119));
#3344 = DEFINITIONAL_REPRESENTATION('',(#3345),#3348);
#3345 = B_SPLINE_CURVE_WITH_KNOTS('',1,(#3346,#3347),.UNSPECIFIED.,.F.,
  .F.,(2,2),(138.79824713341,158.59824713341),.PIECEWISE_BEZIER_KNOTS.);
#3346 = CARTESIAN_POINT('',(1.,19.8));
#3347 = CARTESIAN_POINT('',(1.,0.));
#3348 = ( GEOMETRIC_REPRESENTATION_CONTEXT(2) 
PARAMETRIC_REPRESENTATION_CONTEXT() REPRESENTATION_CONTEXT('2D SPACE',''
  ) );
#3349 = ORIENTED_EDGE('',*,*,#3350,.T.);
#3350 = EDGE_CURVE('',#3325,#3351,#3353,.T.);
#3351 = VERTEX_POINT('',#3352);
#3352 = CARTESIAN_POINT('',(2.895536549367,-25.23025832814,
    0.478233744278));
#3353 = SURFACE_CURVE('',#3354,(#3358,#3364),.PCURVE_S1.);
#3354 = LINE('',#3355,#3356);
#3355 = CARTESIAN_POINT('',(25.575519481391,-8.81886850568,
    27.032420279652));
#3356 = VECTOR('',#3357,1.);
#3357 = DIRECTION('',(-0.587785252292,-0.425325404176,-0.688190960236));
#3358 = PCURVE('',#1429,#3359);
#3359 = DEFINITIONAL_REPRESENTATION('',(#3360),#3363);
#3360 = B_SPLINE_CURVE_WITH_KNOTS('',1,(#3361,#3362),.UNSPECIFIED.,.F.,
  .F.,(2,2),(18.785491629072,38.585491629072),.PIECEWISE_BEZIER_KNOTS.);
#3361 = CARTESIAN_POINT('',(216.83898536013,234.53368454475));
#3362 = CARTESIAN_POINT('',(232.85752184875,222.89553654936));
#3363 = ( GEOMETRIC_REPRESENTATION_CONTEXT(2) 
PARAMETRIC_REPRESENTATION_CONTEXT() REPRESENTATION_CONTEXT('2D SPACE',''
  ) );
#3364 = PCURVE('',#3365,#3370);
#3365 = PLANE('',#3366);
#3366 = AXIS2_PLACEMENT_3D('',#3367,#3368,#3369);
#3367 = CARTESIAN_POINT('',(14.533684544758,-15.9581645171,
    13.578683644824));
#3368 = DIRECTION('',(-0.809016994375,0.309016994375,0.5));
#3369 = DIRECTION('',(0.,-0.850650808352,0.525731112119));
#3370 = DEFINITIONAL_REPRESENTATION('',(#3371),#3374);
#3371 = B_SPLINE_CURVE_WITH_KNOTS('',1,(#3372,#3373),.UNSPECIFIED.,.F.,
  .F.,(2,2),(18.785491629072,38.585491629072),.PIECEWISE_BEZIER_KNOTS.);
#3372 = CARTESIAN_POINT('',(1.,0.));
#3373 = CARTESIAN_POINT('',(1.,-19.8));
#3374 = ( GEOMETRIC_REPRESENTATION_CONTEXT(2) 
PARAMETRIC_REPRESENTATION_CONTEXT() REPRESENTATION_CONTEXT('2D SPACE',''
  ) );
#3375 = ORIENTED_EDGE('',*,*,#3376,.F.);
#3376 = EDGE_CURVE('',#3377,#3351,#3379,.T.);
#3377 = VERTEX_POINT('',#3378);
#3378 = CARTESIAN_POINT('',(-13.12299993925,-19.11172183952,
    10.378233744278));
#3379 = SURFACE_CURVE('',#3380,(#3384,#3390),.PCURVE_S1.);
#3380 = LINE('',#3381,#3382);
#3381 = CARTESIAN_POINT('',(-125.4131406596,23.779295314158,
    79.777357310986));
#3382 = VECTOR('',#3383,1.);
#3383 = DIRECTION('',(0.809016994375,-0.309016994375,-0.5));
#3384 = PCURVE('',#1429,#3385);
#3385 = DEFINITIONAL_REPRESENTATION('',(#3386),#3389);
#3386 = B_SPLINE_CURVE_WITH_KNOTS('',1,(#3387,#3388),.UNSPECIFIED.,.F.,
  .F.,(2,2),(138.79824713341,158.59824713341),.PIECEWISE_BEZIER_KNOTS.);
#3387 = CARTESIAN_POINT('',(221.21937385336,206.87700006074));
#3388 = CARTESIAN_POINT('',(232.85752184875,222.89553654936));
#3389 = ( GEOMETRIC_REPRESENTATION_CONTEXT(2) 
PARAMETRIC_REPRESENTATION_CONTEXT() REPRESENTATION_CONTEXT('2D SPACE',''
  ) );
#3390 = PCURVE('',#3391,#3396);
#3391 = PLANE('',#3392);
#3392 = AXIS2_PLACEMENT_3D('',#3393,#3394,#3395);
#3393 = CARTESIAN_POINT('',(2.895536549367,-24.37960751979,
    -4.749736784096E-02));
#3394 = DIRECTION('',(-0.587785252292,-0.425325404176,-0.688190960236));
#3395 = DIRECTION('',(0.,-0.850650808352,0.525731112119));
#3396 = DEFINITIONAL_REPRESENTATION('',(#3397),#3400);
#3397 = B_SPLINE_CURVE_WITH_KNOTS('',1,(#3398,#3399),.UNSPECIFIED.,.F.,
  .F.,(2,2),(138.79824713341,158.59824713341),.PIECEWISE_BEZIER_KNOTS.);
#3398 = CARTESIAN_POINT('',(1.,19.8));
#3399 = CARTESIAN_POINT('',(1.,0.));
#3400 = ( GEOMETRIC_REPRESENTATION_CONTEXT(2) 
PARAMETRIC_REPRESENTATION_CONTEXT() REPRESENTATION_CONTEXT('2D SPACE',''
  ) );
#3401 = ORIENTED_EDGE('',*,*,#3402,.F.);
#3402 = EDGE_CURVE('',#3323,#3377,#3403,.T.);
#3403 = SURFACE_CURVE('',#3404,(#3408,#3414),.PCURVE_S1.);
#3404 = LINE('',#3405,#3406);
#3405 = CARTESIAN_POINT('',(9.556982992767,-2.700332017056,
    36.932420279652));
#3406 = VECTOR('',#3407,1.);
#3407 = DIRECTION('',(-0.587785252292,-0.425325404176,-0.688190960236));
#3408 = PCURVE('',#1429,#3409);
#3409 = DEFINITIONAL_REPRESENTATION('',(#3410),#3413);
#3410 = B_SPLINE_CURVE_WITH_KNOTS('',1,(#3411,#3412),.UNSPECIFIED.,.F.,
  .F.,(2,2),(18.785491629072,38.585491629072),.PIECEWISE_BEZIER_KNOTS.);
#3411 = CARTESIAN_POINT('',(205.20083736474,218.51514805613));
#3412 = CARTESIAN_POINT('',(221.21937385336,206.87700006074));
#3413 = ( GEOMETRIC_REPRESENTATION_CONTEXT(2) 
PARAMETRIC_REPRESENTATION_CONTEXT() REPRESENTATION_CONTEXT('2D SPACE',''
  ) );
#3414 = PCURVE('',#3415,#3420);
#3415 = PLANE('',#3416);
#3416 = AXIS2_PLACEMENT_3D('',#3417,#3418,#3419);
#3417 = CARTESIAN_POINT('',(-1.484851943866,-9.839628028484,
    23.478683644824));
#3418 = DIRECTION('',(-0.809016994375,0.309016994375,0.5));
#3419 = DIRECTION('',(0.,-0.850650808352,0.525731112119));
#3420 = DEFINITIONAL_REPRESENTATION('',(#3421),#3424);
#3421 = B_SPLINE_CURVE_WITH_KNOTS('',1,(#3422,#3423),.UNSPECIFIED.,.F.,
  .F.,(2,2),(18.785491629072,38.585491629072),.PIECEWISE_BEZIER_KNOTS.);
#3422 = CARTESIAN_POINT('',(1.,0.));
#3423 = CARTESIAN_POINT('',(1.,-19.8));
#3424 = ( GEOMETRIC_REPRESENTATION_CONTEXT(2) 
PARAMETRIC_REPRESENTATION_CONTEXT() REPRESENTATION_CONTEXT('2D SPACE',''
  ) );
#3425 = ADVANCED_FACE('',(#3426),#1480,.T.);
#3426 = FACE_BOUND('',#3427,.T.);
#3427 = EDGE_LOOP('',(#3428,#3451,#3479,#3500,#3521));
#3428 = ORIENTED_EDGE('',*,*,#3429,.F.);
#3429 = EDGE_CURVE('',#3430,#1464,#3432,.T.);
#3430 = VERTEX_POINT('',#3431);
#3431 = CARTESIAN_POINT('',(-23.45562360367,-1.447540013501,-9.9));
#3432 = SURFACE_CURVE('',#3433,(#3437,#3444),.PCURVE_S1.);
#3433 = LINE('',#3434,#3435);
#3434 = CARTESIAN_POINT('',(-23.45562360367,-1.447540013501,-9.9));
#3435 = VECTOR('',#3436,1.);
#3436 = DIRECTION('',(-0.850650808352,-0.525731112119,0.));
#3437 = PCURVE('',#1480,#3438);
#3438 = DEFINITIONAL_REPRESENTATION('',(#3439),#3443);
#3439 = LINE('',#3440,#3441);
#3440 = CARTESIAN_POINT('',(0.,19.8));
#3441 = VECTOR('',#3442,1.);
#3442 = DIRECTION('',(1.,0.));
#3443 = ( GEOMETRIC_REPRESENTATION_CONTEXT(2) 
PARAMETRIC_REPRESENTATION_CONTEXT() REPRESENTATION_CONTEXT('2D SPACE',''
  ) );
#3444 = PCURVE('',#1556,#3445);
#3445 = DEFINITIONAL_REPRESENTATION('',(#3446),#3450);
#3446 = LINE('',#3447,#3448);
#3447 = CARTESIAN_POINT('',(0.,0.));
#3448 = VECTOR('',#3449,1.);
#3449 = DIRECTION('',(1.,0.));
#3450 = ( GEOMETRIC_REPRESENTATION_CONTEXT(2) 
PARAMETRIC_REPRESENTATION_CONTEXT() REPRESENTATION_CONTEXT('2D SPACE',''
  ) );
#3451 = ORIENTED_EDGE('',*,*,#3452,.F.);
#3452 = EDGE_CURVE('',#3453,#3430,#3455,.T.);
#3453 = VERTEX_POINT('',#3454);
#3454 = CARTESIAN_POINT('',(-23.45562360367,-1.447540013501,
    9.853879917698));
#3455 = SURFACE_CURVE('',#3456,(#3460,#3467),.PCURVE_S1.);
#3456 = LINE('',#3457,#3458);
#3457 = CARTESIAN_POINT('',(-23.45562360367,-1.447540013501,9.9));
#3458 = VECTOR('',#3459,1.);
#3459 = DIRECTION('',(0.,0.,-1.));
#3460 = PCURVE('',#1480,#3461);
#3461 = DEFINITIONAL_REPRESENTATION('',(#3462),#3466);
#3462 = LINE('',#3463,#3464);
#3463 = CARTESIAN_POINT('',(0.,0.));
#3464 = VECTOR('',#3465,1.);
#3465 = DIRECTION('',(0.,1.));
#3466 = ( GEOMETRIC_REPRESENTATION_CONTEXT(2) 
PARAMETRIC_REPRESENTATION_CONTEXT() REPRESENTATION_CONTEXT('2D SPACE',''
  ) );
#3467 = PCURVE('',#3468,#3473);
#3468 = PLANE('',#3469);
#3469 = AXIS2_PLACEMENT_3D('',#3470,#3471,#3472);
#3470 = CARTESIAN_POINT('',(-23.45562360367,-1.447540013501,9.9));
#3471 = DIRECTION('',(-0.850650808352,-0.525731112119,0.));
#3472 = DIRECTION('',(0.,0.,-1.));
#3473 = DEFINITIONAL_REPRESENTATION('',(#3474),#3478);
#3474 = LINE('',#3475,#3476);
#3475 = CARTESIAN_POINT('',(0.,0.));
#3476 = VECTOR('',#3477,1.);
#3477 = DIRECTION('',(1.,0.));
#3478 = ( GEOMETRIC_REPRESENTATION_CONTEXT(2) 
PARAMETRIC_REPRESENTATION_CONTEXT() REPRESENTATION_CONTEXT('2D SPACE',''
  ) );
#3479 = ORIENTED_EDGE('',*,*,#3480,.T.);
#3480 = EDGE_CURVE('',#3453,#3481,#3483,.T.);
#3481 = VERTEX_POINT('',#3482);
#3482 = CARTESIAN_POINT('',(-23.51599557518,-1.484851943866,9.9));
#3483 = SURFACE_CURVE('',#3484,(#3488,#3494),.PCURVE_S1.);
#3484 = LINE('',#3485,#3486);
#3485 = CARTESIAN_POINT('',(-19.62582369194,0.919406502056,
    6.928173125364));
#3486 = VECTOR('',#3487,1.);
#3487 = DIRECTION('',(-0.713275081483,-0.440828243685,0.544893675596));
#3488 = PCURVE('',#1480,#3489);
#3489 = DEFINITIONAL_REPRESENTATION('',(#3490),#3493);
#3490 = B_SPLINE_CURVE_WITH_KNOTS('',1,(#3491,#3492),.UNSPECIFIED.,.F.,
  .F.,(2,2),(5.36931684724,5.453957364038),.PIECEWISE_BEZIER_KNOTS.);
#3491 = CARTESIAN_POINT('',(1.24344978758E-14,4.612008230232E-02));
#3492 = CARTESIAN_POINT('',(7.097150901751E-02,1.021405182655E-14));
#3493 = ( GEOMETRIC_REPRESENTATION_CONTEXT(2) 
PARAMETRIC_REPRESENTATION_CONTEXT() REPRESENTATION_CONTEXT('2D SPACE',''
  ) );
#3494 = PCURVE('',#1632,#3495);
#3495 = DEFINITIONAL_REPRESENTATION('',(#3496),#3499);
#3496 = B_SPLINE_CURVE_WITH_KNOTS('',1,(#3497,#3498),.UNSPECIFIED.,.F.,
  .F.,(2,2),(5.36931684724,5.453957364038),.PIECEWISE_BEZIER_KNOTS.);
#3497 = CARTESIAN_POINT('',(0.,19.753879917698));
#3498 = CARTESIAN_POINT('',(7.097150901749E-02,19.8));
#3499 = ( GEOMETRIC_REPRESENTATION_CONTEXT(2) 
PARAMETRIC_REPRESENTATION_CONTEXT() REPRESENTATION_CONTEXT('2D SPACE',''
  ) );
#3500 = ORIENTED_EDGE('',*,*,#3501,.T.);
#3501 = EDGE_CURVE('',#3481,#1466,#3502,.T.);
#3502 = SURFACE_CURVE('',#3503,(#3507,#3514),.PCURVE_S1.);
#3503 = LINE('',#3504,#3505);
#3504 = CARTESIAN_POINT('',(-23.45562360367,-1.447540013501,9.9));
#3505 = VECTOR('',#3506,1.);
#3506 = DIRECTION('',(-0.850650808352,-0.525731112119,0.));
#3507 = PCURVE('',#1480,#3508);
#3508 = DEFINITIONAL_REPRESENTATION('',(#3509),#3513);
#3509 = LINE('',#3510,#3511);
#3510 = CARTESIAN_POINT('',(0.,0.));
#3511 = VECTOR('',#3512,1.);
#3512 = DIRECTION('',(1.,0.));
#3513 = ( GEOMETRIC_REPRESENTATION_CONTEXT(2) 
PARAMETRIC_REPRESENTATION_CONTEXT() REPRESENTATION_CONTEXT('2D SPACE',''
  ) );
#3514 = PCURVE('',#1506,#3515);
#3515 = DEFINITIONAL_REPRESENTATION('',(#3516),#3520);
#3516 = LINE('',#3517,#3518);
#3517 = CARTESIAN_POINT('',(0.,0.));
#3518 = VECTOR('',#3519,1.);
#3519 = DIRECTION('',(1.,0.));
#3520 = ( GEOMETRIC_REPRESENTATION_CONTEXT(2) 
PARAMETRIC_REPRESENTATION_CONTEXT() REPRESENTATION_CONTEXT('2D SPACE',''
  ) );
#3521 = ORIENTED_EDGE('',*,*,#1463,.F.);
#3522 = ADVANCED_FACE('',(#3523),#1556,.F.);
#3523 = FACE_BOUND('',#3524,.F.);
#3524 = EDGE_LOOP('',(#3525,#3526,#3549,#3570));
#3525 = ORIENTED_EDGE('',*,*,#3429,.F.);
#3526 = ORIENTED_EDGE('',*,*,#3527,.T.);
#3527 = EDGE_CURVE('',#3430,#3528,#3530,.T.);
#3528 = VERTEX_POINT('',#3529);
#3529 = CARTESIAN_POINT('',(-13.04614758371,-18.29042601887,-9.9));
#3530 = SURFACE_CURVE('',#3531,(#3535,#3542),.PCURVE_S1.);
#3531 = LINE('',#3532,#3533);
#3532 = CARTESIAN_POINT('',(-23.45562360367,-1.447540013501,-9.9));
#3533 = VECTOR('',#3534,1.);
#3534 = DIRECTION('',(0.525731112119,-0.850650808352,0.));
#3535 = PCURVE('',#1556,#3536);
#3536 = DEFINITIONAL_REPRESENTATION('',(#3537),#3541);
#3537 = LINE('',#3538,#3539);
#3538 = CARTESIAN_POINT('',(0.,0.));
#3539 = VECTOR('',#3540,1.);
#3540 = DIRECTION('',(0.,-1.));
#3541 = ( GEOMETRIC_REPRESENTATION_CONTEXT(2) 
PARAMETRIC_REPRESENTATION_CONTEXT() REPRESENTATION_CONTEXT('2D SPACE',''
  ) );
#3542 = PCURVE('',#3468,#3543);
#3543 = DEFINITIONAL_REPRESENTATION('',(#3544),#3548);
#3544 = LINE('',#3545,#3546);
#3545 = CARTESIAN_POINT('',(19.8,0.));
#3546 = VECTOR('',#3547,1.);
#3547 = DIRECTION('',(0.,1.));
#3548 = ( GEOMETRIC_REPRESENTATION_CONTEXT(2) 
PARAMETRIC_REPRESENTATION_CONTEXT() REPRESENTATION_CONTEXT('2D SPACE',''
  ) );
#3549 = ORIENTED_EDGE('',*,*,#3550,.T.);
#3550 = EDGE_CURVE('',#3528,#1518,#3551,.T.);
#3551 = SURFACE_CURVE('',#3552,(#3556,#3563),.PCURVE_S1.);
#3552 = LINE('',#3553,#3554);
#3553 = CARTESIAN_POINT('',(-13.04614758371,-18.29042601887,-9.9));
#3554 = VECTOR('',#3555,1.);
#3555 = DIRECTION('',(-0.850650808352,-0.525731112119,0.));
#3556 = PCURVE('',#1556,#3557);
#3557 = DEFINITIONAL_REPRESENTATION('',(#3558),#3562);
#3558 = LINE('',#3559,#3560);
#3559 = CARTESIAN_POINT('',(0.,-19.8));
#3560 = VECTOR('',#3561,1.);
#3561 = DIRECTION('',(1.,0.));
#3562 = ( GEOMETRIC_REPRESENTATION_CONTEXT(2) 
PARAMETRIC_REPRESENTATION_CONTEXT() REPRESENTATION_CONTEXT('2D SPACE',''
  ) );
#3563 = PCURVE('',#1532,#3564);
#3564 = DEFINITIONAL_REPRESENTATION('',(#3565),#3569);
#3565 = LINE('',#3566,#3567);
#3566 = CARTESIAN_POINT('',(0.,19.8));
#3567 = VECTOR('',#3568,1.);
#3568 = DIRECTION('',(1.,0.));
#3569 = ( GEOMETRIC_REPRESENTATION_CONTEXT(2) 
PARAMETRIC_REPRESENTATION_CONTEXT() REPRESENTATION_CONTEXT('2D SPACE',''
  ) );
#3570 = ORIENTED_EDGE('',*,*,#1543,.F.);
#3571 = ADVANCED_FACE('',(#3572),#1532,.F.);
#3572 = FACE_BOUND('',#3573,.F.);
#3573 = EDGE_LOOP('',(#3574,#3575,#3598,#3619,#3640));
#3574 = ORIENTED_EDGE('',*,*,#3550,.F.);
#3575 = ORIENTED_EDGE('',*,*,#3576,.F.);
#3576 = EDGE_CURVE('',#3577,#3528,#3579,.T.);
#3577 = VERTEX_POINT('',#3578);
#3578 = CARTESIAN_POINT('',(-13.04614758371,-18.29042601887,
    9.805005264318));
#3579 = SURFACE_CURVE('',#3580,(#3584,#3591),.PCURVE_S1.);
#3580 = LINE('',#3581,#3582);
#3581 = CARTESIAN_POINT('',(-13.04614758371,-18.29042601887,9.9));
#3582 = VECTOR('',#3583,1.);
#3583 = DIRECTION('',(0.,0.,-1.));
#3584 = PCURVE('',#1532,#3585);
#3585 = DEFINITIONAL_REPRESENTATION('',(#3586),#3590);
#3586 = LINE('',#3587,#3588);
#3587 = CARTESIAN_POINT('',(0.,0.));
#3588 = VECTOR('',#3589,1.);
#3589 = DIRECTION('',(0.,1.));
#3590 = ( GEOMETRIC_REPRESENTATION_CONTEXT(2) 
PARAMETRIC_REPRESENTATION_CONTEXT() REPRESENTATION_CONTEXT('2D SPACE',''
  ) );
#3591 = PCURVE('',#3468,#3592);
#3592 = DEFINITIONAL_REPRESENTATION('',(#3593),#3597);
#3593 = LINE('',#3594,#3595);
#3594 = CARTESIAN_POINT('',(0.,19.8));
#3595 = VECTOR('',#3596,1.);
#3596 = DIRECTION('',(1.,0.));
#3597 = ( GEOMETRIC_REPRESENTATION_CONTEXT(2) 
PARAMETRIC_REPRESENTATION_CONTEXT() REPRESENTATION_CONTEXT('2D SPACE',''
  ) );
#3598 = ORIENTED_EDGE('',*,*,#3599,.F.);
#3599 = EDGE_CURVE('',#3600,#3577,#3602,.T.);
#3600 = VERTEX_POINT('',#3601);
#3601 = CARTESIAN_POINT('',(-13.12299993925,-18.33792338671,9.9));
#3602 = SURFACE_CURVE('',#3603,(#3607,#3613),.PCURVE_S1.);
#3603 = LINE('',#3604,#3605);
#3604 = CARTESIAN_POINT('',(-8.881075125133,-15.71626967386,4.6566925743
    ));
#3605 = VECTOR('',#3606,1.);
#3606 = DIRECTION('',(0.586227499828,0.362308520034,-0.724617040067));
#3607 = PCURVE('',#1532,#3608);
#3608 = DEFINITIONAL_REPRESENTATION('',(#3609),#3612);
#3609 = B_SPLINE_CURVE_WITH_KNOTS('',1,(#3610,#3611),.UNSPECIFIED.,.F.,
  .F.,(2,2),(-7.235970361961,-7.104873892476),.PIECEWISE_BEZIER_KNOTS.);
#3610 = CARTESIAN_POINT('',(9.034536238403E-02,0.));
#3611 = CARTESIAN_POINT('',(3.552713678801E-15,9.499473568192E-02));
#3612 = ( GEOMETRIC_REPRESENTATION_CONTEXT(2) 
PARAMETRIC_REPRESENTATION_CONTEXT() REPRESENTATION_CONTEXT('2D SPACE',''
  ) );
#3613 = PCURVE('',#3391,#3614);
#3614 = DEFINITIONAL_REPRESENTATION('',(#3615),#3618);
#3615 = B_SPLINE_CURVE_WITH_KNOTS('',1,(#3616,#3617),.UNSPECIFIED.,.F.,
  .F.,(2,2),(-7.235970361961,-7.104873892476),.PIECEWISE_BEZIER_KNOTS.);
#3616 = CARTESIAN_POINT('',(9.034536238403E-02,19.8));
#3617 = CARTESIAN_POINT('',(0.,19.705005264318));
#3618 = ( GEOMETRIC_REPRESENTATION_CONTEXT(2) 
PARAMETRIC_REPRESENTATION_CONTEXT() REPRESENTATION_CONTEXT('2D SPACE',''
  ) );
#3619 = ORIENTED_EDGE('',*,*,#3620,.T.);
#3620 = EDGE_CURVE('',#3600,#1492,#3621,.T.);
#3621 = SURFACE_CURVE('',#3622,(#3626,#3633),.PCURVE_S1.);
#3622 = LINE('',#3623,#3624);
#3623 = CARTESIAN_POINT('',(-13.04614758371,-18.29042601887,9.9));
#3624 = VECTOR('',#3625,1.);
#3625 = DIRECTION('',(-0.850650808352,-0.525731112119,0.));
#3626 = PCURVE('',#1532,#3627);
#3627 = DEFINITIONAL_REPRESENTATION('',(#3628),#3632);
#3628 = LINE('',#3629,#3630);
#3629 = CARTESIAN_POINT('',(0.,0.));
#3630 = VECTOR('',#3631,1.);
#3631 = DIRECTION('',(1.,0.));
#3632 = ( GEOMETRIC_REPRESENTATION_CONTEXT(2) 
PARAMETRIC_REPRESENTATION_CONTEXT() REPRESENTATION_CONTEXT('2D SPACE',''
  ) );
#3633 = PCURVE('',#1506,#3634);
#3634 = DEFINITIONAL_REPRESENTATION('',(#3635),#3639);
#3635 = LINE('',#3636,#3637);
#3636 = CARTESIAN_POINT('',(0.,-19.8));
#3637 = VECTOR('',#3638,1.);
#3638 = DIRECTION('',(1.,0.));
#3639 = ( GEOMETRIC_REPRESENTATION_CONTEXT(2) 
PARAMETRIC_REPRESENTATION_CONTEXT() REPRESENTATION_CONTEXT('2D SPACE',''
  ) );
#3640 = ORIENTED_EDGE('',*,*,#1517,.F.);
#3641 = ADVANCED_FACE('',(#3642),#1506,.T.);
#3642 = FACE_BOUND('',#3643,.T.);
#3643 = EDGE_LOOP('',(#3644,#3645,#3666,#3689,#3708,#3709));
#3644 = ORIENTED_EDGE('',*,*,#3501,.F.);
#3645 = ORIENTED_EDGE('',*,*,#3646,.F.);
#3646 = EDGE_CURVE('',#3647,#3481,#3649,.T.);
#3647 = VERTEX_POINT('',#3648);
#3648 = CARTESIAN_POINT('',(-23.38099974294,-1.568283956532,9.9));
#3649 = SURFACE_CURVE('',#3650,(#3654,#3660),.PCURVE_S1.);
#3650 = LINE('',#3651,#3652);
#3651 = CARTESIAN_POINT('',(-23.48899640873,-1.501538346399,9.9));
#3652 = VECTOR('',#3653,1.);
#3653 = DIRECTION('',(-0.850650808352,0.525731112119,0.));
#3654 = PCURVE('',#1506,#3655);
#3655 = DEFINITIONAL_REPRESENTATION('',(#3656),#3659);
#3656 = B_SPLINE_CURVE_WITH_KNOTS('',1,(#3657,#3658),.UNSPECIFIED.,.F.,
  .F.,(2,2),(-0.126957694903,3.173942372578E-02),
  .PIECEWISE_BEZIER_KNOTS.);
#3657 = CARTESIAN_POINT('',(7.001343949042E-15,-0.141943018035));
#3658 = CARTESIAN_POINT('',(7.097150901751E-02,-1.03042574473E-15));
#3659 = ( GEOMETRIC_REPRESENTATION_CONTEXT(2) 
PARAMETRIC_REPRESENTATION_CONTEXT() REPRESENTATION_CONTEXT('2D SPACE',''
  ) );
#3660 = PCURVE('',#1708,#3661);
#3661 = DEFINITIONAL_REPRESENTATION('',(#3662),#3665);
#3662 = B_SPLINE_CURVE_WITH_KNOTS('',1,(#3663,#3664),.UNSPECIFIED.,.F.,
  .F.,(2,2),(-0.126957694903,3.173942372578E-02),
  .PIECEWISE_BEZIER_KNOTS.);
#3663 = CARTESIAN_POINT('',(-2.081668171172E-17,-0.141943018035));
#3664 = CARTESIAN_POINT('',(7.097150901751E-02,6.938893903907E-18));
#3665 = ( GEOMETRIC_REPRESENTATION_CONTEXT(2) 
PARAMETRIC_REPRESENTATION_CONTEXT() REPRESENTATION_CONTEXT('2D SPACE',''
  ) );
#3666 = ORIENTED_EDGE('',*,*,#3667,.T.);
#3667 = EDGE_CURVE('',#3647,#3668,#3670,.T.);
#3668 = VERTEX_POINT('',#3669);
#3669 = CARTESIAN_POINT('',(-13.08243234399,-18.23171604346,9.9));
#3670 = SURFACE_CURVE('',#3671,(#3675,#3682),.PCURVE_S1.);
#3671 = LINE('',#3672,#3673);
#3672 = CARTESIAN_POINT('',(-23.45562360367,-1.447540013501,9.9));
#3673 = VECTOR('',#3674,1.);
#3674 = DIRECTION('',(0.525731112119,-0.850650808352,0.));
#3675 = PCURVE('',#1506,#3676);
#3676 = DEFINITIONAL_REPRESENTATION('',(#3677),#3681);
#3677 = LINE('',#3678,#3679);
#3678 = CARTESIAN_POINT('',(0.,0.));
#3679 = VECTOR('',#3680,1.);
#3680 = DIRECTION('',(0.,-1.));
#3681 = ( GEOMETRIC_REPRESENTATION_CONTEXT(2) 
PARAMETRIC_REPRESENTATION_CONTEXT() REPRESENTATION_CONTEXT('2D SPACE',''
  ) );
#3682 = PCURVE('',#3468,#3683);
#3683 = DEFINITIONAL_REPRESENTATION('',(#3684),#3688);
#3684 = LINE('',#3685,#3686);
#3685 = CARTESIAN_POINT('',(0.,0.));
#3686 = VECTOR('',#3687,1.);
#3687 = DIRECTION('',(0.,1.));
#3688 = ( GEOMETRIC_REPRESENTATION_CONTEXT(2) 
PARAMETRIC_REPRESENTATION_CONTEXT() REPRESENTATION_CONTEXT('2D SPACE',''
  ) );
#3689 = ORIENTED_EDGE('',*,*,#3690,.F.);
#3690 = EDGE_CURVE('',#3600,#3668,#3691,.T.);
#3691 = SURFACE_CURVE('',#3692,(#3696,#3702),.PCURVE_S1.);
#3692 = LINE('',#3693,#3694);
#3693 = CARTESIAN_POINT('',(-8.808442497135,-7.042265356823,9.9));
#3694 = VECTOR('',#3695,1.);
#3695 = DIRECTION('',(0.356822089773,0.934172358963,0.));
#3696 = PCURVE('',#1506,#3697);
#3697 = DEFINITIONAL_REPRESENTATION('',(#3698),#3701);
#3698 = B_SPLINE_CURVE_WITH_KNOTS('',1,(#3699,#3700),.UNSPECIFIED.,.F.,
  .F.,(2,2),(-12.09162091076,-11.97792953226),.PIECEWISE_BEZIER_KNOTS.);
#3699 = CARTESIAN_POINT('',(9.034536238403E-02,-19.8));
#3700 = CARTESIAN_POINT('',(1.24344978758E-14,-19.73098228459));
#3701 = ( GEOMETRIC_REPRESENTATION_CONTEXT(2) 
PARAMETRIC_REPRESENTATION_CONTEXT() REPRESENTATION_CONTEXT('2D SPACE',''
  ) );
#3702 = PCURVE('',#3415,#3703);
#3703 = DEFINITIONAL_REPRESENTATION('',(#3704),#3707);
#3704 = B_SPLINE_CURVE_WITH_KNOTS('',1,(#3705,#3706),.UNSPECIFIED.,.F.,
  .F.,(2,2),(-12.09162091076,-11.97792953226),.PIECEWISE_BEZIER_KNOTS.);
#3705 = CARTESIAN_POINT('',(9.034536238401E-02,-19.8));
#3706 = CARTESIAN_POINT('',(-3.552713678801E-15,-19.73098228459));
#3707 = ( GEOMETRIC_REPRESENTATION_CONTEXT(2) 
PARAMETRIC_REPRESENTATION_CONTEXT() REPRESENTATION_CONTEXT('2D SPACE',''
  ) );
#3708 = ORIENTED_EDGE('',*,*,#3620,.T.);
#3709 = ORIENTED_EDGE('',*,*,#1491,.F.);
#3710 = ADVANCED_FACE('',(#3711),#1632,.T.);
#3711 = FACE_BOUND('',#3712,.T.);
#3712 = EDGE_LOOP('',(#3713,#3741,#3762,#3763,#3784));
#3713 = ORIENTED_EDGE('',*,*,#3714,.F.);
#3714 = EDGE_CURVE('',#3715,#3453,#3717,.T.);
#3715 = VERTEX_POINT('',#3716);
#3716 = CARTESIAN_POINT('',(-13.57868364482,14.533684544758,
    15.958164517108));
#3717 = SURFACE_CURVE('',#3718,(#3722,#3729),.PCURVE_S1.);
#3718 = LINE('',#3719,#3720);
#3719 = CARTESIAN_POINT('',(-13.57868364482,14.533684544758,
    15.958164517108));
#3720 = VECTOR('',#3721,1.);
#3721 = DIRECTION('',(-0.5,-0.809016994375,-0.309016994375));
#3722 = PCURVE('',#1632,#3723);
#3723 = DEFINITIONAL_REPRESENTATION('',(#3724),#3728);
#3724 = LINE('',#3725,#3726);
#3725 = CARTESIAN_POINT('',(0.,0.));
#3726 = VECTOR('',#3727,1.);
#3727 = DIRECTION('',(0.,1.));
#3728 = ( GEOMETRIC_REPRESENTATION_CONTEXT(2) 
PARAMETRIC_REPRESENTATION_CONTEXT() REPRESENTATION_CONTEXT('2D SPACE',''
  ) );
#3729 = PCURVE('',#3730,#3735);
#3730 = PLANE('',#3731);
#3731 = AXIS2_PLACEMENT_3D('',#3732,#3733,#3734);
#3732 = CARTESIAN_POINT('',(-13.57868364482,14.533684544758,
    15.958164517108));
#3733 = DIRECTION('',(-0.525731112119,0.,0.850650808352));
#3734 = DIRECTION('',(-0.5,-0.809016994375,-0.309016994375));
#3735 = DEFINITIONAL_REPRESENTATION('',(#3736),#3740);
#3736 = LINE('',#3737,#3738);
#3737 = CARTESIAN_POINT('',(0.,0.));
#3738 = VECTOR('',#3739,1.);
#3739 = DIRECTION('',(1.,0.));
#3740 = ( GEOMETRIC_REPRESENTATION_CONTEXT(2) 
PARAMETRIC_REPRESENTATION_CONTEXT() REPRESENTATION_CONTEXT('2D SPACE',''
  ) );
#3741 = ORIENTED_EDGE('',*,*,#3742,.T.);
#3742 = EDGE_CURVE('',#3715,#1618,#3743,.T.);
#3743 = SURFACE_CURVE('',#3744,(#3748,#3755),.PCURVE_S1.);
#3744 = LINE('',#3745,#3746);
#3745 = CARTESIAN_POINT('',(-13.57868364482,14.533684544758,
    15.958164517108));
#3746 = VECTOR('',#3747,1.);
#3747 = DIRECTION('',(-0.525731112119,0.,0.850650808352));
#3748 = PCURVE('',#1632,#3749);
#3749 = DEFINITIONAL_REPRESENTATION('',(#3750),#3754);
#3750 = LINE('',#3751,#3752);
#3751 = CARTESIAN_POINT('',(0.,0.));
#3752 = VECTOR('',#3753,1.);
#3753 = DIRECTION('',(1.,0.));
#3754 = ( GEOMETRIC_REPRESENTATION_CONTEXT(2) 
PARAMETRIC_REPRESENTATION_CONTEXT() REPRESENTATION_CONTEXT('2D SPACE',''
  ) );
#3755 = PCURVE('',#1658,#3756);
#3756 = DEFINITIONAL_REPRESENTATION('',(#3757),#3761);
#3757 = LINE('',#3758,#3759);
#3758 = CARTESIAN_POINT('',(0.,0.));
#3759 = VECTOR('',#3760,1.);
#3760 = DIRECTION('',(1.,0.));
#3761 = ( GEOMETRIC_REPRESENTATION_CONTEXT(2) 
PARAMETRIC_REPRESENTATION_CONTEXT() REPRESENTATION_CONTEXT('2D SPACE',''
  ) );
#3762 = ORIENTED_EDGE('',*,*,#1615,.F.);
#3763 = ORIENTED_EDGE('',*,*,#3764,.F.);
#3764 = EDGE_CURVE('',#3481,#1616,#3765,.T.);
#3765 = SURFACE_CURVE('',#3766,(#3770,#3777),.PCURVE_S1.);
#3766 = LINE('',#3767,#3768);
#3767 = CARTESIAN_POINT('',(-23.47868364482,-1.484851943866,
    9.839628028484));
#3768 = VECTOR('',#3769,1.);
#3769 = DIRECTION('',(-0.525731112119,0.,0.850650808352));
#3770 = PCURVE('',#1632,#3771);
#3771 = DEFINITIONAL_REPRESENTATION('',(#3772),#3776);
#3772 = LINE('',#3773,#3774);
#3773 = CARTESIAN_POINT('',(0.,19.8));
#3774 = VECTOR('',#3775,1.);
#3775 = DIRECTION('',(1.,0.));
#3776 = ( GEOMETRIC_REPRESENTATION_CONTEXT(2) 
PARAMETRIC_REPRESENTATION_CONTEXT() REPRESENTATION_CONTEXT('2D SPACE',''
  ) );
#3777 = PCURVE('',#1708,#3778);
#3778 = DEFINITIONAL_REPRESENTATION('',(#3779),#3783);
#3779 = LINE('',#3780,#3781);
#3780 = CARTESIAN_POINT('',(0.,0.));
#3781 = VECTOR('',#3782,1.);
#3782 = DIRECTION('',(1.,0.));
#3783 = ( GEOMETRIC_REPRESENTATION_CONTEXT(2) 
PARAMETRIC_REPRESENTATION_CONTEXT() REPRESENTATION_CONTEXT('2D SPACE',''
  ) );
#3784 = ORIENTED_EDGE('',*,*,#3480,.F.);
#3785 = ADVANCED_FACE('',(#3786),#1708,.F.);
#3786 = FACE_BOUND('',#3787,.F.);
#3787 = EDGE_LOOP('',(#3788,#3789,#3790,#3813,#3834));
#3788 = ORIENTED_EDGE('',*,*,#3764,.F.);
#3789 = ORIENTED_EDGE('',*,*,#3646,.F.);
#3790 = ORIENTED_EDGE('',*,*,#3791,.T.);
#3791 = EDGE_CURVE('',#3647,#3792,#3794,.T.);
#3792 = VERTEX_POINT('',#3793);
#3793 = CARTESIAN_POINT('',(-9.852502632159,-13.12299993925,
    18.261071031169));
#3794 = SURFACE_CURVE('',#3795,(#3799,#3806),.PCURVE_S1.);
#3795 = LINE('',#3796,#3797);
#3796 = CARTESIAN_POINT('',(-23.47868364482,-1.484851943866,
    9.839628028484));
#3797 = VECTOR('',#3798,1.);
#3798 = DIRECTION('',(0.688190960236,-0.587785252292,0.425325404176));
#3799 = PCURVE('',#1708,#3800);
#3800 = DEFINITIONAL_REPRESENTATION('',(#3801),#3805);
#3801 = LINE('',#3802,#3803);
#3802 = CARTESIAN_POINT('',(0.,0.));
#3803 = VECTOR('',#3804,1.);
#3804 = DIRECTION('',(0.,-1.));
#3805 = ( GEOMETRIC_REPRESENTATION_CONTEXT(2) 
PARAMETRIC_REPRESENTATION_CONTEXT() REPRESENTATION_CONTEXT('2D SPACE',''
  ) );
#3806 = PCURVE('',#3730,#3807);
#3807 = DEFINITIONAL_REPRESENTATION('',(#3808),#3812);
#3808 = LINE('',#3809,#3810);
#3809 = CARTESIAN_POINT('',(19.8,0.));
#3810 = VECTOR('',#3811,1.);
#3811 = DIRECTION('',(0.,1.));
#3812 = ( GEOMETRIC_REPRESENTATION_CONTEXT(2) 
PARAMETRIC_REPRESENTATION_CONTEXT() REPRESENTATION_CONTEXT('2D SPACE',''
  ) );
#3813 = ORIENTED_EDGE('',*,*,#3814,.T.);
#3814 = EDGE_CURVE('',#3792,#1670,#3815,.T.);
#3815 = SURFACE_CURVE('',#3816,(#3820,#3827),.PCURVE_S1.);
#3816 = LINE('',#3817,#3818);
#3817 = CARTESIAN_POINT('',(-9.852502632159,-13.12299993925,
    18.261071031169));
#3818 = VECTOR('',#3819,1.);
#3819 = DIRECTION('',(-0.525731112119,0.,0.850650808352));
#3820 = PCURVE('',#1708,#3821);
#3821 = DEFINITIONAL_REPRESENTATION('',(#3822),#3826);
#3822 = LINE('',#3823,#3824);
#3823 = CARTESIAN_POINT('',(0.,-19.8));
#3824 = VECTOR('',#3825,1.);
#3825 = DIRECTION('',(1.,0.));
#3826 = ( GEOMETRIC_REPRESENTATION_CONTEXT(2) 
PARAMETRIC_REPRESENTATION_CONTEXT() REPRESENTATION_CONTEXT('2D SPACE',''
  ) );
#3827 = PCURVE('',#1684,#3828);
#3828 = DEFINITIONAL_REPRESENTATION('',(#3829),#3833);
#3829 = LINE('',#3830,#3831);
#3830 = CARTESIAN_POINT('',(0.,19.8));
#3831 = VECTOR('',#3832,1.);
#3832 = DIRECTION('',(1.,0.));
#3833 = ( GEOMETRIC_REPRESENTATION_CONTEXT(2) 
PARAMETRIC_REPRESENTATION_CONTEXT() REPRESENTATION_CONTEXT('2D SPACE',''
  ) );
#3834 = ORIENTED_EDGE('',*,*,#1695,.F.);
#3835 = ADVANCED_FACE('',(#3836),#1684,.F.);
#3836 = FACE_BOUND('',#3837,.F.);
#3837 = EDGE_LOOP('',(#3838,#3839,#3862,#3883));
#3838 = ORIENTED_EDGE('',*,*,#3814,.F.);
#3839 = ORIENTED_EDGE('',*,*,#3840,.F.);
#3840 = EDGE_CURVE('',#3841,#3792,#3843,.T.);
#3841 = VERTEX_POINT('',#3842);
#3842 = CARTESIAN_POINT('',(4.749736784096E-02,2.895536549367,
    24.379607519793));
#3843 = SURFACE_CURVE('',#3844,(#3848,#3855),.PCURVE_S1.);
#3844 = LINE('',#3845,#3846);
#3845 = CARTESIAN_POINT('',(4.749736784096E-02,2.895536549367,
    24.379607519793));
#3846 = VECTOR('',#3847,1.);
#3847 = DIRECTION('',(-0.5,-0.809016994375,-0.309016994375));
#3848 = PCURVE('',#1684,#3849);
#3849 = DEFINITIONAL_REPRESENTATION('',(#3850),#3854);
#3850 = LINE('',#3851,#3852);
#3851 = CARTESIAN_POINT('',(0.,0.));
#3852 = VECTOR('',#3853,1.);
#3853 = DIRECTION('',(0.,1.));
#3854 = ( GEOMETRIC_REPRESENTATION_CONTEXT(2) 
PARAMETRIC_REPRESENTATION_CONTEXT() REPRESENTATION_CONTEXT('2D SPACE',''
  ) );
#3855 = PCURVE('',#3730,#3856);
#3856 = DEFINITIONAL_REPRESENTATION('',(#3857),#3861);
#3857 = LINE('',#3858,#3859);
#3858 = CARTESIAN_POINT('',(0.,19.8));
#3859 = VECTOR('',#3860,1.);
#3860 = DIRECTION('',(1.,0.));
#3861 = ( GEOMETRIC_REPRESENTATION_CONTEXT(2) 
PARAMETRIC_REPRESENTATION_CONTEXT() REPRESENTATION_CONTEXT('2D SPACE',''
  ) );
#3862 = ORIENTED_EDGE('',*,*,#3863,.T.);
#3863 = EDGE_CURVE('',#3841,#1644,#3864,.T.);
#3864 = SURFACE_CURVE('',#3865,(#3869,#3876),.PCURVE_S1.);
#3865 = LINE('',#3866,#3867);
#3866 = CARTESIAN_POINT('',(4.749736784096E-02,2.895536549367,
    24.379607519793));
#3867 = VECTOR('',#3868,1.);
#3868 = DIRECTION('',(-0.525731112119,0.,0.850650808352));
#3869 = PCURVE('',#1684,#3870);
#3870 = DEFINITIONAL_REPRESENTATION('',(#3871),#3875);
#3871 = LINE('',#3872,#3873);
#3872 = CARTESIAN_POINT('',(0.,0.));
#3873 = VECTOR('',#3874,1.);
#3874 = DIRECTION('',(1.,0.));
#3875 = ( GEOMETRIC_REPRESENTATION_CONTEXT(2) 
PARAMETRIC_REPRESENTATION_CONTEXT() REPRESENTATION_CONTEXT('2D SPACE',''
  ) );
#3876 = PCURVE('',#1658,#3877);
#3877 = DEFINITIONAL_REPRESENTATION('',(#3878),#3882);
#3878 = LINE('',#3879,#3880);
#3879 = CARTESIAN_POINT('',(0.,-19.8));
#3880 = VECTOR('',#3881,1.);
#3881 = DIRECTION('',(1.,0.));
#3882 = ( GEOMETRIC_REPRESENTATION_CONTEXT(2) 
PARAMETRIC_REPRESENTATION_CONTEXT() REPRESENTATION_CONTEXT('2D SPACE',''
  ) );
#3883 = ORIENTED_EDGE('',*,*,#1669,.F.);
#3884 = ADVANCED_FACE('',(#3885),#1658,.T.);
#3885 = FACE_BOUND('',#3886,.T.);
#3886 = EDGE_LOOP('',(#3887,#3888,#3909,#3910));
#3887 = ORIENTED_EDGE('',*,*,#3742,.F.);
#3888 = ORIENTED_EDGE('',*,*,#3889,.T.);
#3889 = EDGE_CURVE('',#3715,#3841,#3890,.T.);
#3890 = SURFACE_CURVE('',#3891,(#3895,#3902),.PCURVE_S1.);
#3891 = LINE('',#3892,#3893);
#3892 = CARTESIAN_POINT('',(-13.57868364482,14.533684544758,
    15.958164517108));
#3893 = VECTOR('',#3894,1.);
#3894 = DIRECTION('',(0.688190960236,-0.587785252292,0.425325404176));
#3895 = PCURVE('',#1658,#3896);
#3896 = DEFINITIONAL_REPRESENTATION('',(#3897),#3901);
#3897 = LINE('',#3898,#3899);
#3898 = CARTESIAN_POINT('',(0.,0.));
#3899 = VECTOR('',#3900,1.);
#3900 = DIRECTION('',(0.,-1.));
#3901 = ( GEOMETRIC_REPRESENTATION_CONTEXT(2) 
PARAMETRIC_REPRESENTATION_CONTEXT() REPRESENTATION_CONTEXT('2D SPACE',''
  ) );
#3902 = PCURVE('',#3730,#3903);
#3903 = DEFINITIONAL_REPRESENTATION('',(#3904),#3908);
#3904 = LINE('',#3905,#3906);
#3905 = CARTESIAN_POINT('',(0.,0.));
#3906 = VECTOR('',#3907,1.);
#3907 = DIRECTION('',(0.,1.));
#3908 = ( GEOMETRIC_REPRESENTATION_CONTEXT(2) 
PARAMETRIC_REPRESENTATION_CONTEXT() REPRESENTATION_CONTEXT('2D SPACE',''
  ) );
#3909 = ORIENTED_EDGE('',*,*,#3863,.T.);
#3910 = ORIENTED_EDGE('',*,*,#1643,.F.);
#3911 = ADVANCED_FACE('',(#3912),#1740,.T.);
#3912 = FACE_BOUND('',#3913,.T.);
#3913 = EDGE_LOOP('',(#3914,#3915,#3934,#3935,#3936));
#3914 = ORIENTED_EDGE('',*,*,#1939,.F.);
#3915 = ORIENTED_EDGE('',*,*,#3916,.F.);
#3916 = EDGE_CURVE('',#1723,#1919,#3917,.T.);
#3917 = SURFACE_CURVE('',#3918,(#3922,#3928),.PCURVE_S1.);
#3918 = LINE('',#3919,#3920);
#3919 = CARTESIAN_POINT('',(-24.97813178122,-1.015929965923,
    -8.912918115823));
#3920 = VECTOR('',#3921,1.);
#3921 = DIRECTION('',(0.5,0.809016994375,-0.309016994375));
#3922 = PCURVE('',#1740,#3923);
#3923 = DEFINITIONAL_REPRESENTATION('',(#3924),#3927);
#3924 = B_SPLINE_CURVE_WITH_KNOTS('',1,(#3925,#3926),.UNSPECIFIED.,.F.,
  .F.,(2,2),(3.045016355099,3.194264076557),.PIECEWISE_BEZIER_KNOTS.);
#3925 = CARTESIAN_POINT('',(4.612008230232E-02,4.440892098501E-16));
#3926 = CARTESIAN_POINT('',(-1.110223024625E-16,0.141943018035));
#3927 = ( GEOMETRIC_REPRESENTATION_CONTEXT(2) 
PARAMETRIC_REPRESENTATION_CONTEXT() REPRESENTATION_CONTEXT('2D SPACE',''
  ) );
#3928 = PCURVE('',#2550,#3929);
#3929 = DEFINITIONAL_REPRESENTATION('',(#3930),#3933);
#3930 = B_SPLINE_CURVE_WITH_KNOTS('',1,(#3931,#3932),.UNSPECIFIED.,.F.,
  .F.,(2,2),(3.045016355099,3.194264076557),.PIECEWISE_BEZIER_KNOTS.);
#3931 = CARTESIAN_POINT('',(19.753879917698,4.440892098501E-16));
#3932 = CARTESIAN_POINT('',(19.8,0.141943018035));
#3933 = ( GEOMETRIC_REPRESENTATION_CONTEXT(2) 
PARAMETRIC_REPRESENTATION_CONTEXT() REPRESENTATION_CONTEXT('2D SPACE',''
  ) );
#3934 = ORIENTED_EDGE('',*,*,#1722,.T.);
#3935 = ORIENTED_EDGE('',*,*,#1820,.T.);
#3936 = ORIENTED_EDGE('',*,*,#1869,.F.);
#3937 = ADVANCED_FACE('',(#3938),#2027,.T.);
#3938 = FACE_BOUND('',#3939,.T.);
#3939 = EDGE_LOOP('',(#3940,#3963,#3991,#4012));
#3940 = ORIENTED_EDGE('',*,*,#3941,.F.);
#3941 = EDGE_CURVE('',#3942,#2011,#3944,.T.);
#3942 = VERTEX_POINT('',#3943);
#3943 = CARTESIAN_POINT('',(1.447540013501,-9.9,23.455623603672));
#3944 = SURFACE_CURVE('',#3945,(#3949,#3956),.PCURVE_S1.);
#3945 = LINE('',#3946,#3947);
#3946 = CARTESIAN_POINT('',(1.447540013501,-9.9,23.455623603672));
#3947 = VECTOR('',#3948,1.);
#3948 = DIRECTION('',(0.525731112119,0.,0.850650808352));
#3949 = PCURVE('',#2027,#3950);
#3950 = DEFINITIONAL_REPRESENTATION('',(#3951),#3955);
#3951 = LINE('',#3952,#3953);
#3952 = CARTESIAN_POINT('',(0.,19.8));
#3953 = VECTOR('',#3954,1.);
#3954 = DIRECTION('',(1.,0.));
#3955 = ( GEOMETRIC_REPRESENTATION_CONTEXT(2) 
PARAMETRIC_REPRESENTATION_CONTEXT() REPRESENTATION_CONTEXT('2D SPACE',''
  ) );
#3956 = PCURVE('',#2103,#3957);
#3957 = DEFINITIONAL_REPRESENTATION('',(#3958),#3962);
#3958 = LINE('',#3959,#3960);
#3959 = CARTESIAN_POINT('',(0.,0.));
#3960 = VECTOR('',#3961,1.);
#3961 = DIRECTION('',(1.,0.));
#3962 = ( GEOMETRIC_REPRESENTATION_CONTEXT(2) 
PARAMETRIC_REPRESENTATION_CONTEXT() REPRESENTATION_CONTEXT('2D SPACE',''
  ) );
#3963 = ORIENTED_EDGE('',*,*,#3964,.F.);
#3964 = EDGE_CURVE('',#3965,#3942,#3967,.T.);
#3965 = VERTEX_POINT('',#3966);
#3966 = CARTESIAN_POINT('',(1.447540013501,9.9,23.455623603672));
#3967 = SURFACE_CURVE('',#3968,(#3972,#3979),.PCURVE_S1.);
#3968 = LINE('',#3969,#3970);
#3969 = CARTESIAN_POINT('',(1.447540013501,9.9,23.455623603672));
#3970 = VECTOR('',#3971,1.);
#3971 = DIRECTION('',(0.,-1.,0.));
#3972 = PCURVE('',#2027,#3973);
#3973 = DEFINITIONAL_REPRESENTATION('',(#3974),#3978);
#3974 = LINE('',#3975,#3976);
#3975 = CARTESIAN_POINT('',(0.,0.));
#3976 = VECTOR('',#3977,1.);
#3977 = DIRECTION('',(0.,1.));
#3978 = ( GEOMETRIC_REPRESENTATION_CONTEXT(2) 
PARAMETRIC_REPRESENTATION_CONTEXT() REPRESENTATION_CONTEXT('2D SPACE',''
  ) );
#3979 = PCURVE('',#3980,#3985);
#3980 = PLANE('',#3981);
#3981 = AXIS2_PLACEMENT_3D('',#3982,#3983,#3984);
#3982 = CARTESIAN_POINT('',(1.447540013501,9.9,23.455623603672));
#3983 = DIRECTION('',(0.525731112119,0.,0.850650808352));
#3984 = DIRECTION('',(0.,-1.,0.));
#3985 = DEFINITIONAL_REPRESENTATION('',(#3986),#3990);
#3986 = LINE('',#3987,#3988);
#3987 = CARTESIAN_POINT('',(0.,0.));
#3988 = VECTOR('',#3989,1.);
#3989 = DIRECTION('',(1.,0.));
#3990 = ( GEOMETRIC_REPRESENTATION_CONTEXT(2) 
PARAMETRIC_REPRESENTATION_CONTEXT() REPRESENTATION_CONTEXT('2D SPACE',''
  ) );
#3991 = ORIENTED_EDGE('',*,*,#3992,.T.);
#3992 = EDGE_CURVE('',#3965,#2013,#3993,.T.);
#3993 = SURFACE_CURVE('',#3994,(#3998,#4005),.PCURVE_S1.);
#3994 = LINE('',#3995,#3996);
#3995 = CARTESIAN_POINT('',(1.447540013501,9.9,23.455623603672));
#3996 = VECTOR('',#3997,1.);
#3997 = DIRECTION('',(0.525731112119,0.,0.850650808352));
#3998 = PCURVE('',#2027,#3999);
#3999 = DEFINITIONAL_REPRESENTATION('',(#4000),#4004);
#4000 = LINE('',#4001,#4002);
#4001 = CARTESIAN_POINT('',(0.,0.));
#4002 = VECTOR('',#4003,1.);
#4003 = DIRECTION('',(1.,0.));
#4004 = ( GEOMETRIC_REPRESENTATION_CONTEXT(2) 
PARAMETRIC_REPRESENTATION_CONTEXT() REPRESENTATION_CONTEXT('2D SPACE',''
  ) );
#4005 = PCURVE('',#2053,#4006);
#4006 = DEFINITIONAL_REPRESENTATION('',(#4007),#4011);
#4007 = LINE('',#4008,#4009);
#4008 = CARTESIAN_POINT('',(0.,0.));
#4009 = VECTOR('',#4010,1.);
#4010 = DIRECTION('',(1.,0.));
#4011 = ( GEOMETRIC_REPRESENTATION_CONTEXT(2) 
PARAMETRIC_REPRESENTATION_CONTEXT() REPRESENTATION_CONTEXT('2D SPACE',''
  ) );
#4012 = ORIENTED_EDGE('',*,*,#2010,.F.);
#4013 = ADVANCED_FACE('',(#4014),#2103,.F.);
#4014 = FACE_BOUND('',#4015,.F.);
#4015 = EDGE_LOOP('',(#4016,#4017,#4040,#4061));
#4016 = ORIENTED_EDGE('',*,*,#3941,.F.);
#4017 = ORIENTED_EDGE('',*,*,#4018,.T.);
#4018 = EDGE_CURVE('',#3942,#4019,#4021,.T.);
#4019 = VERTEX_POINT('',#4020);
#4020 = CARTESIAN_POINT('',(18.290426018871,-9.9,13.046147583714));
#4021 = SURFACE_CURVE('',#4022,(#4026,#4033),.PCURVE_S1.);
#4022 = LINE('',#4023,#4024);
#4023 = CARTESIAN_POINT('',(1.447540013501,-9.9,23.455623603672));
#4024 = VECTOR('',#4025,1.);
#4025 = DIRECTION('',(0.850650808352,0.,-0.525731112119));
#4026 = PCURVE('',#2103,#4027);
#4027 = DEFINITIONAL_REPRESENTATION('',(#4028),#4032);
#4028 = LINE('',#4029,#4030);
#4029 = CARTESIAN_POINT('',(0.,0.));
#4030 = VECTOR('',#4031,1.);
#4031 = DIRECTION('',(0.,-1.));
#4032 = ( GEOMETRIC_REPRESENTATION_CONTEXT(2) 
PARAMETRIC_REPRESENTATION_CONTEXT() REPRESENTATION_CONTEXT('2D SPACE',''
  ) );
#4033 = PCURVE('',#3980,#4034);
#4034 = DEFINITIONAL_REPRESENTATION('',(#4035),#4039);
#4035 = LINE('',#4036,#4037);
#4036 = CARTESIAN_POINT('',(19.8,0.));
#4037 = VECTOR('',#4038,1.);
#4038 = DIRECTION('',(0.,1.));
#4039 = ( GEOMETRIC_REPRESENTATION_CONTEXT(2) 
PARAMETRIC_REPRESENTATION_CONTEXT() REPRESENTATION_CONTEXT('2D SPACE',''
  ) );
#4040 = ORIENTED_EDGE('',*,*,#4041,.T.);
#4041 = EDGE_CURVE('',#4019,#2065,#4042,.T.);
#4042 = SURFACE_CURVE('',#4043,(#4047,#4054),.PCURVE_S1.);
#4043 = LINE('',#4044,#4045);
#4044 = CARTESIAN_POINT('',(18.290426018871,-9.9,13.046147583714));
#4045 = VECTOR('',#4046,1.);
#4046 = DIRECTION('',(0.525731112119,0.,0.850650808352));
#4047 = PCURVE('',#2103,#4048);
#4048 = DEFINITIONAL_REPRESENTATION('',(#4049),#4053);
#4049 = LINE('',#4050,#4051);
#4050 = CARTESIAN_POINT('',(0.,-19.8));
#4051 = VECTOR('',#4052,1.);
#4052 = DIRECTION('',(1.,0.));
#4053 = ( GEOMETRIC_REPRESENTATION_CONTEXT(2) 
PARAMETRIC_REPRESENTATION_CONTEXT() REPRESENTATION_CONTEXT('2D SPACE',''
  ) );
#4054 = PCURVE('',#2079,#4055);
#4055 = DEFINITIONAL_REPRESENTATION('',(#4056),#4060);
#4056 = LINE('',#4057,#4058);
#4057 = CARTESIAN_POINT('',(0.,19.8));
#4058 = VECTOR('',#4059,1.);
#4059 = DIRECTION('',(1.,0.));
#4060 = ( GEOMETRIC_REPRESENTATION_CONTEXT(2) 
PARAMETRIC_REPRESENTATION_CONTEXT() REPRESENTATION_CONTEXT('2D SPACE',''
  ) );
#4061 = ORIENTED_EDGE('',*,*,#2090,.F.);
#4062 = ADVANCED_FACE('',(#4063),#2079,.F.);
#4063 = FACE_BOUND('',#4064,.F.);
#4064 = EDGE_LOOP('',(#4065,#4066,#4087,#4088,#4109));
#4065 = ORIENTED_EDGE('',*,*,#4041,.F.);
#4066 = ORIENTED_EDGE('',*,*,#4067,.F.);
#4067 = EDGE_CURVE('',#2994,#4019,#4068,.T.);
#4068 = SURFACE_CURVE('',#4069,(#4073,#4080),.PCURVE_S1.);
#4069 = LINE('',#4070,#4071);
#4070 = CARTESIAN_POINT('',(18.290426018871,9.9,13.046147583714));
#4071 = VECTOR('',#4072,1.);
#4072 = DIRECTION('',(0.,-1.,0.));
#4073 = PCURVE('',#2079,#4074);
#4074 = DEFINITIONAL_REPRESENTATION('',(#4075),#4079);
#4075 = LINE('',#4076,#4077);
#4076 = CARTESIAN_POINT('',(0.,0.));
#4077 = VECTOR('',#4078,1.);
#4078 = DIRECTION('',(0.,1.));
#4079 = ( GEOMETRIC_REPRESENTATION_CONTEXT(2) 
PARAMETRIC_REPRESENTATION_CONTEXT() REPRESENTATION_CONTEXT('2D SPACE',''
  ) );
#4080 = PCURVE('',#3980,#4081);
#4081 = DEFINITIONAL_REPRESENTATION('',(#4082),#4086);
#4082 = LINE('',#4083,#4084);
#4083 = CARTESIAN_POINT('',(0.,19.8));
#4084 = VECTOR('',#4085,1.);
#4085 = DIRECTION('',(1.,0.));
#4086 = ( GEOMETRIC_REPRESENTATION_CONTEXT(2) 
PARAMETRIC_REPRESENTATION_CONTEXT() REPRESENTATION_CONTEXT('2D SPACE',''
  ) );
#4087 = ORIENTED_EDGE('',*,*,#3039,.F.);
#4088 = ORIENTED_EDGE('',*,*,#4089,.T.);
#4089 = EDGE_CURVE('',#2946,#2039,#4090,.T.);
#4090 = SURFACE_CURVE('',#4091,(#4095,#4102),.PCURVE_S1.);
#4091 = LINE('',#4092,#4093);
#4092 = CARTESIAN_POINT('',(18.290426018871,9.9,13.046147583714));
#4093 = VECTOR('',#4094,1.);
#4094 = DIRECTION('',(0.525731112119,0.,0.850650808352));
#4095 = PCURVE('',#2079,#4096);
#4096 = DEFINITIONAL_REPRESENTATION('',(#4097),#4101);
#4097 = LINE('',#4098,#4099);
#4098 = CARTESIAN_POINT('',(0.,0.));
#4099 = VECTOR('',#4100,1.);
#4100 = DIRECTION('',(1.,0.));
#4101 = ( GEOMETRIC_REPRESENTATION_CONTEXT(2) 
PARAMETRIC_REPRESENTATION_CONTEXT() REPRESENTATION_CONTEXT('2D SPACE',''
  ) );
#4102 = PCURVE('',#2053,#4103);
#4103 = DEFINITIONAL_REPRESENTATION('',(#4104),#4108);
#4104 = LINE('',#4105,#4106);
#4105 = CARTESIAN_POINT('',(0.,-19.8));
#4106 = VECTOR('',#4107,1.);
#4107 = DIRECTION('',(1.,0.));
#4108 = ( GEOMETRIC_REPRESENTATION_CONTEXT(2) 
PARAMETRIC_REPRESENTATION_CONTEXT() REPRESENTATION_CONTEXT('2D SPACE',''
  ) );
#4109 = ORIENTED_EDGE('',*,*,#2064,.F.);
#4110 = ADVANCED_FACE('',(#4111),#2053,.T.);
#4111 = FACE_BOUND('',#4112,.T.);
#4112 = EDGE_LOOP('',(#4113,#4114,#4135,#4136,#4137));
#4113 = ORIENTED_EDGE('',*,*,#3992,.F.);
#4114 = ORIENTED_EDGE('',*,*,#4115,.T.);
#4115 = EDGE_CURVE('',#3965,#2923,#4116,.T.);
#4116 = SURFACE_CURVE('',#4117,(#4121,#4128),.PCURVE_S1.);
#4117 = LINE('',#4118,#4119);
#4118 = CARTESIAN_POINT('',(1.447540013501,9.9,23.455623603672));
#4119 = VECTOR('',#4120,1.);
#4120 = DIRECTION('',(0.850650808352,0.,-0.525731112119));
#4121 = PCURVE('',#2053,#4122);
#4122 = DEFINITIONAL_REPRESENTATION('',(#4123),#4127);
#4123 = LINE('',#4124,#4125);
#4124 = CARTESIAN_POINT('',(0.,0.));
#4125 = VECTOR('',#4126,1.);
#4126 = DIRECTION('',(0.,-1.));
#4127 = ( GEOMETRIC_REPRESENTATION_CONTEXT(2) 
PARAMETRIC_REPRESENTATION_CONTEXT() REPRESENTATION_CONTEXT('2D SPACE',''
  ) );
#4128 = PCURVE('',#3980,#4129);
#4129 = DEFINITIONAL_REPRESENTATION('',(#4130),#4134);
#4130 = LINE('',#4131,#4132);
#4131 = CARTESIAN_POINT('',(0.,0.));
#4132 = VECTOR('',#4133,1.);
#4133 = DIRECTION('',(0.,1.));
#4134 = ( GEOMETRIC_REPRESENTATION_CONTEXT(2) 
PARAMETRIC_REPRESENTATION_CONTEXT() REPRESENTATION_CONTEXT('2D SPACE',''
  ) );
#4135 = ORIENTED_EDGE('',*,*,#2945,.F.);
#4136 = ORIENTED_EDGE('',*,*,#4089,.T.);
#4137 = ORIENTED_EDGE('',*,*,#2038,.F.);
#4138 = ADVANCED_FACE('',(#4139),#2156,.T.);
#4139 = FACE_BOUND('',#4140,.T.);
#4140 = EDGE_LOOP('',(#4141,#4142,#4161,#4162,#4163));
#4141 = ORIENTED_EDGE('',*,*,#2334,.F.);
#4142 = ORIENTED_EDGE('',*,*,#4143,.T.);
#4143 = EDGE_CURVE('',#2314,#2141,#4144,.T.);
#4144 = SURFACE_CURVE('',#4145,(#4149,#4155),.PCURVE_S1.);
#4145 = LINE('',#4146,#4147);
#4146 = CARTESIAN_POINT('',(8.912918115823,24.978131781222,
    -1.015929965923));
#4147 = VECTOR('',#4148,1.);
#4148 = DIRECTION('',(-0.309016994375,0.5,-0.809016994375));
#4149 = PCURVE('',#2156,#4150);
#4150 = DEFINITIONAL_REPRESENTATION('',(#4151),#4154);
#4151 = B_SPLINE_CURVE_WITH_KNOTS('',1,(#4152,#4153),.UNSPECIFIED.,.F.,
  .F.,(2,2),(-3.194264076557,-3.045016355099),.PIECEWISE_BEZIER_KNOTS.);
#4152 = CARTESIAN_POINT('',(-1.110223024625E-16,0.141943018035));
#4153 = CARTESIAN_POINT('',(4.612008230232E-02,4.440892098501E-16));
#4154 = ( GEOMETRIC_REPRESENTATION_CONTEXT(2) 
PARAMETRIC_REPRESENTATION_CONTEXT() REPRESENTATION_CONTEXT('2D SPACE',''
  ) );
#4155 = PCURVE('',#2861,#4156);
#4156 = DEFINITIONAL_REPRESENTATION('',(#4157),#4160);
#4157 = B_SPLINE_CURVE_WITH_KNOTS('',1,(#4158,#4159),.UNSPECIFIED.,.F.,
  .F.,(2,2),(-3.194264076557,-3.045016355099),.PIECEWISE_BEZIER_KNOTS.);
#4158 = CARTESIAN_POINT('',(19.8,0.141943018035));
#4159 = CARTESIAN_POINT('',(19.753879917698,0.));
#4160 = ( GEOMETRIC_REPRESENTATION_CONTEXT(2) 
PARAMETRIC_REPRESENTATION_CONTEXT() REPRESENTATION_CONTEXT('2D SPACE',''
  ) );
#4161 = ORIENTED_EDGE('',*,*,#2140,.T.);
#4162 = ORIENTED_EDGE('',*,*,#2215,.T.);
#4163 = ORIENTED_EDGE('',*,*,#2264,.F.);
#4164 = ADVANCED_FACE('',(#4165),#2422,.T.);
#4165 = FACE_BOUND('',#4166,.T.);
#4166 = EDGE_LOOP('',(#4167,#4190,#4218,#4239));
#4167 = ORIENTED_EDGE('',*,*,#4168,.F.);
#4168 = EDGE_CURVE('',#4169,#2406,#4171,.T.);
#4169 = VERTEX_POINT('',#4170);
#4170 = CARTESIAN_POINT('',(-4.125,-0.990303679674,-5.461269664636));
#4171 = SURFACE_CURVE('',#4172,(#4176,#4183),.PCURVE_S1.);
#4172 = LINE('',#4173,#4174);
#4173 = CARTESIAN_POINT('',(-4.125,-0.990303679674,-5.461269664636));
#4174 = VECTOR('',#4175,1.);
#4175 = DIRECTION('',(0.,-0.850650808352,-0.525731112119));
#4176 = PCURVE('',#2422,#4177);
#4177 = DEFINITIONAL_REPRESENTATION('',(#4178),#4182);
#4178 = LINE('',#4179,#4180);
#4179 = CARTESIAN_POINT('',(0.,8.25));
#4180 = VECTOR('',#4181,1.);
#4181 = DIRECTION('',(1.,0.));
#4182 = ( GEOMETRIC_REPRESENTATION_CONTEXT(2) 
PARAMETRIC_REPRESENTATION_CONTEXT() REPRESENTATION_CONTEXT('2D SPACE',''
  ) );
#4183 = PCURVE('',#2498,#4184);
#4184 = DEFINITIONAL_REPRESENTATION('',(#4185),#4189);
#4185 = LINE('',#4186,#4187);
#4186 = CARTESIAN_POINT('',(0.,0.));
#4187 = VECTOR('',#4188,1.);
#4188 = DIRECTION('',(1.,0.));
#4189 = ( GEOMETRIC_REPRESENTATION_CONTEXT(2) 
PARAMETRIC_REPRESENTATION_CONTEXT() REPRESENTATION_CONTEXT('2D SPACE',''
  ) );
#4190 = ORIENTED_EDGE('',*,*,#4191,.F.);
#4191 = EDGE_CURVE('',#4192,#4169,#4194,.T.);
#4192 = VERTEX_POINT('',#4193);
#4193 = CARTESIAN_POINT('',(-4.125,-5.327585354657,1.556599504269));
#4194 = SURFACE_CURVE('',#4195,(#4199,#4206),.PCURVE_S1.);
#4195 = LINE('',#4196,#4197);
#4196 = CARTESIAN_POINT('',(-4.125,-5.327585354657,1.556599504269));
#4197 = VECTOR('',#4198,1.);
#4198 = DIRECTION('',(0.,0.525731112119,-0.850650808352));
#4199 = PCURVE('',#2422,#4200);
#4200 = DEFINITIONAL_REPRESENTATION('',(#4201),#4205);
#4201 = LINE('',#4202,#4203);
#4202 = CARTESIAN_POINT('',(0.,0.));
#4203 = VECTOR('',#4204,1.);
#4204 = DIRECTION('',(0.,1.));
#4205 = ( GEOMETRIC_REPRESENTATION_CONTEXT(2) 
PARAMETRIC_REPRESENTATION_CONTEXT() REPRESENTATION_CONTEXT('2D SPACE',''
  ) );
#4206 = PCURVE('',#4207,#4212);
#4207 = PLANE('',#4208);
#4208 = AXIS2_PLACEMENT_3D('',#4209,#4210,#4211);
#4209 = CARTESIAN_POINT('',(-4.125,-5.327585354657,1.556599504269));
#4210 = DIRECTION('',(0.,-0.850650808352,-0.525731112119));
#4211 = DIRECTION('',(0.,0.525731112119,-0.850650808352));
#4212 = DEFINITIONAL_REPRESENTATION('',(#4213),#4217);
#4213 = LINE('',#4214,#4215);
#4214 = CARTESIAN_POINT('',(0.,0.));
#4215 = VECTOR('',#4216,1.);
#4216 = DIRECTION('',(1.,0.));
#4217 = ( GEOMETRIC_REPRESENTATION_CONTEXT(2) 
PARAMETRIC_REPRESENTATION_CONTEXT() REPRESENTATION_CONTEXT('2D SPACE',''
  ) );
#4218 = ORIENTED_EDGE('',*,*,#4219,.T.);
#4219 = EDGE_CURVE('',#4192,#2408,#4220,.T.);
#4220 = SURFACE_CURVE('',#4221,(#4225,#4232),.PCURVE_S1.);
#4221 = LINE('',#4222,#4223);
#4222 = CARTESIAN_POINT('',(-4.125,-5.327585354657,1.556599504269));
#4223 = VECTOR('',#4224,1.);
#4224 = DIRECTION('',(0.,-0.850650808352,-0.525731112119));
#4225 = PCURVE('',#2422,#4226);
#4226 = DEFINITIONAL_REPRESENTATION('',(#4227),#4231);
#4227 = LINE('',#4228,#4229);
#4228 = CARTESIAN_POINT('',(0.,0.));
#4229 = VECTOR('',#4230,1.);
#4230 = DIRECTION('',(1.,0.));
#4231 = ( GEOMETRIC_REPRESENTATION_CONTEXT(2) 
PARAMETRIC_REPRESENTATION_CONTEXT() REPRESENTATION_CONTEXT('2D SPACE',''
  ) );
#4232 = PCURVE('',#2448,#4233);
#4233 = DEFINITIONAL_REPRESENTATION('',(#4234),#4238);
#4234 = LINE('',#4235,#4236);
#4235 = CARTESIAN_POINT('',(0.,0.));
#4236 = VECTOR('',#4237,1.);
#4237 = DIRECTION('',(1.,0.));
#4238 = ( GEOMETRIC_REPRESENTATION_CONTEXT(2) 
PARAMETRIC_REPRESENTATION_CONTEXT() REPRESENTATION_CONTEXT('2D SPACE',''
  ) );
#4239 = ORIENTED_EDGE('',*,*,#2405,.F.);
#4240 = ADVANCED_FACE('',(#4241),#2498,.F.);
#4241 = FACE_BOUND('',#4242,.F.);
#4242 = EDGE_LOOP('',(#4243,#4244,#4267,#4288));
#4243 = ORIENTED_EDGE('',*,*,#4168,.F.);
#4244 = ORIENTED_EDGE('',*,*,#4245,.T.);
#4245 = EDGE_CURVE('',#4169,#4246,#4248,.T.);
#4246 = VERTEX_POINT('',#4247);
#4247 = CARTESIAN_POINT('',(4.125,-0.990303679674,-5.461269664636));
#4248 = SURFACE_CURVE('',#4249,(#4253,#4260),.PCURVE_S1.);
#4249 = LINE('',#4250,#4251);
#4250 = CARTESIAN_POINT('',(-4.125,-0.990303679674,-5.461269664636));
#4251 = VECTOR('',#4252,1.);
#4252 = DIRECTION('',(1.,0.,0.));
#4253 = PCURVE('',#2498,#4254);
#4254 = DEFINITIONAL_REPRESENTATION('',(#4255),#4259);
#4255 = LINE('',#4256,#4257);
#4256 = CARTESIAN_POINT('',(0.,0.));
#4257 = VECTOR('',#4258,1.);
#4258 = DIRECTION('',(0.,-1.));
#4259 = ( GEOMETRIC_REPRESENTATION_CONTEXT(2) 
PARAMETRIC_REPRESENTATION_CONTEXT() REPRESENTATION_CONTEXT('2D SPACE',''
  ) );
#4260 = PCURVE('',#4207,#4261);
#4261 = DEFINITIONAL_REPRESENTATION('',(#4262),#4266);
#4262 = LINE('',#4263,#4264);
#4263 = CARTESIAN_POINT('',(8.25,0.));
#4264 = VECTOR('',#4265,1.);
#4265 = DIRECTION('',(0.,1.));
#4266 = ( GEOMETRIC_REPRESENTATION_CONTEXT(2) 
PARAMETRIC_REPRESENTATION_CONTEXT() REPRESENTATION_CONTEXT('2D SPACE',''
  ) );
#4267 = ORIENTED_EDGE('',*,*,#4268,.T.);
#4268 = EDGE_CURVE('',#4246,#2460,#4269,.T.);
#4269 = SURFACE_CURVE('',#4270,(#4274,#4281),.PCURVE_S1.);
#4270 = LINE('',#4271,#4272);
#4271 = CARTESIAN_POINT('',(4.125,-0.990303679674,-5.461269664636));
#4272 = VECTOR('',#4273,1.);
#4273 = DIRECTION('',(0.,-0.850650808352,-0.525731112119));
#4274 = PCURVE('',#2498,#4275);
#4275 = DEFINITIONAL_REPRESENTATION('',(#4276),#4280);
#4276 = LINE('',#4277,#4278);
#4277 = CARTESIAN_POINT('',(0.,-8.25));
#4278 = VECTOR('',#4279,1.);
#4279 = DIRECTION('',(1.,0.));
#4280 = ( GEOMETRIC_REPRESENTATION_CONTEXT(2) 
PARAMETRIC_REPRESENTATION_CONTEXT() REPRESENTATION_CONTEXT('2D SPACE',''
  ) );
#4281 = PCURVE('',#2474,#4282);
#4282 = DEFINITIONAL_REPRESENTATION('',(#4283),#4287);
#4283 = LINE('',#4284,#4285);
#4284 = CARTESIAN_POINT('',(0.,8.25));
#4285 = VECTOR('',#4286,1.);
#4286 = DIRECTION('',(1.,0.));
#4287 = ( GEOMETRIC_REPRESENTATION_CONTEXT(2) 
PARAMETRIC_REPRESENTATION_CONTEXT() REPRESENTATION_CONTEXT('2D SPACE',''
  ) );
#4288 = ORIENTED_EDGE('',*,*,#2485,.F.);
#4289 = ADVANCED_FACE('',(#4290),#2474,.F.);
#4290 = FACE_BOUND('',#4291,.F.);
#4291 = EDGE_LOOP('',(#4292,#4293,#4316,#4337));
#4292 = ORIENTED_EDGE('',*,*,#4268,.F.);
#4293 = ORIENTED_EDGE('',*,*,#4294,.F.);
#4294 = EDGE_CURVE('',#4295,#4246,#4297,.T.);
#4295 = VERTEX_POINT('',#4296);
#4296 = CARTESIAN_POINT('',(4.125,-5.327585354657,1.556599504269));
#4297 = SURFACE_CURVE('',#4298,(#4302,#4309),.PCURVE_S1.);
#4298 = LINE('',#4299,#4300);
#4299 = CARTESIAN_POINT('',(4.125,-5.327585354657,1.556599504269));
#4300 = VECTOR('',#4301,1.);
#4301 = DIRECTION('',(0.,0.525731112119,-0.850650808352));
#4302 = PCURVE('',#2474,#4303);
#4303 = DEFINITIONAL_REPRESENTATION('',(#4304),#4308);
#4304 = LINE('',#4305,#4306);
#4305 = CARTESIAN_POINT('',(0.,0.));
#4306 = VECTOR('',#4307,1.);
#4307 = DIRECTION('',(0.,1.));
#4308 = ( GEOMETRIC_REPRESENTATION_CONTEXT(2) 
PARAMETRIC_REPRESENTATION_CONTEXT() REPRESENTATION_CONTEXT('2D SPACE',''
  ) );
#4309 = PCURVE('',#4207,#4310);
#4310 = DEFINITIONAL_REPRESENTATION('',(#4311),#4315);
#4311 = LINE('',#4312,#4313);
#4312 = CARTESIAN_POINT('',(0.,8.25));
#4313 = VECTOR('',#4314,1.);
#4314 = DIRECTION('',(1.,0.));
#4315 = ( GEOMETRIC_REPRESENTATION_CONTEXT(2) 
PARAMETRIC_REPRESENTATION_CONTEXT() REPRESENTATION_CONTEXT('2D SPACE',''
  ) );
#4316 = ORIENTED_EDGE('',*,*,#4317,.T.);
#4317 = EDGE_CURVE('',#4295,#2434,#4318,.T.);
#4318 = SURFACE_CURVE('',#4319,(#4323,#4330),.PCURVE_S1.);
#4319 = LINE('',#4320,#4321);
#4320 = CARTESIAN_POINT('',(4.125,-5.327585354657,1.556599504269));
#4321 = VECTOR('',#4322,1.);
#4322 = DIRECTION('',(0.,-0.850650808352,-0.525731112119));
#4323 = PCURVE('',#2474,#4324);
#4324 = DEFINITIONAL_REPRESENTATION('',(#4325),#4329);
#4325 = LINE('',#4326,#4327);
#4326 = CARTESIAN_POINT('',(0.,0.));
#4327 = VECTOR('',#4328,1.);
#4328 = DIRECTION('',(1.,0.));
#4329 = ( GEOMETRIC_REPRESENTATION_CONTEXT(2) 
PARAMETRIC_REPRESENTATION_CONTEXT() REPRESENTATION_CONTEXT('2D SPACE',''
  ) );
#4330 = PCURVE('',#2448,#4331);
#4331 = DEFINITIONAL_REPRESENTATION('',(#4332),#4336);
#4332 = LINE('',#4333,#4334);
#4333 = CARTESIAN_POINT('',(0.,-8.25));
#4334 = VECTOR('',#4335,1.);
#4335 = DIRECTION('',(1.,0.));
#4336 = ( GEOMETRIC_REPRESENTATION_CONTEXT(2) 
PARAMETRIC_REPRESENTATION_CONTEXT() REPRESENTATION_CONTEXT('2D SPACE',''
  ) );
#4337 = ORIENTED_EDGE('',*,*,#2459,.F.);
#4338 = ADVANCED_FACE('',(#4339,#4365),#2448,.T.);
#4339 = FACE_BOUND('',#4340,.T.);
#4340 = EDGE_LOOP('',(#4341,#4342,#4363,#4364));
#4341 = ORIENTED_EDGE('',*,*,#4219,.F.);
#4342 = ORIENTED_EDGE('',*,*,#4343,.T.);
#4343 = EDGE_CURVE('',#4192,#4295,#4344,.T.);
#4344 = SURFACE_CURVE('',#4345,(#4349,#4356),.PCURVE_S1.);
#4345 = LINE('',#4346,#4347);
#4346 = CARTESIAN_POINT('',(-4.125,-5.327585354657,1.556599504269));
#4347 = VECTOR('',#4348,1.);
#4348 = DIRECTION('',(1.,0.,0.));
#4349 = PCURVE('',#2448,#4350);
#4350 = DEFINITIONAL_REPRESENTATION('',(#4351),#4355);
#4351 = LINE('',#4352,#4353);
#4352 = CARTESIAN_POINT('',(0.,0.));
#4353 = VECTOR('',#4354,1.);
#4354 = DIRECTION('',(0.,-1.));
#4355 = ( GEOMETRIC_REPRESENTATION_CONTEXT(2) 
PARAMETRIC_REPRESENTATION_CONTEXT() REPRESENTATION_CONTEXT('2D SPACE',''
  ) );
#4356 = PCURVE('',#4207,#4357);
#4357 = DEFINITIONAL_REPRESENTATION('',(#4358),#4362);
#4358 = LINE('',#4359,#4360);
#4359 = CARTESIAN_POINT('',(0.,0.));
#4360 = VECTOR('',#4361,1.);
#4361 = DIRECTION('',(0.,1.));
#4362 = ( GEOMETRIC_REPRESENTATION_CONTEXT(2) 
PARAMETRIC_REPRESENTATION_CONTEXT() REPRESENTATION_CONTEXT('2D SPACE',''
  ) );
#4363 = ORIENTED_EDGE('',*,*,#4317,.T.);
#4364 = ORIENTED_EDGE('',*,*,#2433,.F.);
#4365 = FACE_BOUND('',#4366,.T.);
#4366 = EDGE_LOOP('',(#4367));
#4367 = ORIENTED_EDGE('',*,*,#4368,.T.);
#4368 = EDGE_CURVE('',#4369,#4369,#4371,.T.);
#4369 = VERTEX_POINT('',#4370);
#4370 = CARTESIAN_POINT('',(4.041334437186E-16,-12.43051960439,
    -2.833255281926));
#4371 = SURFACE_CURVE('',#4372,(#4377,#4388),.PCURVE_S1.);
#4372 = CIRCLE('',#4373,1.65);
#4373 = AXIS2_PLACEMENT_3D('',#4374,#4375,#4376);
#4374 = CARTESIAN_POINT('',(0.,-13.83409343817,-3.700711616923));
#4375 = DIRECTION('',(0.,-0.525731112119,0.850650808352));
#4376 = DIRECTION('',(0.,0.850650808352,0.525731112119));
#4377 = PCURVE('',#2448,#4378);
#4378 = DEFINITIONAL_REPRESENTATION('',(#4379),#4387);
#4379 = ( BOUNDED_CURVE() B_SPLINE_CURVE(2,(#4380,#4381,#4382,#4383,
#4384,#4385,#4386),.UNSPECIFIED.,.T.,.F.) B_SPLINE_CURVE_WITH_KNOTS((1,2
    ,2,2,2,1),(-2.094395102393,0.,2.094395102393,4.188790204786,
6.28318530718,8.377580409573),.UNSPECIFIED.) CURVE() 
GEOMETRIC_REPRESENTATION_ITEM() RATIONAL_B_SPLINE_CURVE((1.,0.5,1.,0.5,
1.,0.5,1.)) REPRESENTATION_ITEM('') );
#4380 = CARTESIAN_POINT('',(8.35,-4.125));
#4381 = CARTESIAN_POINT('',(8.35,-1.267116167511));
#4382 = CARTESIAN_POINT('',(10.825,-2.696058083756));
#4383 = CARTESIAN_POINT('',(13.3,-4.125));
#4384 = CARTESIAN_POINT('',(10.825,-5.553941916244));
#4385 = CARTESIAN_POINT('',(8.35,-6.982883832489));
#4386 = CARTESIAN_POINT('',(8.35,-4.125));
#4387 = ( GEOMETRIC_REPRESENTATION_CONTEXT(2) 
PARAMETRIC_REPRESENTATION_CONTEXT() REPRESENTATION_CONTEXT('2D SPACE',''
  ) );
#4388 = PCURVE('',#4389,#4394);
#4389 = CYLINDRICAL_SURFACE('',#4390,1.65);
#4390 = AXIS2_PLACEMENT_3D('',#4391,#4392,#4393);
#4391 = CARTESIAN_POINT('',(0.,-10.61399037644,-8.910947818079));
#4392 = DIRECTION('',(0.,-0.525731112119,0.850650808352));
#4393 = DIRECTION('',(0.,0.850650808352,0.525731112119));
#4394 = DEFINITIONAL_REPRESENTATION('',(#4395),#4399);
#4395 = LINE('',#4396,#4397);
#4396 = CARTESIAN_POINT('',(0.,6.125));
#4397 = VECTOR('',#4398,1.);
#4398 = DIRECTION('',(1.,0.));
#4399 = ( GEOMETRIC_REPRESENTATION_CONTEXT(2) 
PARAMETRIC_REPRESENTATION_CONTEXT() REPRESENTATION_CONTEXT('2D SPACE',''
  ) );
#4400 = ADVANCED_FACE('',(#4401),#2550,.T.);
#4401 = FACE_BOUND('',#4402,.T.);
#4402 = EDGE_LOOP('',(#4403,#4404,#4405,#4406,#4407,#4408));
#4403 = ORIENTED_EDGE('',*,*,#2638,.F.);
#4404 = ORIENTED_EDGE('',*,*,#2687,.F.);
#4405 = ORIENTED_EDGE('',*,*,#2534,.T.);
#4406 = ORIENTED_EDGE('',*,*,#3916,.T.);
#4407 = ORIENTED_EDGE('',*,*,#2589,.T.);
#4408 = ORIENTED_EDGE('',*,*,#3293,.T.);
#4409 = ADVANCED_FACE('',(#4410),#2755,.T.);
#4410 = FACE_BOUND('',#4411,.T.);
#4411 = EDGE_LOOP('',(#4412,#4435,#4463,#4484));
#4412 = ORIENTED_EDGE('',*,*,#4413,.F.);
#4413 = EDGE_CURVE('',#4414,#2739,#4416,.T.);
#4414 = VERTEX_POINT('',#4415);
#4415 = CARTESIAN_POINT('',(23.455623603672,-1.447540013501,9.9));
#4416 = SURFACE_CURVE('',#4417,(#4421,#4428),.PCURVE_S1.);
#4417 = LINE('',#4418,#4419);
#4418 = CARTESIAN_POINT('',(23.455623603672,-1.447540013501,9.9));
#4419 = VECTOR('',#4420,1.);
#4420 = DIRECTION('',(0.850650808352,-0.525731112119,0.));
#4421 = PCURVE('',#2755,#4422);
#4422 = DEFINITIONAL_REPRESENTATION('',(#4423),#4427);
#4423 = LINE('',#4424,#4425);
#4424 = CARTESIAN_POINT('',(0.,19.8));
#4425 = VECTOR('',#4426,1.);
#4426 = DIRECTION('',(1.,0.));
#4427 = ( GEOMETRIC_REPRESENTATION_CONTEXT(2) 
PARAMETRIC_REPRESENTATION_CONTEXT() REPRESENTATION_CONTEXT('2D SPACE',''
  ) );
#4428 = PCURVE('',#2831,#4429);
#4429 = DEFINITIONAL_REPRESENTATION('',(#4430),#4434);
#4430 = LINE('',#4431,#4432);
#4431 = CARTESIAN_POINT('',(0.,0.));
#4432 = VECTOR('',#4433,1.);
#4433 = DIRECTION('',(1.,0.));
#4434 = ( GEOMETRIC_REPRESENTATION_CONTEXT(2) 
PARAMETRIC_REPRESENTATION_CONTEXT() REPRESENTATION_CONTEXT('2D SPACE',''
  ) );
#4435 = ORIENTED_EDGE('',*,*,#4436,.F.);
#4436 = EDGE_CURVE('',#4437,#4414,#4439,.T.);
#4437 = VERTEX_POINT('',#4438);
#4438 = CARTESIAN_POINT('',(23.455623603672,-1.447540013501,-9.9));
#4439 = SURFACE_CURVE('',#4440,(#4444,#4451),.PCURVE_S1.);
#4440 = LINE('',#4441,#4442);
#4441 = CARTESIAN_POINT('',(23.455623603672,-1.447540013501,-9.9));
#4442 = VECTOR('',#4443,1.);
#4443 = DIRECTION('',(0.,0.,1.));
#4444 = PCURVE('',#2755,#4445);
#4445 = DEFINITIONAL_REPRESENTATION('',(#4446),#4450);
#4446 = LINE('',#4447,#4448);
#4447 = CARTESIAN_POINT('',(0.,0.));
#4448 = VECTOR('',#4449,1.);
#4449 = DIRECTION('',(0.,1.));
#4450 = ( GEOMETRIC_REPRESENTATION_CONTEXT(2) 
PARAMETRIC_REPRESENTATION_CONTEXT() REPRESENTATION_CONTEXT('2D SPACE',''
  ) );
#4451 = PCURVE('',#4452,#4457);
#4452 = PLANE('',#4453);
#4453 = AXIS2_PLACEMENT_3D('',#4454,#4455,#4456);
#4454 = CARTESIAN_POINT('',(23.455623603672,-1.447540013501,-9.9));
#4455 = DIRECTION('',(0.850650808352,-0.525731112119,0.));
#4456 = DIRECTION('',(0.,0.,1.));
#4457 = DEFINITIONAL_REPRESENTATION('',(#4458),#4462);
#4458 = LINE('',#4459,#4460);
#4459 = CARTESIAN_POINT('',(0.,0.));
#4460 = VECTOR('',#4461,1.);
#4461 = DIRECTION('',(1.,0.));
#4462 = ( GEOMETRIC_REPRESENTATION_CONTEXT(2) 
PARAMETRIC_REPRESENTATION_CONTEXT() REPRESENTATION_CONTEXT('2D SPACE',''
  ) );
#4463 = ORIENTED_EDGE('',*,*,#4464,.T.);
#4464 = EDGE_CURVE('',#4437,#2741,#4465,.T.);
#4465 = SURFACE_CURVE('',#4466,(#4470,#4477),.PCURVE_S1.);
#4466 = LINE('',#4467,#4468);
#4467 = CARTESIAN_POINT('',(23.455623603672,-1.447540013501,-9.9));
#4468 = VECTOR('',#4469,1.);
#4469 = DIRECTION('',(0.850650808352,-0.525731112119,0.));
#4470 = PCURVE('',#2755,#4471);
#4471 = DEFINITIONAL_REPRESENTATION('',(#4472),#4476);
#4472 = LINE('',#4473,#4474);
#4473 = CARTESIAN_POINT('',(0.,0.));
#4474 = VECTOR('',#4475,1.);
#4475 = DIRECTION('',(1.,0.));
#4476 = ( GEOMETRIC_REPRESENTATION_CONTEXT(2) 
PARAMETRIC_REPRESENTATION_CONTEXT() REPRESENTATION_CONTEXT('2D SPACE',''
  ) );
#4477 = PCURVE('',#2781,#4478);
#4478 = DEFINITIONAL_REPRESENTATION('',(#4479),#4483);
#4479 = LINE('',#4480,#4481);
#4480 = CARTESIAN_POINT('',(0.,0.));
#4481 = VECTOR('',#4482,1.);
#4482 = DIRECTION('',(1.,0.));
#4483 = ( GEOMETRIC_REPRESENTATION_CONTEXT(2) 
PARAMETRIC_REPRESENTATION_CONTEXT() REPRESENTATION_CONTEXT('2D SPACE',''
  ) );
#4484 = ORIENTED_EDGE('',*,*,#2738,.F.);
#4485 = ADVANCED_FACE('',(#4486),#2831,.F.);
#4486 = FACE_BOUND('',#4487,.F.);
#4487 = EDGE_LOOP('',(#4488,#4489,#4512,#4533));
#4488 = ORIENTED_EDGE('',*,*,#4413,.F.);
#4489 = ORIENTED_EDGE('',*,*,#4490,.T.);
#4490 = EDGE_CURVE('',#4414,#4491,#4493,.T.);
#4491 = VERTEX_POINT('',#4492);
#4492 = CARTESIAN_POINT('',(13.046147583714,-18.29042601887,9.9));
#4493 = SURFACE_CURVE('',#4494,(#4498,#4505),.PCURVE_S1.);
#4494 = LINE('',#4495,#4496);
#4495 = CARTESIAN_POINT('',(23.455623603672,-1.447540013501,9.9));
#4496 = VECTOR('',#4497,1.);
#4497 = DIRECTION('',(-0.525731112119,-0.850650808352,0.));
#4498 = PCURVE('',#2831,#4499);
#4499 = DEFINITIONAL_REPRESENTATION('',(#4500),#4504);
#4500 = LINE('',#4501,#4502);
#4501 = CARTESIAN_POINT('',(0.,0.));
#4502 = VECTOR('',#4503,1.);
#4503 = DIRECTION('',(0.,-1.));
#4504 = ( GEOMETRIC_REPRESENTATION_CONTEXT(2) 
PARAMETRIC_REPRESENTATION_CONTEXT() REPRESENTATION_CONTEXT('2D SPACE',''
  ) );
#4505 = PCURVE('',#4452,#4506);
#4506 = DEFINITIONAL_REPRESENTATION('',(#4507),#4511);
#4507 = LINE('',#4508,#4509);
#4508 = CARTESIAN_POINT('',(19.8,0.));
#4509 = VECTOR('',#4510,1.);
#4510 = DIRECTION('',(0.,1.));
#4511 = ( GEOMETRIC_REPRESENTATION_CONTEXT(2) 
PARAMETRIC_REPRESENTATION_CONTEXT() REPRESENTATION_CONTEXT('2D SPACE',''
  ) );
#4512 = ORIENTED_EDGE('',*,*,#4513,.T.);
#4513 = EDGE_CURVE('',#4491,#2793,#4514,.T.);
#4514 = SURFACE_CURVE('',#4515,(#4519,#4526),.PCURVE_S1.);
#4515 = LINE('',#4516,#4517);
#4516 = CARTESIAN_POINT('',(13.046147583714,-18.29042601887,9.9));
#4517 = VECTOR('',#4518,1.);
#4518 = DIRECTION('',(0.850650808352,-0.525731112119,0.));
#4519 = PCURVE('',#2831,#4520);
#4520 = DEFINITIONAL_REPRESENTATION('',(#4521),#4525);
#4521 = LINE('',#4522,#4523);
#4522 = CARTESIAN_POINT('',(0.,-19.8));
#4523 = VECTOR('',#4524,1.);
#4524 = DIRECTION('',(1.,0.));
#4525 = ( GEOMETRIC_REPRESENTATION_CONTEXT(2) 
PARAMETRIC_REPRESENTATION_CONTEXT() REPRESENTATION_CONTEXT('2D SPACE',''
  ) );
#4526 = PCURVE('',#2807,#4527);
#4527 = DEFINITIONAL_REPRESENTATION('',(#4528),#4532);
#4528 = LINE('',#4529,#4530);
#4529 = CARTESIAN_POINT('',(0.,19.8));
#4530 = VECTOR('',#4531,1.);
#4531 = DIRECTION('',(1.,0.));
#4532 = ( GEOMETRIC_REPRESENTATION_CONTEXT(2) 
PARAMETRIC_REPRESENTATION_CONTEXT() REPRESENTATION_CONTEXT('2D SPACE',''
  ) );
#4533 = ORIENTED_EDGE('',*,*,#2818,.F.);
#4534 = ADVANCED_FACE('',(#4535),#2807,.F.);
#4535 = FACE_BOUND('',#4536,.F.);
#4536 = EDGE_LOOP('',(#4537,#4538,#4561,#4582));
#4537 = ORIENTED_EDGE('',*,*,#4513,.F.);
#4538 = ORIENTED_EDGE('',*,*,#4539,.F.);
#4539 = EDGE_CURVE('',#4540,#4491,#4542,.T.);
#4540 = VERTEX_POINT('',#4541);
#4541 = CARTESIAN_POINT('',(13.046147583714,-18.29042601887,-9.9));
#4542 = SURFACE_CURVE('',#4543,(#4547,#4554),.PCURVE_S1.);
#4543 = LINE('',#4544,#4545);
#4544 = CARTESIAN_POINT('',(13.046147583714,-18.29042601887,-9.9));
#4545 = VECTOR('',#4546,1.);
#4546 = DIRECTION('',(0.,0.,1.));
#4547 = PCURVE('',#2807,#4548);
#4548 = DEFINITIONAL_REPRESENTATION('',(#4549),#4553);
#4549 = LINE('',#4550,#4551);
#4550 = CARTESIAN_POINT('',(0.,0.));
#4551 = VECTOR('',#4552,1.);
#4552 = DIRECTION('',(0.,1.));
#4553 = ( GEOMETRIC_REPRESENTATION_CONTEXT(2) 
PARAMETRIC_REPRESENTATION_CONTEXT() REPRESENTATION_CONTEXT('2D SPACE',''
  ) );
#4554 = PCURVE('',#4452,#4555);
#4555 = DEFINITIONAL_REPRESENTATION('',(#4556),#4560);
#4556 = LINE('',#4557,#4558);
#4557 = CARTESIAN_POINT('',(0.,19.8));
#4558 = VECTOR('',#4559,1.);
#4559 = DIRECTION('',(1.,0.));
#4560 = ( GEOMETRIC_REPRESENTATION_CONTEXT(2) 
PARAMETRIC_REPRESENTATION_CONTEXT() REPRESENTATION_CONTEXT('2D SPACE',''
  ) );
#4561 = ORIENTED_EDGE('',*,*,#4562,.T.);
#4562 = EDGE_CURVE('',#4540,#2767,#4563,.T.);
#4563 = SURFACE_CURVE('',#4564,(#4568,#4575),.PCURVE_S1.);
#4564 = LINE('',#4565,#4566);
#4565 = CARTESIAN_POINT('',(13.046147583714,-18.29042601887,-9.9));
#4566 = VECTOR('',#4567,1.);
#4567 = DIRECTION('',(0.850650808352,-0.525731112119,0.));
#4568 = PCURVE('',#2807,#4569);
#4569 = DEFINITIONAL_REPRESENTATION('',(#4570),#4574);
#4570 = LINE('',#4571,#4572);
#4571 = CARTESIAN_POINT('',(0.,0.));
#4572 = VECTOR('',#4573,1.);
#4573 = DIRECTION('',(1.,0.));
#4574 = ( GEOMETRIC_REPRESENTATION_CONTEXT(2) 
PARAMETRIC_REPRESENTATION_CONTEXT() REPRESENTATION_CONTEXT('2D SPACE',''
  ) );
#4575 = PCURVE('',#2781,#4576);
#4576 = DEFINITIONAL_REPRESENTATION('',(#4577),#4581);
#4577 = LINE('',#4578,#4579);
#4578 = CARTESIAN_POINT('',(0.,-19.8));
#4579 = VECTOR('',#4580,1.);
#4580 = DIRECTION('',(1.,0.));
#4581 = ( GEOMETRIC_REPRESENTATION_CONTEXT(2) 
PARAMETRIC_REPRESENTATION_CONTEXT() REPRESENTATION_CONTEXT('2D SPACE',''
  ) );
#4582 = ORIENTED_EDGE('',*,*,#2792,.F.);
#4583 = ADVANCED_FACE('',(#4584),#2781,.T.);
#4584 = FACE_BOUND('',#4585,.T.);
#4585 = EDGE_LOOP('',(#4586,#4587,#4608,#4609));
#4586 = ORIENTED_EDGE('',*,*,#4464,.F.);
#4587 = ORIENTED_EDGE('',*,*,#4588,.T.);
#4588 = EDGE_CURVE('',#4437,#4540,#4589,.T.);
#4589 = SURFACE_CURVE('',#4590,(#4594,#4601),.PCURVE_S1.);
#4590 = LINE('',#4591,#4592);
#4591 = CARTESIAN_POINT('',(23.455623603672,-1.447540013501,-9.9));
#4592 = VECTOR('',#4593,1.);
#4593 = DIRECTION('',(-0.525731112119,-0.850650808352,0.));
#4594 = PCURVE('',#2781,#4595);
#4595 = DEFINITIONAL_REPRESENTATION('',(#4596),#4600);
#4596 = LINE('',#4597,#4598);
#4597 = CARTESIAN_POINT('',(0.,0.));
#4598 = VECTOR('',#4599,1.);
#4599 = DIRECTION('',(0.,-1.));
#4600 = ( GEOMETRIC_REPRESENTATION_CONTEXT(2) 
PARAMETRIC_REPRESENTATION_CONTEXT() REPRESENTATION_CONTEXT('2D SPACE',''
  ) );
#4601 = PCURVE('',#4452,#4602);
#4602 = DEFINITIONAL_REPRESENTATION('',(#4603),#4607);
#4603 = LINE('',#4604,#4605);
#4604 = CARTESIAN_POINT('',(0.,0.));
#4605 = VECTOR('',#4606,1.);
#4606 = DIRECTION('',(0.,1.));
#4607 = ( GEOMETRIC_REPRESENTATION_CONTEXT(2) 
PARAMETRIC_REPRESENTATION_CONTEXT() REPRESENTATION_CONTEXT('2D SPACE',''
  ) );
#4608 = ORIENTED_EDGE('',*,*,#4562,.T.);
#4609 = ORIENTED_EDGE('',*,*,#2766,.F.);
#4610 = ADVANCED_FACE('',(#4611),#2861,.T.);
#4611 = FACE_BOUND('',#4612,.T.);
#4612 = EDGE_LOOP('',(#4613,#4614,#4615,#4616,#4617,#4618));
#4613 = ORIENTED_EDGE('',*,*,#2991,.F.);
#4614 = ORIENTED_EDGE('',*,*,#3062,.F.);
#4615 = ORIENTED_EDGE('',*,*,#2845,.T.);
#4616 = ORIENTED_EDGE('',*,*,#4143,.F.);
#4617 = ORIENTED_EDGE('',*,*,#2922,.T.);
#4618 = ORIENTED_EDGE('',*,*,#4619,.F.);
#4619 = EDGE_CURVE('',#2994,#2923,#4620,.T.);
#4620 = SURFACE_CURVE('',#4621,(#4625,#4631),.PCURVE_S1.);
#4621 = LINE('',#4622,#4623);
#4622 = CARTESIAN_POINT('',(16.43755996556,12.803005515176,
    14.191281781261));
#4623 = VECTOR('',#4624,1.);
#4624 = DIRECTION('',(-0.5,0.809016994375,0.309016994375));
#4625 = PCURVE('',#2861,#4626);
#4626 = DEFINITIONAL_REPRESENTATION('',(#4627),#4630);
#4627 = B_SPLINE_CURVE_WITH_KNOTS('',1,(#4628,#4629),.UNSPECIFIED.,.F.,
  .F.,(2,2),(-3.705732106622,-3.588312155814),.PIECEWISE_BEZIER_KNOTS.);
#4628 = CARTESIAN_POINT('',(19.705005264318,19.8));
#4629 = CARTESIAN_POINT('',(19.8,19.73098228459));
#4630 = ( GEOMETRIC_REPRESENTATION_CONTEXT(2) 
PARAMETRIC_REPRESENTATION_CONTEXT() REPRESENTATION_CONTEXT('2D SPACE',''
  ) );
#4631 = PCURVE('',#3980,#4632);
#4632 = DEFINITIONAL_REPRESENTATION('',(#4633),#4636);
#4633 = B_SPLINE_CURVE_WITH_KNOTS('',1,(#4634,#4635),.UNSPECIFIED.,.F.,
  .F.,(2,2),(-3.705732106622,-3.588312155814),.PIECEWISE_BEZIER_KNOTS.);
#4634 = CARTESIAN_POINT('',(9.499473568192E-02,19.8));
#4635 = CARTESIAN_POINT('',(-4.440892098501E-16,19.73098228459));
#4636 = ( GEOMETRIC_REPRESENTATION_CONTEXT(2) 
PARAMETRIC_REPRESENTATION_CONTEXT() REPRESENTATION_CONTEXT('2D SPACE',''
  ) );
#4637 = ADVANCED_FACE('',(#4638),#3127,.T.);
#4638 = FACE_BOUND('',#4639,.T.);
#4639 = EDGE_LOOP('',(#4640,#4641,#4642,#4643));
#4640 = ORIENTED_EDGE('',*,*,#3263,.F.);
#4641 = ORIENTED_EDGE('',*,*,#3111,.T.);
#4642 = ORIENTED_EDGE('',*,*,#3165,.T.);
#4643 = ORIENTED_EDGE('',*,*,#3214,.F.);
#4644 = ADVANCED_FACE('',(#4645),#3339,.T.);
#4645 = FACE_BOUND('',#4646,.T.);
#4646 = EDGE_LOOP('',(#4647,#4670,#4698,#4719));
#4647 = ORIENTED_EDGE('',*,*,#4648,.F.);
#4648 = EDGE_CURVE('',#4649,#3323,#4651,.T.);
#4649 = VERTEX_POINT('',#4650);
#4650 = CARTESIAN_POINT('',(-1.484851943866,-9.839628028484,
    23.478683644824));
#4651 = SURFACE_CURVE('',#4652,(#4656,#4663),.PCURVE_S1.);
#4652 = LINE('',#4653,#4654);
#4653 = CARTESIAN_POINT('',(-1.484851943866,-9.839628028484,
    23.478683644824));
#4654 = VECTOR('',#4655,1.);
#4655 = DIRECTION('',(0.,-0.850650808352,0.525731112119));
#4656 = PCURVE('',#3339,#4657);
#4657 = DEFINITIONAL_REPRESENTATION('',(#4658),#4662);
#4658 = LINE('',#4659,#4660);
#4659 = CARTESIAN_POINT('',(0.,19.8));
#4660 = VECTOR('',#4661,1.);
#4661 = DIRECTION('',(1.,0.));
#4662 = ( GEOMETRIC_REPRESENTATION_CONTEXT(2) 
PARAMETRIC_REPRESENTATION_CONTEXT() REPRESENTATION_CONTEXT('2D SPACE',''
  ) );
#4663 = PCURVE('',#3415,#4664);
#4664 = DEFINITIONAL_REPRESENTATION('',(#4665),#4669);
#4665 = LINE('',#4666,#4667);
#4666 = CARTESIAN_POINT('',(0.,0.));
#4667 = VECTOR('',#4668,1.);
#4668 = DIRECTION('',(1.,0.));
#4669 = ( GEOMETRIC_REPRESENTATION_CONTEXT(2) 
PARAMETRIC_REPRESENTATION_CONTEXT() REPRESENTATION_CONTEXT('2D SPACE',''
  ) );
#4670 = ORIENTED_EDGE('',*,*,#4671,.F.);
#4671 = EDGE_CURVE('',#4672,#4649,#4674,.T.);
#4672 = VERTEX_POINT('',#4673);
#4673 = CARTESIAN_POINT('',(14.533684544758,-15.9581645171,
    13.578683644824));
#4674 = SURFACE_CURVE('',#4675,(#4679,#4686),.PCURVE_S1.);
#4675 = LINE('',#4676,#4677);
#4676 = CARTESIAN_POINT('',(14.533684544758,-15.9581645171,
    13.578683644824));
#4677 = VECTOR('',#4678,1.);
#4678 = DIRECTION('',(-0.809016994375,0.309016994375,0.5));
#4679 = PCURVE('',#3339,#4680);
#4680 = DEFINITIONAL_REPRESENTATION('',(#4681),#4685);
#4681 = LINE('',#4682,#4683);
#4682 = CARTESIAN_POINT('',(0.,0.));
#4683 = VECTOR('',#4684,1.);
#4684 = DIRECTION('',(0.,1.));
#4685 = ( GEOMETRIC_REPRESENTATION_CONTEXT(2) 
PARAMETRIC_REPRESENTATION_CONTEXT() REPRESENTATION_CONTEXT('2D SPACE',''
  ) );
#4686 = PCURVE('',#4687,#4692);
#4687 = PLANE('',#4688);
#4688 = AXIS2_PLACEMENT_3D('',#4689,#4690,#4691);
#4689 = CARTESIAN_POINT('',(14.533684544758,-15.9581645171,
    13.578683644824));
#4690 = DIRECTION('',(0.,-0.850650808352,0.525731112119));
#4691 = DIRECTION('',(-0.809016994375,0.309016994375,0.5));
#4692 = DEFINITIONAL_REPRESENTATION('',(#4693),#4697);
#4693 = LINE('',#4694,#4695);
#4694 = CARTESIAN_POINT('',(0.,0.));
#4695 = VECTOR('',#4696,1.);
#4696 = DIRECTION('',(1.,0.));
#4697 = ( GEOMETRIC_REPRESENTATION_CONTEXT(2) 
PARAMETRIC_REPRESENTATION_CONTEXT() REPRESENTATION_CONTEXT('2D SPACE',''
  ) );
#4698 = ORIENTED_EDGE('',*,*,#4699,.T.);
#4699 = EDGE_CURVE('',#4672,#3325,#4700,.T.);
#4700 = SURFACE_CURVE('',#4701,(#4705,#4712),.PCURVE_S1.);
#4701 = LINE('',#4702,#4703);
#4702 = CARTESIAN_POINT('',(14.533684544758,-15.9581645171,
    13.578683644824));
#4703 = VECTOR('',#4704,1.);
#4704 = DIRECTION('',(0.,-0.850650808352,0.525731112119));
#4705 = PCURVE('',#3339,#4706);
#4706 = DEFINITIONAL_REPRESENTATION('',(#4707),#4711);
#4707 = LINE('',#4708,#4709);
#4708 = CARTESIAN_POINT('',(0.,0.));
#4709 = VECTOR('',#4710,1.);
#4710 = DIRECTION('',(1.,0.));
#4711 = ( GEOMETRIC_REPRESENTATION_CONTEXT(2) 
PARAMETRIC_REPRESENTATION_CONTEXT() REPRESENTATION_CONTEXT('2D SPACE',''
  ) );
#4712 = PCURVE('',#3365,#4713);
#4713 = DEFINITIONAL_REPRESENTATION('',(#4714),#4718);
#4714 = LINE('',#4715,#4716);
#4715 = CARTESIAN_POINT('',(0.,0.));
#4716 = VECTOR('',#4717,1.);
#4717 = DIRECTION('',(1.,0.));
#4718 = ( GEOMETRIC_REPRESENTATION_CONTEXT(2) 
PARAMETRIC_REPRESENTATION_CONTEXT() REPRESENTATION_CONTEXT('2D SPACE',''
  ) );
#4719 = ORIENTED_EDGE('',*,*,#3322,.F.);
#4720 = ADVANCED_FACE('',(#4721),#3415,.F.);
#4721 = FACE_BOUND('',#4722,.F.);
#4722 = EDGE_LOOP('',(#4723,#4724,#4745,#4746,#4767));
#4723 = ORIENTED_EDGE('',*,*,#4648,.F.);
#4724 = ORIENTED_EDGE('',*,*,#4725,.T.);
#4725 = EDGE_CURVE('',#4649,#3668,#4726,.T.);
#4726 = SURFACE_CURVE('',#4727,(#4731,#4738),.PCURVE_S1.);
#4727 = LINE('',#4728,#4729);
#4728 = CARTESIAN_POINT('',(-1.484851943866,-9.839628028484,
    23.478683644824));
#4729 = VECTOR('',#4730,1.);
#4730 = DIRECTION('',(-0.587785252292,-0.425325404176,-0.688190960236));
#4731 = PCURVE('',#3415,#4732);
#4732 = DEFINITIONAL_REPRESENTATION('',(#4733),#4737);
#4733 = LINE('',#4734,#4735);
#4734 = CARTESIAN_POINT('',(0.,0.));
#4735 = VECTOR('',#4736,1.);
#4736 = DIRECTION('',(0.,-1.));
#4737 = ( GEOMETRIC_REPRESENTATION_CONTEXT(2) 
PARAMETRIC_REPRESENTATION_CONTEXT() REPRESENTATION_CONTEXT('2D SPACE',''
  ) );
#4738 = PCURVE('',#4687,#4739);
#4739 = DEFINITIONAL_REPRESENTATION('',(#4740),#4744);
#4740 = LINE('',#4741,#4742);
#4741 = CARTESIAN_POINT('',(19.8,0.));
#4742 = VECTOR('',#4743,1.);
#4743 = DIRECTION('',(0.,1.));
#4744 = ( GEOMETRIC_REPRESENTATION_CONTEXT(2) 
PARAMETRIC_REPRESENTATION_CONTEXT() REPRESENTATION_CONTEXT('2D SPACE',''
  ) );
#4745 = ORIENTED_EDGE('',*,*,#3690,.F.);
#4746 = ORIENTED_EDGE('',*,*,#4747,.T.);
#4747 = EDGE_CURVE('',#3600,#3377,#4748,.T.);
#4748 = SURFACE_CURVE('',#4749,(#4753,#4760),.PCURVE_S1.);
#4749 = LINE('',#4750,#4751);
#4750 = CARTESIAN_POINT('',(-13.12299993925,-18.26107103116,
    9.852502632159));
#4751 = VECTOR('',#4752,1.);
#4752 = DIRECTION('',(0.,-0.850650808352,0.525731112119));
#4753 = PCURVE('',#3415,#4754);
#4754 = DEFINITIONAL_REPRESENTATION('',(#4755),#4759);
#4755 = LINE('',#4756,#4757);
#4756 = CARTESIAN_POINT('',(0.,-19.8));
#4757 = VECTOR('',#4758,1.);
#4758 = DIRECTION('',(1.,0.));
#4759 = ( GEOMETRIC_REPRESENTATION_CONTEXT(2) 
PARAMETRIC_REPRESENTATION_CONTEXT() REPRESENTATION_CONTEXT('2D SPACE',''
  ) );
#4760 = PCURVE('',#3391,#4761);
#4761 = DEFINITIONAL_REPRESENTATION('',(#4762),#4766);
#4762 = LINE('',#4763,#4764);
#4763 = CARTESIAN_POINT('',(0.,19.8));
#4764 = VECTOR('',#4765,1.);
#4765 = DIRECTION('',(1.,0.));
#4766 = ( GEOMETRIC_REPRESENTATION_CONTEXT(2) 
PARAMETRIC_REPRESENTATION_CONTEXT() REPRESENTATION_CONTEXT('2D SPACE',''
  ) );
#4767 = ORIENTED_EDGE('',*,*,#3402,.F.);
#4768 = ADVANCED_FACE('',(#4769),#3391,.F.);
#4769 = FACE_BOUND('',#4770,.F.);
#4770 = EDGE_LOOP('',(#4771,#4794,#4815,#4816,#4817));
#4771 = ORIENTED_EDGE('',*,*,#4772,.F.);
#4772 = EDGE_CURVE('',#4773,#3577,#4775,.T.);
#4773 = VERTEX_POINT('',#4774);
#4774 = CARTESIAN_POINT('',(2.895536549367,-24.37960751979,
    -4.749736784096E-02));
#4775 = SURFACE_CURVE('',#4776,(#4780,#4787),.PCURVE_S1.);
#4776 = LINE('',#4777,#4778);
#4777 = CARTESIAN_POINT('',(2.895536549367,-24.37960751979,
    -4.749736784096E-02));
#4778 = VECTOR('',#4779,1.);
#4779 = DIRECTION('',(-0.809016994375,0.309016994375,0.5));
#4780 = PCURVE('',#3391,#4781);
#4781 = DEFINITIONAL_REPRESENTATION('',(#4782),#4786);
#4782 = LINE('',#4783,#4784);
#4783 = CARTESIAN_POINT('',(0.,0.));
#4784 = VECTOR('',#4785,1.);
#4785 = DIRECTION('',(0.,1.));
#4786 = ( GEOMETRIC_REPRESENTATION_CONTEXT(2) 
PARAMETRIC_REPRESENTATION_CONTEXT() REPRESENTATION_CONTEXT('2D SPACE',''
  ) );
#4787 = PCURVE('',#4687,#4788);
#4788 = DEFINITIONAL_REPRESENTATION('',(#4789),#4793);
#4789 = LINE('',#4790,#4791);
#4790 = CARTESIAN_POINT('',(0.,19.8));
#4791 = VECTOR('',#4792,1.);
#4792 = DIRECTION('',(1.,0.));
#4793 = ( GEOMETRIC_REPRESENTATION_CONTEXT(2) 
PARAMETRIC_REPRESENTATION_CONTEXT() REPRESENTATION_CONTEXT('2D SPACE',''
  ) );
#4794 = ORIENTED_EDGE('',*,*,#4795,.T.);
#4795 = EDGE_CURVE('',#4773,#3351,#4796,.T.);
#4796 = SURFACE_CURVE('',#4797,(#4801,#4808),.PCURVE_S1.);
#4797 = LINE('',#4798,#4799);
#4798 = CARTESIAN_POINT('',(2.895536549367,-24.37960751979,
    -4.749736784096E-02));
#4799 = VECTOR('',#4800,1.);
#4800 = DIRECTION('',(0.,-0.850650808352,0.525731112119));
#4801 = PCURVE('',#3391,#4802);
#4802 = DEFINITIONAL_REPRESENTATION('',(#4803),#4807);
#4803 = LINE('',#4804,#4805);
#4804 = CARTESIAN_POINT('',(0.,0.));
#4805 = VECTOR('',#4806,1.);
#4806 = DIRECTION('',(1.,0.));
#4807 = ( GEOMETRIC_REPRESENTATION_CONTEXT(2) 
PARAMETRIC_REPRESENTATION_CONTEXT() REPRESENTATION_CONTEXT('2D SPACE',''
  ) );
#4808 = PCURVE('',#3365,#4809);
#4809 = DEFINITIONAL_REPRESENTATION('',(#4810),#4814);
#4810 = LINE('',#4811,#4812);
#4811 = CARTESIAN_POINT('',(0.,-19.8));
#4812 = VECTOR('',#4813,1.);
#4813 = DIRECTION('',(1.,0.));
#4814 = ( GEOMETRIC_REPRESENTATION_CONTEXT(2) 
PARAMETRIC_REPRESENTATION_CONTEXT() REPRESENTATION_CONTEXT('2D SPACE',''
  ) );
#4815 = ORIENTED_EDGE('',*,*,#3376,.F.);
#4816 = ORIENTED_EDGE('',*,*,#4747,.F.);
#4817 = ORIENTED_EDGE('',*,*,#3599,.T.);
#4818 = ADVANCED_FACE('',(#4819),#3365,.T.);
#4819 = FACE_BOUND('',#4820,.T.);
#4820 = EDGE_LOOP('',(#4821,#4822,#4843,#4844));
#4821 = ORIENTED_EDGE('',*,*,#4699,.F.);
#4822 = ORIENTED_EDGE('',*,*,#4823,.T.);
#4823 = EDGE_CURVE('',#4672,#4773,#4824,.T.);
#4824 = SURFACE_CURVE('',#4825,(#4829,#4836),.PCURVE_S1.);
#4825 = LINE('',#4826,#4827);
#4826 = CARTESIAN_POINT('',(14.533684544758,-15.9581645171,
    13.578683644824));
#4827 = VECTOR('',#4828,1.);
#4828 = DIRECTION('',(-0.587785252292,-0.425325404176,-0.688190960236));
#4829 = PCURVE('',#3365,#4830);
#4830 = DEFINITIONAL_REPRESENTATION('',(#4831),#4835);
#4831 = LINE('',#4832,#4833);
#4832 = CARTESIAN_POINT('',(0.,0.));
#4833 = VECTOR('',#4834,1.);
#4834 = DIRECTION('',(0.,-1.));
#4835 = ( GEOMETRIC_REPRESENTATION_CONTEXT(2) 
PARAMETRIC_REPRESENTATION_CONTEXT() REPRESENTATION_CONTEXT('2D SPACE',''
  ) );
#4836 = PCURVE('',#4687,#4837);
#4837 = DEFINITIONAL_REPRESENTATION('',(#4838),#4842);
#4838 = LINE('',#4839,#4840);
#4839 = CARTESIAN_POINT('',(0.,0.));
#4840 = VECTOR('',#4841,1.);
#4841 = DIRECTION('',(0.,1.));
#4842 = ( GEOMETRIC_REPRESENTATION_CONTEXT(2) 
PARAMETRIC_REPRESENTATION_CONTEXT() REPRESENTATION_CONTEXT('2D SPACE',''
  ) );
#4843 = ORIENTED_EDGE('',*,*,#4795,.T.);
#4844 = ORIENTED_EDGE('',*,*,#3350,.F.);
#4845 = ADVANCED_FACE('',(#4846),#3468,.T.);
#4846 = FACE_BOUND('',#4847,.T.);
#4847 = EDGE_LOOP('',(#4848,#4849,#4868,#4869,#4870,#4871));
#4848 = ORIENTED_EDGE('',*,*,#3667,.F.);
#4849 = ORIENTED_EDGE('',*,*,#4850,.T.);
#4850 = EDGE_CURVE('',#3647,#3453,#4851,.T.);
#4851 = SURFACE_CURVE('',#4852,(#4856,#4862),.PCURVE_S1.);
#4852 = LINE('',#4853,#4854);
#4853 = CARTESIAN_POINT('',(-24.97813178122,1.015929965923,
    8.912918115823));
#4854 = VECTOR('',#4855,1.);
#4855 = DIRECTION('',(-0.5,0.809016994375,-0.309016994375));
#4856 = PCURVE('',#3468,#4857);
#4857 = DEFINITIONAL_REPRESENTATION('',(#4858),#4861);
#4858 = B_SPLINE_CURVE_WITH_KNOTS('',1,(#4859,#4860),.UNSPECIFIED.,.F.,
  .F.,(2,2),(-3.194264076557,-3.045016355099),.PIECEWISE_BEZIER_KNOTS.);
#4859 = CARTESIAN_POINT('',(-5.551115123126E-16,0.141943018035));
#4860 = CARTESIAN_POINT('',(4.612008230232E-02,4.440892098501E-16));
#4861 = ( GEOMETRIC_REPRESENTATION_CONTEXT(2) 
PARAMETRIC_REPRESENTATION_CONTEXT() REPRESENTATION_CONTEXT('2D SPACE',''
  ) );
#4862 = PCURVE('',#3730,#4863);
#4863 = DEFINITIONAL_REPRESENTATION('',(#4864),#4867);
#4864 = B_SPLINE_CURVE_WITH_KNOTS('',1,(#4865,#4866),.UNSPECIFIED.,.F.,
  .F.,(2,2),(-3.194264076557,-3.045016355099),.PIECEWISE_BEZIER_KNOTS.);
#4865 = CARTESIAN_POINT('',(19.8,0.141943018035));
#4866 = CARTESIAN_POINT('',(19.753879917698,4.440892098501E-16));
#4867 = ( GEOMETRIC_REPRESENTATION_CONTEXT(2) 
PARAMETRIC_REPRESENTATION_CONTEXT() REPRESENTATION_CONTEXT('2D SPACE',''
  ) );
#4868 = ORIENTED_EDGE('',*,*,#3452,.T.);
#4869 = ORIENTED_EDGE('',*,*,#3527,.T.);
#4870 = ORIENTED_EDGE('',*,*,#3576,.F.);
#4871 = ORIENTED_EDGE('',*,*,#4872,.T.);
#4872 = EDGE_CURVE('',#3577,#3668,#4873,.T.);
#4873 = SURFACE_CURVE('',#4874,(#4878,#4884),.PCURVE_S1.);
#4874 = LINE('',#4875,#4876);
#4875 = CARTESIAN_POINT('',(-14.19128178126,-16.43755996556,
    12.803005515176));
#4876 = VECTOR('',#4877,1.);
#4877 = DIRECTION('',(-0.309016994375,0.5,0.809016994375));
#4878 = PCURVE('',#3468,#4879);
#4879 = DEFINITIONAL_REPRESENTATION('',(#4880),#4883);
#4880 = B_SPLINE_CURVE_WITH_KNOTS('',1,(#4881,#4882),.UNSPECIFIED.,.F.,
  .F.,(2,2),(-3.705732106622,-3.588312155814),.PIECEWISE_BEZIER_KNOTS.);
#4881 = CARTESIAN_POINT('',(9.499473568192E-02,19.8));
#4882 = CARTESIAN_POINT('',(-4.440892098501E-16,19.73098228459));
#4883 = ( GEOMETRIC_REPRESENTATION_CONTEXT(2) 
PARAMETRIC_REPRESENTATION_CONTEXT() REPRESENTATION_CONTEXT('2D SPACE',''
  ) );
#4884 = PCURVE('',#4687,#4885);
#4885 = DEFINITIONAL_REPRESENTATION('',(#4886),#4889);
#4886 = B_SPLINE_CURVE_WITH_KNOTS('',1,(#4887,#4888),.UNSPECIFIED.,.F.,
  .F.,(2,2),(-3.705732106622,-3.588312155814),.PIECEWISE_BEZIER_KNOTS.);
#4887 = CARTESIAN_POINT('',(19.705005264318,19.8));
#4888 = CARTESIAN_POINT('',(19.8,19.73098228459));
#4889 = ( GEOMETRIC_REPRESENTATION_CONTEXT(2) 
PARAMETRIC_REPRESENTATION_CONTEXT() REPRESENTATION_CONTEXT('2D SPACE',''
  ) );
#4890 = ADVANCED_FACE('',(#4891),#3730,.T.);
#4891 = FACE_BOUND('',#4892,.T.);
#4892 = EDGE_LOOP('',(#4893,#4894,#4895,#4896,#4897));
#4893 = ORIENTED_EDGE('',*,*,#3840,.F.);
#4894 = ORIENTED_EDGE('',*,*,#3889,.F.);
#4895 = ORIENTED_EDGE('',*,*,#3714,.T.);
#4896 = ORIENTED_EDGE('',*,*,#4850,.F.);
#4897 = ORIENTED_EDGE('',*,*,#3791,.T.);
#4898 = ADVANCED_FACE('',(#4899),#3980,.T.);
#4899 = FACE_BOUND('',#4900,.T.);
#4900 = EDGE_LOOP('',(#4901,#4902,#4903,#4904,#4905));
#4901 = ORIENTED_EDGE('',*,*,#4115,.F.);
#4902 = ORIENTED_EDGE('',*,*,#3964,.T.);
#4903 = ORIENTED_EDGE('',*,*,#4018,.T.);
#4904 = ORIENTED_EDGE('',*,*,#4067,.F.);
#4905 = ORIENTED_EDGE('',*,*,#4619,.T.);
#4906 = ADVANCED_FACE('',(#4907),#4207,.T.);
#4907 = FACE_BOUND('',#4908,.T.);
#4908 = EDGE_LOOP('',(#4909,#4910,#4911,#4912));
#4909 = ORIENTED_EDGE('',*,*,#4343,.F.);
#4910 = ORIENTED_EDGE('',*,*,#4191,.T.);
#4911 = ORIENTED_EDGE('',*,*,#4245,.T.);
#4912 = ORIENTED_EDGE('',*,*,#4294,.F.);
#4913 = ADVANCED_FACE('',(#4914),#4389,.F.);
#4914 = FACE_BOUND('',#4915,.F.);
#4915 = EDGE_LOOP('',(#4916,#4945,#4966,#4967));
#4916 = ORIENTED_EDGE('',*,*,#4917,.F.);
#4917 = EDGE_CURVE('',#4918,#4918,#4920,.T.);
#4918 = VERTEX_POINT('',#4919);
#4919 = CARTESIAN_POINT('',(4.041334437186E-16,-16.79131162396,
    4.222654423598));
#4920 = SURFACE_CURVE('',#4921,(#4926,#4933),.PCURVE_S1.);
#4921 = CIRCLE('',#4922,1.65);
#4922 = AXIS2_PLACEMENT_3D('',#4923,#4924,#4925);
#4923 = CARTESIAN_POINT('',(0.,-18.19488545774,3.355198088601));
#4924 = DIRECTION('',(0.,-0.525731112119,0.850650808352));
#4925 = DIRECTION('',(0.,0.850650808352,0.525731112119));
#4926 = PCURVE('',#4389,#4927);
#4927 = DEFINITIONAL_REPRESENTATION('',(#4928),#4932);
#4928 = LINE('',#4929,#4930);
#4929 = CARTESIAN_POINT('',(0.,14.419719332828));
#4930 = VECTOR('',#4931,1.);
#4931 = DIRECTION('',(1.,0.));
#4932 = ( GEOMETRIC_REPRESENTATION_CONTEXT(2) 
PARAMETRIC_REPRESENTATION_CONTEXT() REPRESENTATION_CONTEXT('2D SPACE',''
  ) );
#4933 = PCURVE('',#4934,#4939);
#4934 = PLANE('',#4935);
#4935 = AXIS2_PLACEMENT_3D('',#4936,#4937,#4938);
#4936 = CARTESIAN_POINT('',(0.,-18.19488545774,3.355198088601));
#4937 = DIRECTION('',(0.,-0.525731112119,0.850650808352));
#4938 = DIRECTION('',(0.,0.850650808352,0.525731112119));
#4939 = DEFINITIONAL_REPRESENTATION('',(#4940),#4944);
#4940 = CIRCLE('',#4941,1.65);
#4941 = AXIS2_PLACEMENT_2D('',#4942,#4943);
#4942 = CARTESIAN_POINT('',(-1.400829085047E-15,0.));
#4943 = DIRECTION('',(1.,0.));
#4944 = ( GEOMETRIC_REPRESENTATION_CONTEXT(2) 
PARAMETRIC_REPRESENTATION_CONTEXT() REPRESENTATION_CONTEXT('2D SPACE',''
  ) );
#4945 = ORIENTED_EDGE('',*,*,#4946,.F.);
#4946 = EDGE_CURVE('',#4369,#4918,#4947,.T.);
#4947 = SEAM_CURVE('',#4948,(#4952,#4959),.PCURVE_S1.);
#4948 = LINE('',#4949,#4950);
#4949 = CARTESIAN_POINT('',(4.041334437186E-16,-9.210416542667,
    -8.043491483082));
#4950 = VECTOR('',#4951,1.);
#4951 = DIRECTION('',(0.,-0.525731112119,0.850650808352));
#4952 = PCURVE('',#4389,#4953);
#4953 = DEFINITIONAL_REPRESENTATION('',(#4954),#4958);
#4954 = LINE('',#4955,#4956);
#4955 = CARTESIAN_POINT('',(6.28318530718,-0.));
#4956 = VECTOR('',#4957,1.);
#4957 = DIRECTION('',(0.,1.));
#4958 = ( GEOMETRIC_REPRESENTATION_CONTEXT(2) 
PARAMETRIC_REPRESENTATION_CONTEXT() REPRESENTATION_CONTEXT('2D SPACE',''
  ) );
#4959 = PCURVE('',#4389,#4960);
#4960 = DEFINITIONAL_REPRESENTATION('',(#4961),#4965);
#4961 = LINE('',#4962,#4963);
#4962 = CARTESIAN_POINT('',(0.,-0.));
#4963 = VECTOR('',#4964,1.);
#4964 = DIRECTION('',(0.,1.));
#4965 = ( GEOMETRIC_REPRESENTATION_CONTEXT(2) 
PARAMETRIC_REPRESENTATION_CONTEXT() REPRESENTATION_CONTEXT('2D SPACE',''
  ) );
#4966 = ORIENTED_EDGE('',*,*,#4368,.T.);
#4967 = ORIENTED_EDGE('',*,*,#4946,.T.);
#4968 = ADVANCED_FACE('',(#4969),#4452,.T.);
#4969 = FACE_BOUND('',#4970,.T.);
#4970 = EDGE_LOOP('',(#4971,#4972,#4973,#4974));
#4971 = ORIENTED_EDGE('',*,*,#4588,.F.);
#4972 = ORIENTED_EDGE('',*,*,#4436,.T.);
#4973 = ORIENTED_EDGE('',*,*,#4490,.T.);
#4974 = ORIENTED_EDGE('',*,*,#4539,.F.);
#4975 = ADVANCED_FACE('',(#4976,#4983),#4687,.T.);
#4976 = FACE_BOUND('',#4977,.T.);
#4977 = EDGE_LOOP('',(#4978,#4979,#4980,#4981,#4982));
#4978 = ORIENTED_EDGE('',*,*,#4772,.F.);
#4979 = ORIENTED_EDGE('',*,*,#4823,.F.);
#4980 = ORIENTED_EDGE('',*,*,#4671,.T.);
#4981 = ORIENTED_EDGE('',*,*,#4725,.T.);
#4982 = ORIENTED_EDGE('',*,*,#4872,.F.);
#4983 = FACE_BOUND('',#4984,.T.);
#4984 = EDGE_LOOP('',(#4985));
#4985 = ORIENTED_EDGE('',*,*,#4986,.F.);
#4986 = EDGE_CURVE('',#4987,#4987,#4989,.T.);
#4987 = VERTEX_POINT('',#4988);
#4988 = CARTESIAN_POINT('',(7.837739514543E-16,-18.3548429587,
    9.700776466211));
#4989 = SURFACE_CURVE('',#4990,(#4995,#5002),.PCURVE_S1.);
#4990 = ELLIPSE('',#4991,3.577708764,3.2);
#4991 = AXIS2_PLACEMENT_3D('',#4992,#4993,#4994);
#4992 = CARTESIAN_POINT('',(0.,-20.23575576604,6.657395614066));
#4993 = DIRECTION('',(0.,-0.850650808352,0.525731112119));
#4994 = DIRECTION('',(0.,0.525731112119,0.850650808352));
#4995 = PCURVE('',#4687,#4996);
#4996 = DEFINITIONAL_REPRESENTATION('',(#4997),#5001);
#4997 = ELLIPSE('',#4998,3.577708764,3.2);
#4998 = AXIS2_PLACEMENT_2D('',#4999,#5000);
#4999 = CARTESIAN_POINT('',(6.975505381305,15.125221519688));
#5000 = DIRECTION('',(0.587785252292,-0.809016994375));
#5001 = ( GEOMETRIC_REPRESENTATION_CONTEXT(2) 
PARAMETRIC_REPRESENTATION_CONTEXT() REPRESENTATION_CONTEXT('2D SPACE',''
  ) );
#5002 = PCURVE('',#5003,#5008);
#5003 = CYLINDRICAL_SURFACE('',#5004,3.2);
#5004 = AXIS2_PLACEMENT_3D('',#5005,#5006,#5007);
#5005 = CARTESIAN_POINT('',(0.,-18.19488545774,3.355198088601));
#5006 = DIRECTION('',(0.,-0.525731112119,0.850650808352));
#5007 = DIRECTION('',(0.,0.850650808352,0.525731112119));
#5008 = DEFINITIONAL_REPRESENTATION('',(#5009),#5040);
#5009 = B_SPLINE_CURVE_WITH_KNOTS('',8,(#5010,#5011,#5012,#5013,#5014,
    #5015,#5016,#5017,#5018,#5019,#5020,#5021,#5022,#5023,#5024,#5025,
    #5026,#5027,#5028,#5029,#5030,#5031,#5032,#5033,#5034,#5035,#5036,
    #5037,#5038,#5039),.UNSPECIFIED.,.F.,.F.,(9,7,7,7,9),(0.,
    1.570796326795,3.926990816987,5.105088062083,6.28318530718),
  .UNSPECIFIED.);
#5010 = CARTESIAN_POINT('',(0.,5.48196601125));
#5011 = CARTESIAN_POINT('',(0.196349540849,5.48196601125));
#5012 = CARTESIAN_POINT('',(0.392699081698,5.411468769672));
#5013 = CARTESIAN_POINT('',(0.589048622551,5.270474885379));
#5014 = CARTESIAN_POINT('',(0.78539816339,5.064780012188));
#5015 = CARTESIAN_POINT('',(0.98174770425,4.805987229174));
#5016 = CARTESIAN_POINT('',(1.178097245095,4.510284616565));
#5017 = CARTESIAN_POINT('',(1.374446785946,4.196125276609));
#5018 = CARTESIAN_POINT('',(1.865320638069,3.410727113212));
#5019 = CARTESIAN_POINT('',(2.159844949344,2.939486507543));
#5020 = CARTESIAN_POINT('',(2.454369260611,2.530549742964));
#5021 = CARTESIAN_POINT('',(2.74889357189,2.246131899263));
#5022 = CARTESIAN_POINT('',(3.043417883158,2.131466384641));
#5023 = CARTESIAN_POINT('',(3.337942194439,2.196324207619));
#5024 = CARTESIAN_POINT('',(3.632466505713,2.41737894099));
#5025 = CARTESIAN_POINT('',(4.074252972624,2.917203271533));
#5026 = CARTESIAN_POINT('',(4.221515128261,3.111851500872));
#5027 = CARTESIAN_POINT('',(4.368777283898,3.329033905476));
#5028 = CARTESIAN_POINT('',(4.516039439536,3.561948524454));
#5029 = CARTESIAN_POINT('',(4.663301595173,3.802875408099));
#5030 = CARTESIAN_POINT('',(4.81056375081,4.043716373744));
#5031 = CARTESIAN_POINT('',(4.957825906446,4.276575516624));
#5032 = CARTESIAN_POINT('',(5.25235021772,4.711943489445));
#5033 = CARTESIAN_POINT('',(5.399612373358,4.914452160053));
#5034 = CARTESIAN_POINT('',(5.546874528993,5.094592928821));
#5035 = CARTESIAN_POINT('',(5.694136684631,5.245871780264));
#5036 = CARTESIAN_POINT('',(5.841398840269,5.363002579013));
#5037 = CARTESIAN_POINT('',(5.988660995905,5.442311208215));
#5038 = CARTESIAN_POINT('',(6.135923151543,5.48196601125));
#5039 = CARTESIAN_POINT('',(6.28318530718,5.48196601125));
#5040 = ( GEOMETRIC_REPRESENTATION_CONTEXT(2) 
PARAMETRIC_REPRESENTATION_CONTEXT() REPRESENTATION_CONTEXT('2D SPACE',''
  ) );
#5041 = ADVANCED_FACE('',(#5042,#5068),#4934,.T.);
#5042 = FACE_BOUND('',#5043,.T.);
#5043 = EDGE_LOOP('',(#5044));
#5044 = ORIENTED_EDGE('',*,*,#5045,.T.);
#5045 = EDGE_CURVE('',#5046,#5046,#5048,.T.);
#5046 = VERTEX_POINT('',#5047);
#5047 = CARTESIAN_POINT('',(7.837739514543E-16,-15.47280287101,
    5.037537647382));
#5048 = SURFACE_CURVE('',#5049,(#5054,#5061),.PCURVE_S1.);
#5049 = CIRCLE('',#5050,3.2);
#5050 = AXIS2_PLACEMENT_3D('',#5051,#5052,#5053);
#5051 = CARTESIAN_POINT('',(0.,-18.19488545774,3.355198088601));
#5052 = DIRECTION('',(0.,-0.525731112119,0.850650808352));
#5053 = DIRECTION('',(0.,0.850650808352,0.525731112119));
#5054 = PCURVE('',#4934,#5055);
#5055 = DEFINITIONAL_REPRESENTATION('',(#5056),#5060);
#5056 = CIRCLE('',#5057,3.2);
#5057 = AXIS2_PLACEMENT_2D('',#5058,#5059);
#5058 = CARTESIAN_POINT('',(0.,0.));
#5059 = DIRECTION('',(1.,0.));
#5060 = ( GEOMETRIC_REPRESENTATION_CONTEXT(2) 
PARAMETRIC_REPRESENTATION_CONTEXT() REPRESENTATION_CONTEXT('2D SPACE',''
  ) );
#5061 = PCURVE('',#5003,#5062);
#5062 = DEFINITIONAL_REPRESENTATION('',(#5063),#5067);
#5063 = LINE('',#5064,#5065);
#5064 = CARTESIAN_POINT('',(0.,0.));
#5065 = VECTOR('',#5066,1.);
#5066 = DIRECTION('',(1.,0.));
#5067 = ( GEOMETRIC_REPRESENTATION_CONTEXT(2) 
PARAMETRIC_REPRESENTATION_CONTEXT() REPRESENTATION_CONTEXT('2D SPACE',''
  ) );
#5068 = FACE_BOUND('',#5069,.T.);
#5069 = EDGE_LOOP('',(#5070));
#5070 = ORIENTED_EDGE('',*,*,#4917,.F.);
#5071 = ADVANCED_FACE('',(#5072),#5003,.F.);
#5072 = FACE_BOUND('',#5073,.F.);
#5073 = EDGE_LOOP('',(#5074,#5075,#5096,#5097));
#5074 = ORIENTED_EDGE('',*,*,#4986,.F.);
#5075 = ORIENTED_EDGE('',*,*,#5076,.F.);
#5076 = EDGE_CURVE('',#5046,#4987,#5077,.T.);
#5077 = SEAM_CURVE('',#5078,(#5082,#5089),.PCURVE_S1.);
#5078 = LINE('',#5079,#5080);
#5079 = CARTESIAN_POINT('',(7.837739514543E-16,-15.47280287101,
    5.037537647382));
#5080 = VECTOR('',#5081,1.);
#5081 = DIRECTION('',(0.,-0.525731112119,0.850650808352));
#5082 = PCURVE('',#5003,#5083);
#5083 = DEFINITIONAL_REPRESENTATION('',(#5084),#5088);
#5084 = LINE('',#5085,#5086);
#5085 = CARTESIAN_POINT('',(6.28318530718,-0.));
#5086 = VECTOR('',#5087,1.);
#5087 = DIRECTION('',(0.,1.));
#5088 = ( GEOMETRIC_REPRESENTATION_CONTEXT(2) 
PARAMETRIC_REPRESENTATION_CONTEXT() REPRESENTATION_CONTEXT('2D SPACE',''
  ) );
#5089 = PCURVE('',#5003,#5090);
#5090 = DEFINITIONAL_REPRESENTATION('',(#5091),#5095);
#5091 = LINE('',#5092,#5093);
#5092 = CARTESIAN_POINT('',(0.,-0.));
#5093 = VECTOR('',#5094,1.);
#5094 = DIRECTION('',(0.,1.));
#5095 = ( GEOMETRIC_REPRESENTATION_CONTEXT(2) 
PARAMETRIC_REPRESENTATION_CONTEXT() REPRESENTATION_CONTEXT('2D SPACE',''
  ) );
#5096 = ORIENTED_EDGE('',*,*,#5045,.T.);
#5097 = ORIENTED_EDGE('',*,*,#5076,.T.);
#5098 = ( GEOMETRIC_REPRESENTATION_CONTEXT(3) 
GLOBAL_UNCERTAINTY_ASSIGNED_CONTEXT((#5102)) 
GLOBAL_UNIT_ASSIGNED_CONTEXT((#5099,#5100,#5101)) REPRESENTATION_CONTEXT
('Context #1','3D Context with UNIT and UNCERTAINTY') );
#5099 = ( LENGTH_UNIT() NAMED_UNIT(*) SI_UNIT(.MILLI.,.METRE.) );
#5100 = ( NAMED_UNIT(*) PLANE_ANGLE_UNIT() SI_UNIT($,.RADIAN.) );
#5101 = ( NAMED_UNIT(*) SI_UNIT($,.STERADIAN.) SOLID_ANGLE_UNIT() );
#5102 = UNCERTAINTY_MEASURE_WITH_UNIT(LENGTH_MEASURE(1.E-07),#5099,
  'distance_accuracy_value','confusion accuracy');
#5103 = PRODUCT_RELATED_PRODUCT_CATEGORY('part',$,(#7));
ENDSEC;
END-ISO-10303-21;
