ISO-10303-21;
HEADER;
/* Generated by software containing ST-Developer
 * from STEP Tools, Inc. (www.steptools.com) 
 */
/* OPTION: using custom renumber hook */

FILE_DESCRIPTION(
/* description */ ('STEP AP242 Edition 2',
'CAx-IF Rec.Pracs.---Representation and Presentation of Product Manufa
cturing Information (PMI)---4.0---2014-10-13',
'CAx-IF Rec.Pracs.---3D Tessellated Geometry---0.4---2014-09-14','2;1',
'CAx-IF Rec.Pracs.---User Defined Attributes---1.5---2016-08-15'),
/* implementation_level */ '2;1');

FILE_NAME(
/* name */ 'retainer_radial_tab',
/* time_stamp */ '2026-08-28T06:26:31Z',
/* author */ (''),
/* organization */ (''),
/* preprocessor_version */ 'ST-DEVELOPER v20',
/* originating_system */ 'ONSHAPE BY PTC INC, 1.219',
/* authorisation */ '  ');

FILE_SCHEMA (('AP242_MANAGED_MODEL_BASED_3D_ENGINEERING_MIM_LF { 1 0 10303 442 3 1 4 }'));
ENDSEC;

DATA;
#10=SHAPE_REPRESENTATION_RELATIONSHIP('','',#1476,#11);
#11=ADVANCED_BREP_SHAPE_REPRESENTATION('',(#1474),#2427);
#12=CONICAL_SURFACE('',#1577,0.00149999998991,0.7853981625);
#13=ELLIPSE('',#1538,0.0403757972057401,0.02855);
#14=ELLIPSE('',#1539,0.0403757972057401,0.02855);
#15=ELLIPSE('',#1540,0.0403757972057401,0.02855);
#16=ELLIPSE('',#1541,0.0403757972057401,0.02855);
#17=CYLINDRICAL_SURFACE('',#1498,0.00215);
#18=CYLINDRICAL_SURFACE('',#1500,0.00215);
#19=CYLINDRICAL_SURFACE('',#1536,0.02855);
#20=CYLINDRICAL_SURFACE('',#1546,0.001);
#21=CYLINDRICAL_SURFACE('',#1548,0.03015);
#22=CYLINDRICAL_SURFACE('',#1549,0.03015);
#23=CYLINDRICAL_SURFACE('',#1550,0.001);
#24=CYLINDRICAL_SURFACE('',#1552,0.002);
#25=CYLINDRICAL_SURFACE('',#1554,0.002);
#26=CYLINDRICAL_SURFACE('',#1557,0.02855);
#27=CYLINDRICAL_SURFACE('',#1559,0.001);
#28=CYLINDRICAL_SURFACE('',#1562,0.001);
#29=CYLINDRICAL_SURFACE('',#1565,0.001);
#30=CYLINDRICAL_SURFACE('',#1567,0.001);
#31=CYLINDRICAL_SURFACE('',#1580,0.001);
#32=CYLINDRICAL_SURFACE('',#1584,0.002);
#33=CYLINDRICAL_SURFACE('',#1588,0.0013);
#34=CYLINDRICAL_SURFACE('',#1598,0.0011);
#35=LINE('',#2012,#195);
#36=LINE('',#2016,#196);
#37=LINE('',#2018,#197);
#38=LINE('',#2020,#198);
#39=LINE('',#2024,#199);
#40=LINE('',#2030,#200);
#41=LINE('',#2032,#201);
#42=LINE('',#2034,#202);
#43=LINE('',#2040,#203);
#44=LINE('',#2044,#204);
#45=LINE('',#2046,#205);
#46=LINE('',#2050,#206);
#47=LINE('',#2053,#207);
#48=LINE('',#2055,#208);
#49=LINE('',#2057,#209);
#50=LINE('',#2059,#210);
#51=LINE('',#2062,#211);
#52=LINE('',#2063,#212);
#53=LINE('',#2065,#213);
#54=LINE('',#2067,#214);
#55=LINE('',#2073,#215);
#56=LINE('',#2075,#216);
#57=LINE('',#2077,#217);
#58=LINE('',#2078,#218);
#59=LINE('',#2081,#219);
#60=LINE('',#2083,#220);
#61=LINE('',#2085,#221);
#62=LINE('',#2087,#222);
#63=LINE('',#2089,#223);
#64=LINE('',#2091,#224);
#65=LINE('',#2093,#225);
#66=LINE('',#2094,#226);
#67=LINE('',#2096,#227);
#68=LINE('',#2098,#228);
#69=LINE('',#2100,#229);
#70=LINE('',#2102,#230);
#71=LINE('',#2104,#231);
#72=LINE('',#2106,#232);
#73=LINE('',#2108,#233);
#74=LINE('',#2110,#234);
#75=LINE('',#2122,#235);
#76=LINE('',#2124,#236);
#77=LINE('',#2126,#237);
#78=LINE('',#2130,#238);
#79=LINE('',#2132,#239);
#80=LINE('',#2134,#240);
#81=LINE('',#2138,#241);
#82=LINE('',#2144,#242);
#83=LINE('',#2145,#243);
#84=LINE('',#2151,#244);
#85=LINE('',#2155,#245);
#86=LINE('',#2159,#246);
#87=LINE('',#2165,#247);
#88=LINE('',#2169,#248);
#89=LINE('',#2173,#249);
#90=LINE('',#2179,#250);
#91=LINE('',#2181,#251);
#92=LINE('',#2183,#252);
#93=LINE('',#2187,#253);
#94=LINE('',#2189,#254);
#95=LINE('',#2191,#255);
#96=LINE('',#2195,#256);
#97=LINE('',#2197,#257);
#98=LINE('',#2199,#258);
#99=LINE('',#2200,#259);
#100=LINE('',#2202,#260);
#101=LINE('',#2204,#261);
#102=LINE('',#2206,#262);
#103=LINE('',#2208,#263);
#104=LINE('',#2210,#264);
#105=LINE('',#2212,#265);
#106=LINE('',#2214,#266);
#107=LINE('',#2216,#267);
#108=LINE('',#2218,#268);
#109=LINE('',#2220,#269);
#110=LINE('',#2222,#270);
#111=LINE('',#2224,#271);
#112=LINE('',#2226,#272);
#113=LINE('',#2227,#273);
#114=LINE('',#2229,#274);
#115=LINE('',#2230,#275);
#116=LINE('',#2232,#276);
#117=LINE('',#2234,#277);
#118=LINE('',#2236,#278);
#119=LINE('',#2238,#279);
#120=LINE('',#2240,#280);
#121=LINE('',#2242,#281);
#122=LINE('',#2244,#282);
#123=LINE('',#2246,#283);
#124=LINE('',#2248,#284);
#125=LINE('',#2250,#285);
#126=LINE('',#2252,#286);
#127=LINE('',#2254,#287);
#128=LINE('',#2256,#288);
#129=LINE('',#2258,#289);
#130=LINE('',#2260,#290);
#131=LINE('',#2261,#291);
#132=LINE('',#2265,#292);
#133=LINE('',#2269,#293);
#134=LINE('',#2270,#294);
#135=LINE('',#2274,#295);
#136=LINE('',#2275,#296);
#137=LINE('',#2279,#297);
#138=LINE('',#2280,#298);
#139=LINE('',#2284,#299);
#140=LINE('',#2285,#300);
#141=LINE('',#2289,#301);
#142=LINE('',#2290,#302);
#143=LINE('',#2292,#303);
#144=LINE('',#2294,#304);
#145=LINE('',#2296,#305);
#146=LINE('',#2298,#306);
#147=LINE('',#2300,#307);
#148=LINE('',#2302,#308);
#149=LINE('',#2304,#309);
#150=LINE('',#2306,#310);
#151=LINE('',#2308,#311);
#152=LINE('',#2312,#312);
#153=LINE('',#2314,#313);
#154=LINE('',#2316,#314);
#155=LINE('',#2318,#315);
#156=LINE('',#2320,#316);
#157=LINE('',#2323,#317);
#158=LINE('',#2324,#318);
#159=LINE('',#2326,#319);
#160=LINE('',#2330,#320);
#161=LINE('',#2332,#321);
#162=LINE('',#2334,#322);
#163=LINE('',#2338,#323);
#164=LINE('',#2342,#324);
#165=LINE('',#2344,#325);
#166=LINE('',#2348,#326);
#167=LINE('',#2350,#327);
#168=LINE('',#2352,#328);
#169=LINE('',#2353,#329);
#170=LINE('',#2355,#330);
#171=LINE('',#2357,#331);
#172=LINE('',#2360,#332);
#173=LINE('',#2362,#333);
#174=LINE('',#2364,#334);
#175=LINE('',#2366,#335);
#176=LINE('',#2368,#336);
#177=LINE('',#2370,#337);
#178=LINE('',#2372,#338);
#179=LINE('',#2374,#339);
#180=LINE('',#2376,#340);
#181=LINE('',#2378,#341);
#182=LINE('',#2380,#342);
#183=LINE('',#2382,#343);
#184=LINE('',#2384,#344);
#185=LINE('',#2386,#345);
#186=LINE('',#2388,#346);
#187=LINE('',#2394,#347);
#188=LINE('',#2398,#348);
#189=LINE('',#2400,#349);
#190=LINE('',#2402,#350);
#191=LINE('',#2404,#351);
#192=LINE('',#2406,#352);
#193=LINE('',#2410,#353);
#194=LINE('',#2412,#354);
#195=VECTOR('',#1609,1.);
#196=VECTOR('',#1612,1.);
#197=VECTOR('',#1613,1.);
#198=VECTOR('',#1614,1.);
#199=VECTOR('',#1617,1.);
#200=VECTOR('',#1622,1.);
#201=VECTOR('',#1623,1.);
#202=VECTOR('',#1624,1.);
#203=VECTOR('',#1629,1.);
#204=VECTOR('',#1632,1.);
#205=VECTOR('',#1633,1.);
#206=VECTOR('',#1638,1.);
#207=VECTOR('',#1639,1.);
#208=VECTOR('',#1640,1.);
#209=VECTOR('',#1641,1.);
#210=VECTOR('',#1644,1.);
#211=VECTOR('',#1645,1.);
#212=VECTOR('',#1646,1.);
#213=VECTOR('',#1649,1.);
#214=VECTOR('',#1650,1.);
#215=VECTOR('',#1657,1.);
#216=VECTOR('',#1658,1.);
#217=VECTOR('',#1661,1.);
#218=VECTOR('',#1662,1.);
#219=VECTOR('',#1663,1.);
#220=VECTOR('',#1664,1.);
#221=VECTOR('',#1665,1.);
#222=VECTOR('',#1666,1.);
#223=VECTOR('',#1667,1.);
#224=VECTOR('',#1668,1.);
#225=VECTOR('',#1669,1.);
#226=VECTOR('',#1670,1.);
#227=VECTOR('',#1671,1.);
#228=VECTOR('',#1672,1.);
#229=VECTOR('',#1673,1.);
#230=VECTOR('',#1674,1.);
#231=VECTOR('',#1675,1.);
#232=VECTOR('',#1676,1.);
#233=VECTOR('',#1677,1.);
#234=VECTOR('',#1678,1.);
#235=VECTOR('',#1693,1.);
#236=VECTOR('',#1694,1.);
#237=VECTOR('',#1695,1.);
#238=VECTOR('',#1698,1.);
#239=VECTOR('',#1699,1.);
#240=VECTOR('',#1700,1.);
#241=VECTOR('',#1703,1.);
#242=VECTOR('',#1708,1.);
#243=VECTOR('',#1709,1.);
#244=VECTOR('',#1714,1.);
#245=VECTOR('',#1717,1.);
#246=VECTOR('',#1720,1.);
#247=VECTOR('',#1725,1.);
#248=VECTOR('',#1728,1.);
#249=VECTOR('',#1731,1.);
#250=VECTOR('',#1736,1.);
#251=VECTOR('',#1737,1.);
#252=VECTOR('',#1738,1.);
#253=VECTOR('',#1741,1.);
#254=VECTOR('',#1742,1.);
#255=VECTOR('',#1743,1.);
#256=VECTOR('',#1748,1.);
#257=VECTOR('',#1749,1.);
#258=VECTOR('',#1750,1.);
#259=VECTOR('',#1751,1.);
#260=VECTOR('',#1754,1.);
#261=VECTOR('',#1755,1.);
#262=VECTOR('',#1756,1.);
#263=VECTOR('',#1757,1.);
#264=VECTOR('',#1760,1.);
#265=VECTOR('',#1761,1.);
#266=VECTOR('',#1764,1.);
#267=VECTOR('',#1765,1.);
#268=VECTOR('',#1768,1.);
#269=VECTOR('',#1769,1.);
#270=VECTOR('',#1772,1.);
#271=VECTOR('',#1773,1.);
#272=VECTOR('',#1776,1.);
#273=VECTOR('',#1777,1.);
#274=VECTOR('',#1780,1.);
#275=VECTOR('',#1781,1.);
#276=VECTOR('',#1782,1.);
#277=VECTOR('',#1783,1.);
#278=VECTOR('',#1786,1.);
#279=VECTOR('',#1787,1.);
#280=VECTOR('',#1788,1.);
#281=VECTOR('',#1789,1.);
#282=VECTOR('',#1792,1.);
#283=VECTOR('',#1793,1.);
#284=VECTOR('',#1796,1.);
#285=VECTOR('',#1797,1.);
#286=VECTOR('',#1800,1.);
#287=VECTOR('',#1801,1.);
#288=VECTOR('',#1804,1.);
#289=VECTOR('',#1805,1.);
#290=VECTOR('',#1808,1.);
#291=VECTOR('',#1809,1.);
#292=VECTOR('',#1816,1.);
#293=VECTOR('',#1819,1.);
#294=VECTOR('',#1820,1.);
#295=VECTOR('',#1823,1.);
#296=VECTOR('',#1824,1.);
#297=VECTOR('',#1827,1.);
#298=VECTOR('',#1828,1.);
#299=VECTOR('',#1831,1.);
#300=VECTOR('',#1832,1.);
#301=VECTOR('',#1835,1.);
#302=VECTOR('',#1836,1.);
#303=VECTOR('',#1839,1.);
#304=VECTOR('',#1840,1.);
#305=VECTOR('',#1843,1.);
#306=VECTOR('',#1844,1.);
#307=VECTOR('',#1847,1.);
#308=VECTOR('',#1850,1.);
#309=VECTOR('',#1851,1.);
#310=VECTOR('',#1854,1.);
#311=VECTOR('',#1855,1.);
#312=VECTOR('',#1862,1.);
#313=VECTOR('',#1865,1.);
#314=VECTOR('',#1868,1.);
#315=VECTOR('',#1871,1.);
#316=VECTOR('',#1874,1.);
#317=VECTOR('',#1875,1.);
#318=VECTOR('',#1876,1.);
#319=VECTOR('',#1879,1.);
#320=VECTOR('',#1884,1.);
#321=VECTOR('',#1885,1.);
#322=VECTOR('',#1888,1.);
#323=VECTOR('',#1893,1.);
#324=VECTOR('',#1898,1.);
#325=VECTOR('',#1899,1.);
#326=VECTOR('',#1904,1.);
#327=VECTOR('',#1907,1.);
#328=VECTOR('',#1908,1.);
#329=VECTOR('',#1909,1.);
#330=VECTOR('',#1912,1.);
#331=VECTOR('',#1915,1.);
#332=VECTOR('',#1920,1.);
#333=VECTOR('',#1921,1.);
#334=VECTOR('',#1924,1.);
#335=VECTOR('',#1925,1.);
#336=VECTOR('',#1928,1.);
#337=VECTOR('',#1931,1.);
#338=VECTOR('',#1932,1.);
#339=VECTOR('',#1935,1.);
#340=VECTOR('',#1936,1.);
#341=VECTOR('',#1939,1.);
#342=VECTOR('',#1942,1.);
#343=VECTOR('',#1943,1.);
#344=VECTOR('',#1946,1.);
#345=VECTOR('',#1947,1.);
#346=VECTOR('',#1950,1.);
#347=VECTOR('',#1959,1.);
#348=VECTOR('',#1964,1.);
#349=VECTOR('',#1965,1.);
#350=VECTOR('',#1968,1.);
#351=VECTOR('',#1969,1.);
#352=VECTOR('',#1972,1.);
#353=VECTOR('',#1977,1.);
#354=VECTOR('',#1980,1.);
#355=ORIENTED_EDGE('',*,*,#769,.F.);
#356=ORIENTED_EDGE('',*,*,#770,.F.);
#357=ORIENTED_EDGE('',*,*,#771,.T.);
#358=ORIENTED_EDGE('',*,*,#772,.T.);
#359=ORIENTED_EDGE('',*,*,#773,.T.);
#360=ORIENTED_EDGE('',*,*,#774,.F.);
#361=ORIENTED_EDGE('',*,*,#775,.F.);
#362=ORIENTED_EDGE('',*,*,#776,.F.);
#363=ORIENTED_EDGE('',*,*,#777,.T.);
#364=ORIENTED_EDGE('',*,*,#778,.T.);
#365=ORIENTED_EDGE('',*,*,#779,.T.);
#366=ORIENTED_EDGE('',*,*,#780,.F.);
#367=ORIENTED_EDGE('',*,*,#781,.T.);
#368=ORIENTED_EDGE('',*,*,#782,.F.);
#369=ORIENTED_EDGE('',*,*,#783,.F.);
#370=ORIENTED_EDGE('',*,*,#784,.F.);
#371=ORIENTED_EDGE('',*,*,#785,.T.);
#372=ORIENTED_EDGE('',*,*,#786,.T.);
#373=ORIENTED_EDGE('',*,*,#787,.T.);
#374=ORIENTED_EDGE('',*,*,#788,.F.);
#375=ORIENTED_EDGE('',*,*,#789,.T.);
#376=ORIENTED_EDGE('',*,*,#790,.T.);
#377=ORIENTED_EDGE('',*,*,#791,.T.);
#378=ORIENTED_EDGE('',*,*,#792,.F.);
#379=ORIENTED_EDGE('',*,*,#793,.F.);
#380=ORIENTED_EDGE('',*,*,#794,.T.);
#381=ORIENTED_EDGE('',*,*,#795,.T.);
#382=ORIENTED_EDGE('',*,*,#796,.F.);
#383=ORIENTED_EDGE('',*,*,#794,.F.);
#384=ORIENTED_EDGE('',*,*,#797,.T.);
#385=ORIENTED_EDGE('',*,*,#791,.F.);
#386=ORIENTED_EDGE('',*,*,#796,.T.);
#387=ORIENTED_EDGE('',*,*,#798,.T.);
#388=ORIENTED_EDGE('',*,*,#799,.F.);
#389=ORIENTED_EDGE('',*,*,#800,.F.);
#390=ORIENTED_EDGE('',*,*,#801,.F.);
#391=ORIENTED_EDGE('',*,*,#802,.F.);
#392=ORIENTED_EDGE('',*,*,#792,.T.);
#393=ORIENTED_EDGE('',*,*,#799,.T.);
#394=ORIENTED_EDGE('',*,*,#803,.F.);
#395=ORIENTED_EDGE('',*,*,#802,.T.);
#396=ORIENTED_EDGE('',*,*,#804,.F.);
#397=ORIENTED_EDGE('',*,*,#797,.F.);
#398=ORIENTED_EDGE('',*,*,#793,.T.);
#399=ORIENTED_EDGE('',*,*,#805,.F.);
#400=ORIENTED_EDGE('',*,*,#806,.F.);
#401=ORIENTED_EDGE('',*,*,#807,.F.);
#402=ORIENTED_EDGE('',*,*,#808,.F.);
#403=ORIENTED_EDGE('',*,*,#809,.F.);
#404=ORIENTED_EDGE('',*,*,#810,.F.);
#405=ORIENTED_EDGE('',*,*,#811,.F.);
#406=ORIENTED_EDGE('',*,*,#812,.F.);
#407=ORIENTED_EDGE('',*,*,#782,.T.);
#408=ORIENTED_EDGE('',*,*,#813,.T.);
#409=ORIENTED_EDGE('',*,*,#814,.F.);
#410=ORIENTED_EDGE('',*,*,#815,.F.);
#411=ORIENTED_EDGE('',*,*,#816,.F.);
#412=ORIENTED_EDGE('',*,*,#817,.F.);
#413=ORIENTED_EDGE('',*,*,#818,.F.);
#414=ORIENTED_EDGE('',*,*,#819,.F.);
#415=ORIENTED_EDGE('',*,*,#820,.T.);
#416=ORIENTED_EDGE('',*,*,#821,.F.);
#417=ORIENTED_EDGE('',*,*,#795,.F.);
#418=ORIENTED_EDGE('',*,*,#804,.T.);
#419=ORIENTED_EDGE('',*,*,#803,.T.);
#420=ORIENTED_EDGE('',*,*,#798,.F.);
#421=ORIENTED_EDGE('',*,*,#800,.T.);
#422=ORIENTED_EDGE('',*,*,#822,.F.);
#423=ORIENTED_EDGE('',*,*,#801,.T.);
#424=ORIENTED_EDGE('',*,*,#823,.F.);
#425=ORIENTED_EDGE('',*,*,#824,.T.);
#426=ORIENTED_EDGE('',*,*,#825,.T.);
#427=ORIENTED_EDGE('',*,*,#826,.T.);
#428=ORIENTED_EDGE('',*,*,#827,.T.);
#429=ORIENTED_EDGE('',*,*,#828,.T.);
#430=ORIENTED_EDGE('',*,*,#829,.T.);
#431=ORIENTED_EDGE('',*,*,#830,.T.);
#432=ORIENTED_EDGE('',*,*,#831,.T.);
#433=ORIENTED_EDGE('',*,*,#832,.T.);
#434=ORIENTED_EDGE('',*,*,#833,.F.);
#435=ORIENTED_EDGE('',*,*,#834,.T.);
#436=ORIENTED_EDGE('',*,*,#835,.T.);
#437=ORIENTED_EDGE('',*,*,#836,.T.);
#438=ORIENTED_EDGE('',*,*,#821,.T.);
#439=ORIENTED_EDGE('',*,*,#837,.F.);
#440=ORIENTED_EDGE('',*,*,#838,.T.);
#441=ORIENTED_EDGE('',*,*,#839,.T.);
#442=ORIENTED_EDGE('',*,*,#840,.T.);
#443=ORIENTED_EDGE('',*,*,#841,.T.);
#444=ORIENTED_EDGE('',*,*,#842,.T.);
#445=ORIENTED_EDGE('',*,*,#843,.T.);
#446=ORIENTED_EDGE('',*,*,#844,.T.);
#447=ORIENTED_EDGE('',*,*,#845,.T.);
#448=ORIENTED_EDGE('',*,*,#846,.T.);
#449=ORIENTED_EDGE('',*,*,#847,.T.);
#450=ORIENTED_EDGE('',*,*,#848,.T.);
#451=ORIENTED_EDGE('',*,*,#849,.T.);
#452=ORIENTED_EDGE('',*,*,#850,.T.);
#453=ORIENTED_EDGE('',*,*,#851,.T.);
#454=ORIENTED_EDGE('',*,*,#852,.T.);
#455=ORIENTED_EDGE('',*,*,#853,.T.);
#456=ORIENTED_EDGE('',*,*,#854,.T.);
#457=ORIENTED_EDGE('',*,*,#855,.T.);
#458=ORIENTED_EDGE('',*,*,#856,.T.);
#459=ORIENTED_EDGE('',*,*,#857,.T.);
#460=ORIENTED_EDGE('',*,*,#858,.T.);
#461=ORIENTED_EDGE('',*,*,#859,.T.);
#462=ORIENTED_EDGE('',*,*,#860,.T.);
#463=ORIENTED_EDGE('',*,*,#861,.T.);
#464=ORIENTED_EDGE('',*,*,#812,.T.);
#465=ORIENTED_EDGE('',*,*,#862,.F.);
#466=ORIENTED_EDGE('',*,*,#863,.F.);
#467=ORIENTED_EDGE('',*,*,#864,.F.);
#468=ORIENTED_EDGE('',*,*,#805,.T.);
#469=ORIENTED_EDGE('',*,*,#836,.F.);
#470=ORIENTED_EDGE('',*,*,#865,.F.);
#471=ORIENTED_EDGE('',*,*,#783,.T.);
#472=ORIENTED_EDGE('',*,*,#866,.F.);
#473=ORIENTED_EDGE('',*,*,#867,.T.);
#474=ORIENTED_EDGE('',*,*,#868,.T.);
#475=ORIENTED_EDGE('',*,*,#869,.F.);
#476=ORIENTED_EDGE('',*,*,#806,.T.);
#477=ORIENTED_EDGE('',*,*,#864,.T.);
#478=ORIENTED_EDGE('',*,*,#807,.T.);
#479=ORIENTED_EDGE('',*,*,#869,.T.);
#480=ORIENTED_EDGE('',*,*,#870,.T.);
#481=ORIENTED_EDGE('',*,*,#871,.F.);
#482=ORIENTED_EDGE('',*,*,#808,.T.);
#483=ORIENTED_EDGE('',*,*,#871,.T.);
#484=ORIENTED_EDGE('',*,*,#872,.T.);
#485=ORIENTED_EDGE('',*,*,#873,.F.);
#486=ORIENTED_EDGE('',*,*,#809,.T.);
#487=ORIENTED_EDGE('',*,*,#873,.T.);
#488=ORIENTED_EDGE('',*,*,#874,.T.);
#489=ORIENTED_EDGE('',*,*,#875,.F.);
#490=ORIENTED_EDGE('',*,*,#810,.T.);
#491=ORIENTED_EDGE('',*,*,#875,.T.);
#492=ORIENTED_EDGE('',*,*,#876,.T.);
#493=ORIENTED_EDGE('',*,*,#877,.F.);
#494=ORIENTED_EDGE('',*,*,#811,.T.);
#495=ORIENTED_EDGE('',*,*,#877,.T.);
#496=ORIENTED_EDGE('',*,*,#878,.T.);
#497=ORIENTED_EDGE('',*,*,#867,.F.);
#498=ORIENTED_EDGE('',*,*,#879,.F.);
#499=ORIENTED_EDGE('',*,*,#862,.T.);
#500=ORIENTED_EDGE('',*,*,#781,.F.);
#501=ORIENTED_EDGE('',*,*,#880,.T.);
#502=ORIENTED_EDGE('',*,*,#837,.T.);
#503=ORIENTED_EDGE('',*,*,#820,.F.);
#504=ORIENTED_EDGE('',*,*,#881,.T.);
#505=ORIENTED_EDGE('',*,*,#882,.T.);
#506=ORIENTED_EDGE('',*,*,#883,.T.);
#507=ORIENTED_EDGE('',*,*,#813,.F.);
#508=ORIENTED_EDGE('',*,*,#884,.F.);
#509=ORIENTED_EDGE('',*,*,#885,.T.);
#510=ORIENTED_EDGE('',*,*,#886,.T.);
#511=ORIENTED_EDGE('',*,*,#887,.F.);
#512=ORIENTED_EDGE('',*,*,#814,.T.);
#513=ORIENTED_EDGE('',*,*,#883,.F.);
#514=ORIENTED_EDGE('',*,*,#815,.T.);
#515=ORIENTED_EDGE('',*,*,#887,.T.);
#516=ORIENTED_EDGE('',*,*,#888,.T.);
#517=ORIENTED_EDGE('',*,*,#889,.F.);
#518=ORIENTED_EDGE('',*,*,#816,.T.);
#519=ORIENTED_EDGE('',*,*,#889,.T.);
#520=ORIENTED_EDGE('',*,*,#890,.T.);
#521=ORIENTED_EDGE('',*,*,#891,.F.);
#522=ORIENTED_EDGE('',*,*,#817,.T.);
#523=ORIENTED_EDGE('',*,*,#891,.T.);
#524=ORIENTED_EDGE('',*,*,#892,.T.);
#525=ORIENTED_EDGE('',*,*,#893,.F.);
#526=ORIENTED_EDGE('',*,*,#818,.T.);
#527=ORIENTED_EDGE('',*,*,#893,.T.);
#528=ORIENTED_EDGE('',*,*,#894,.T.);
#529=ORIENTED_EDGE('',*,*,#895,.F.);
#530=ORIENTED_EDGE('',*,*,#819,.T.);
#531=ORIENTED_EDGE('',*,*,#895,.T.);
#532=ORIENTED_EDGE('',*,*,#896,.T.);
#533=ORIENTED_EDGE('',*,*,#885,.F.);
#534=ORIENTED_EDGE('',*,*,#897,.F.);
#535=ORIENTED_EDGE('',*,*,#881,.F.);
#536=ORIENTED_EDGE('',*,*,#878,.F.);
#537=ORIENTED_EDGE('',*,*,#876,.F.);
#538=ORIENTED_EDGE('',*,*,#874,.F.);
#539=ORIENTED_EDGE('',*,*,#872,.F.);
#540=ORIENTED_EDGE('',*,*,#870,.F.);
#541=ORIENTED_EDGE('',*,*,#868,.F.);
#542=ORIENTED_EDGE('',*,*,#822,.T.);
#543=ORIENTED_EDGE('',*,*,#890,.F.);
#544=ORIENTED_EDGE('',*,*,#888,.F.);
#545=ORIENTED_EDGE('',*,*,#886,.F.);
#546=ORIENTED_EDGE('',*,*,#896,.F.);
#547=ORIENTED_EDGE('',*,*,#894,.F.);
#548=ORIENTED_EDGE('',*,*,#892,.F.);
#549=ORIENTED_EDGE('',*,*,#823,.T.);
#550=ORIENTED_EDGE('',*,*,#898,.F.);
#551=ORIENTED_EDGE('',*,*,#899,.T.);
#552=ORIENTED_EDGE('',*,*,#900,.T.);
#553=ORIENTED_EDGE('',*,*,#832,.F.);
#554=ORIENTED_EDGE('',*,*,#901,.F.);
#555=ORIENTED_EDGE('',*,*,#902,.F.);
#556=ORIENTED_EDGE('',*,*,#903,.T.);
#557=ORIENTED_EDGE('',*,*,#828,.F.);
#558=ORIENTED_EDGE('',*,*,#904,.F.);
#559=ORIENTED_EDGE('',*,*,#905,.F.);
#560=ORIENTED_EDGE('',*,*,#906,.T.);
#561=ORIENTED_EDGE('',*,*,#824,.F.);
#562=ORIENTED_EDGE('',*,*,#907,.F.);
#563=ORIENTED_EDGE('',*,*,#908,.F.);
#564=ORIENTED_EDGE('',*,*,#909,.T.);
#565=ORIENTED_EDGE('',*,*,#857,.F.);
#566=ORIENTED_EDGE('',*,*,#910,.F.);
#567=ORIENTED_EDGE('',*,*,#911,.F.);
#568=ORIENTED_EDGE('',*,*,#912,.T.);
#569=ORIENTED_EDGE('',*,*,#853,.F.);
#570=ORIENTED_EDGE('',*,*,#913,.T.);
#571=ORIENTED_EDGE('',*,*,#770,.T.);
#572=ORIENTED_EDGE('',*,*,#914,.F.);
#573=ORIENTED_EDGE('',*,*,#829,.F.);
#574=ORIENTED_EDGE('',*,*,#903,.F.);
#575=ORIENTED_EDGE('',*,*,#915,.T.);
#576=ORIENTED_EDGE('',*,*,#916,.F.);
#577=ORIENTED_EDGE('',*,*,#830,.F.);
#578=ORIENTED_EDGE('',*,*,#914,.T.);
#579=ORIENTED_EDGE('',*,*,#917,.F.);
#580=ORIENTED_EDGE('',*,*,#901,.T.);
#581=ORIENTED_EDGE('',*,*,#831,.F.);
#582=ORIENTED_EDGE('',*,*,#916,.T.);
#583=ORIENTED_EDGE('',*,*,#918,.T.);
#584=ORIENTED_EDGE('',*,*,#833,.T.);
#585=ORIENTED_EDGE('',*,*,#900,.F.);
#586=ORIENTED_EDGE('',*,*,#919,.F.);
#587=ORIENTED_EDGE('',*,*,#920,.F.);
#588=ORIENTED_EDGE('',*,*,#921,.F.);
#589=ORIENTED_EDGE('',*,*,#785,.F.);
#590=ORIENTED_EDGE('',*,*,#922,.T.);
#591=ORIENTED_EDGE('',*,*,#834,.F.);
#592=ORIENTED_EDGE('',*,*,#920,.T.);
#593=ORIENTED_EDGE('',*,*,#923,.T.);
#594=ORIENTED_EDGE('',*,*,#835,.F.);
#595=ORIENTED_EDGE('',*,*,#922,.F.);
#596=ORIENTED_EDGE('',*,*,#784,.T.);
#597=ORIENTED_EDGE('',*,*,#865,.T.);
#598=ORIENTED_EDGE('',*,*,#838,.F.);
#599=ORIENTED_EDGE('',*,*,#880,.F.);
#600=ORIENTED_EDGE('',*,*,#780,.T.);
#601=ORIENTED_EDGE('',*,*,#924,.T.);
#602=ORIENTED_EDGE('',*,*,#839,.F.);
#603=ORIENTED_EDGE('',*,*,#924,.F.);
#604=ORIENTED_EDGE('',*,*,#779,.F.);
#605=ORIENTED_EDGE('',*,*,#925,.T.);
#606=ORIENTED_EDGE('',*,*,#840,.F.);
#607=ORIENTED_EDGE('',*,*,#925,.F.);
#608=ORIENTED_EDGE('',*,*,#778,.F.);
#609=ORIENTED_EDGE('',*,*,#926,.F.);
#610=ORIENTED_EDGE('',*,*,#927,.F.);
#611=ORIENTED_EDGE('',*,*,#841,.F.);
#612=ORIENTED_EDGE('',*,*,#926,.T.);
#613=ORIENTED_EDGE('',*,*,#777,.F.);
#614=ORIENTED_EDGE('',*,*,#928,.F.);
#615=ORIENTED_EDGE('',*,*,#929,.F.);
#616=ORIENTED_EDGE('',*,*,#842,.F.);
#617=ORIENTED_EDGE('',*,*,#927,.T.);
#618=ORIENTED_EDGE('',*,*,#776,.T.);
#619=ORIENTED_EDGE('',*,*,#930,.T.);
#620=ORIENTED_EDGE('',*,*,#931,.F.);
#621=ORIENTED_EDGE('',*,*,#843,.F.);
#622=ORIENTED_EDGE('',*,*,#929,.T.);
#623=ORIENTED_EDGE('',*,*,#932,.F.);
#624=ORIENTED_EDGE('',*,*,#933,.T.);
#625=ORIENTED_EDGE('',*,*,#844,.F.);
#626=ORIENTED_EDGE('',*,*,#931,.T.);
#627=ORIENTED_EDGE('',*,*,#934,.T.);
#628=ORIENTED_EDGE('',*,*,#935,.F.);
#629=ORIENTED_EDGE('',*,*,#845,.F.);
#630=ORIENTED_EDGE('',*,*,#933,.F.);
#631=ORIENTED_EDGE('',*,*,#936,.F.);
#632=ORIENTED_EDGE('',*,*,#937,.F.);
#633=ORIENTED_EDGE('',*,*,#846,.F.);
#634=ORIENTED_EDGE('',*,*,#935,.T.);
#635=ORIENTED_EDGE('',*,*,#938,.F.);
#636=ORIENTED_EDGE('',*,*,#939,.T.);
#637=ORIENTED_EDGE('',*,*,#847,.F.);
#638=ORIENTED_EDGE('',*,*,#937,.T.);
#639=ORIENTED_EDGE('',*,*,#940,.T.);
#640=ORIENTED_EDGE('',*,*,#941,.F.);
#641=ORIENTED_EDGE('',*,*,#942,.T.);
#642=ORIENTED_EDGE('',*,*,#848,.F.);
#643=ORIENTED_EDGE('',*,*,#939,.F.);
#644=ORIENTED_EDGE('',*,*,#943,.F.);
#645=ORIENTED_EDGE('',*,*,#944,.T.);
#646=ORIENTED_EDGE('',*,*,#774,.T.);
#647=ORIENTED_EDGE('',*,*,#945,.T.);
#648=ORIENTED_EDGE('',*,*,#849,.F.);
#649=ORIENTED_EDGE('',*,*,#942,.F.);
#650=ORIENTED_EDGE('',*,*,#850,.F.);
#651=ORIENTED_EDGE('',*,*,#945,.F.);
#652=ORIENTED_EDGE('',*,*,#773,.F.);
#653=ORIENTED_EDGE('',*,*,#946,.T.);
#654=ORIENTED_EDGE('',*,*,#851,.F.);
#655=ORIENTED_EDGE('',*,*,#946,.F.);
#656=ORIENTED_EDGE('',*,*,#772,.F.);
#657=ORIENTED_EDGE('',*,*,#947,.F.);
#658=ORIENTED_EDGE('',*,*,#913,.F.);
#659=ORIENTED_EDGE('',*,*,#852,.F.);
#660=ORIENTED_EDGE('',*,*,#947,.T.);
#661=ORIENTED_EDGE('',*,*,#771,.F.);
#662=ORIENTED_EDGE('',*,*,#948,.F.);
#663=ORIENTED_EDGE('',*,*,#854,.F.);
#664=ORIENTED_EDGE('',*,*,#912,.F.);
#665=ORIENTED_EDGE('',*,*,#949,.T.);
#666=ORIENTED_EDGE('',*,*,#950,.F.);
#667=ORIENTED_EDGE('',*,*,#855,.F.);
#668=ORIENTED_EDGE('',*,*,#948,.T.);
#669=ORIENTED_EDGE('',*,*,#951,.F.);
#670=ORIENTED_EDGE('',*,*,#910,.T.);
#671=ORIENTED_EDGE('',*,*,#856,.F.);
#672=ORIENTED_EDGE('',*,*,#950,.T.);
#673=ORIENTED_EDGE('',*,*,#952,.T.);
#674=ORIENTED_EDGE('',*,*,#953,.F.);
#675=ORIENTED_EDGE('',*,*,#858,.F.);
#676=ORIENTED_EDGE('',*,*,#909,.F.);
#677=ORIENTED_EDGE('',*,*,#954,.T.);
#678=ORIENTED_EDGE('',*,*,#955,.F.);
#679=ORIENTED_EDGE('',*,*,#859,.F.);
#680=ORIENTED_EDGE('',*,*,#953,.T.);
#681=ORIENTED_EDGE('',*,*,#956,.F.);
#682=ORIENTED_EDGE('',*,*,#907,.T.);
#683=ORIENTED_EDGE('',*,*,#860,.F.);
#684=ORIENTED_EDGE('',*,*,#955,.T.);
#685=ORIENTED_EDGE('',*,*,#957,.T.);
#686=ORIENTED_EDGE('',*,*,#958,.F.);
#687=ORIENTED_EDGE('',*,*,#825,.F.);
#688=ORIENTED_EDGE('',*,*,#906,.F.);
#689=ORIENTED_EDGE('',*,*,#959,.T.);
#690=ORIENTED_EDGE('',*,*,#960,.F.);
#691=ORIENTED_EDGE('',*,*,#826,.F.);
#692=ORIENTED_EDGE('',*,*,#958,.T.);
#693=ORIENTED_EDGE('',*,*,#961,.F.);
#694=ORIENTED_EDGE('',*,*,#904,.T.);
#695=ORIENTED_EDGE('',*,*,#827,.F.);
#696=ORIENTED_EDGE('',*,*,#960,.T.);
#697=ORIENTED_EDGE('',*,*,#962,.T.);
#698=ORIENTED_EDGE('',*,*,#963,.T.);
#699=ORIENTED_EDGE('',*,*,#861,.F.);
#700=ORIENTED_EDGE('',*,*,#879,.T.);
#701=ORIENTED_EDGE('',*,*,#866,.T.);
#702=ORIENTED_EDGE('',*,*,#863,.T.);
#703=ORIENTED_EDGE('',*,*,#898,.T.);
#704=ORIENTED_EDGE('',*,*,#790,.F.);
#705=ORIENTED_EDGE('',*,*,#964,.F.);
#706=ORIENTED_EDGE('',*,*,#965,.T.);
#707=ORIENTED_EDGE('',*,*,#964,.T.);
#708=ORIENTED_EDGE('',*,*,#789,.F.);
#709=ORIENTED_EDGE('',*,*,#966,.T.);
#710=ORIENTED_EDGE('',*,*,#967,.F.);
#711=ORIENTED_EDGE('',*,*,#788,.T.);
#712=ORIENTED_EDGE('',*,*,#968,.F.);
#713=ORIENTED_EDGE('',*,*,#969,.T.);
#714=ORIENTED_EDGE('',*,*,#966,.F.);
#715=ORIENTED_EDGE('',*,*,#968,.T.);
#716=ORIENTED_EDGE('',*,*,#787,.F.);
#717=ORIENTED_EDGE('',*,*,#970,.F.);
#718=ORIENTED_EDGE('',*,*,#971,.T.);
#719=ORIENTED_EDGE('',*,*,#970,.T.);
#720=ORIENTED_EDGE('',*,*,#786,.F.);
#721=ORIENTED_EDGE('',*,*,#921,.T.);
#722=ORIENTED_EDGE('',*,*,#972,.F.);
#723=ORIENTED_EDGE('',*,*,#944,.F.);
#724=ORIENTED_EDGE('',*,*,#973,.T.);
#725=ORIENTED_EDGE('',*,*,#930,.F.);
#726=ORIENTED_EDGE('',*,*,#775,.T.);
#727=ORIENTED_EDGE('',*,*,#974,.T.);
#728=ORIENTED_EDGE('',*,*,#769,.T.);
#729=ORIENTED_EDGE('',*,*,#882,.F.);
#730=ORIENTED_EDGE('',*,*,#897,.T.);
#731=ORIENTED_EDGE('',*,*,#884,.T.);
#732=ORIENTED_EDGE('',*,*,#974,.F.);
#733=ORIENTED_EDGE('',*,*,#969,.F.);
#734=ORIENTED_EDGE('',*,*,#971,.F.);
#735=ORIENTED_EDGE('',*,*,#972,.T.);
#736=ORIENTED_EDGE('',*,*,#923,.F.);
#737=ORIENTED_EDGE('',*,*,#919,.T.);
#738=ORIENTED_EDGE('',*,*,#899,.F.);
#739=ORIENTED_EDGE('',*,*,#965,.F.);
#740=ORIENTED_EDGE('',*,*,#967,.T.);
#741=ORIENTED_EDGE('',*,*,#902,.T.);
#742=ORIENTED_EDGE('',*,*,#918,.F.);
#743=ORIENTED_EDGE('',*,*,#917,.T.);
#744=ORIENTED_EDGE('',*,*,#915,.F.);
#745=ORIENTED_EDGE('',*,*,#905,.T.);
#746=ORIENTED_EDGE('',*,*,#962,.F.);
#747=ORIENTED_EDGE('',*,*,#961,.T.);
#748=ORIENTED_EDGE('',*,*,#959,.F.);
#749=ORIENTED_EDGE('',*,*,#975,.T.);
#750=ORIENTED_EDGE('',*,*,#973,.F.);
#751=ORIENTED_EDGE('',*,*,#943,.T.);
#752=ORIENTED_EDGE('',*,*,#941,.T.);
#753=ORIENTED_EDGE('',*,*,#940,.F.);
#754=ORIENTED_EDGE('',*,*,#938,.T.);
#755=ORIENTED_EDGE('',*,*,#936,.T.);
#756=ORIENTED_EDGE('',*,*,#934,.F.);
#757=ORIENTED_EDGE('',*,*,#932,.T.);
#758=ORIENTED_EDGE('',*,*,#928,.T.);
#759=ORIENTED_EDGE('',*,*,#908,.T.);
#760=ORIENTED_EDGE('',*,*,#957,.F.);
#761=ORIENTED_EDGE('',*,*,#956,.T.);
#762=ORIENTED_EDGE('',*,*,#954,.F.);
#763=ORIENTED_EDGE('',*,*,#911,.T.);
#764=ORIENTED_EDGE('',*,*,#952,.F.);
#765=ORIENTED_EDGE('',*,*,#951,.T.);
#766=ORIENTED_EDGE('',*,*,#949,.F.);
#767=ORIENTED_EDGE('',*,*,#975,.F.);
#768=ORIENTED_EDGE('',*,*,#963,.F.);
#769=EDGE_CURVE('',#976,#976,#1117,.T.);
#770=EDGE_CURVE('',#977,#978,#1118,.F.);
#771=EDGE_CURVE('',#977,#979,#1119,.F.);
#772=EDGE_CURVE('',#979,#980,#35,.T.);
#773=EDGE_CURVE('',#980,#981,#1120,.T.);
#774=EDGE_CURVE('',#982,#981,#36,.T.);
#775=EDGE_CURVE('',#983,#982,#37,.F.);
#776=EDGE_CURVE('',#984,#983,#38,.T.);
#777=EDGE_CURVE('',#984,#985,#1121,.T.);
#778=EDGE_CURVE('',#985,#986,#39,.F.);
#779=EDGE_CURVE('',#986,#987,#1122,.T.);
#780=EDGE_CURVE('',#988,#987,#1123,.T.);
#781=EDGE_CURVE('',#988,#989,#40,.F.);
#782=EDGE_CURVE('',#990,#989,#41,.T.);
#783=EDGE_CURVE('',#991,#990,#42,.T.);
#784=EDGE_CURVE('',#992,#991,#1124,.T.);
#785=EDGE_CURVE('',#992,#993,#1125,.T.);
#786=EDGE_CURVE('',#993,#994,#43,.T.);
#787=EDGE_CURVE('',#994,#995,#1126,.T.);
#788=EDGE_CURVE('',#996,#995,#44,.T.);
#789=EDGE_CURVE('',#996,#997,#45,.F.);
#790=EDGE_CURVE('',#997,#978,#1127,.F.);
#791=EDGE_CURVE('',#998,#999,#46,.F.);
#792=EDGE_CURVE('',#1000,#999,#47,.T.);
#793=EDGE_CURVE('',#1001,#1000,#48,.T.);
#794=EDGE_CURVE('',#1001,#998,#49,.T.);
#795=EDGE_CURVE('',#1002,#1003,#50,.T.);
#796=EDGE_CURVE('',#998,#1003,#51,.T.);
#797=EDGE_CURVE('',#1001,#1002,#52,.T.);
#798=EDGE_CURVE('',#1003,#1004,#53,.T.);
#799=EDGE_CURVE('',#999,#1004,#54,.T.);
#800=EDGE_CURVE('',#1005,#1005,#1128,.T.);
#801=EDGE_CURVE('',#1006,#1006,#1129,.T.);
#802=EDGE_CURVE('',#1000,#1007,#55,.T.);
#803=EDGE_CURVE('',#1007,#1004,#56,.T.);
#804=EDGE_CURVE('',#1002,#1007,#57,.F.);
#805=EDGE_CURVE('',#1008,#1009,#58,.F.);
#806=EDGE_CURVE('',#1010,#1008,#59,.F.);
#807=EDGE_CURVE('',#1011,#1010,#60,.F.);
#808=EDGE_CURVE('',#1012,#1011,#61,.F.);
#809=EDGE_CURVE('',#1013,#1012,#62,.F.);
#810=EDGE_CURVE('',#1014,#1013,#63,.F.);
#811=EDGE_CURVE('',#1015,#1014,#64,.F.);
#812=EDGE_CURVE('',#990,#1015,#65,.F.);
#813=EDGE_CURVE('',#989,#1016,#66,.T.);
#814=EDGE_CURVE('',#1017,#1016,#67,.F.);
#815=EDGE_CURVE('',#1018,#1017,#68,.F.);
#816=EDGE_CURVE('',#1019,#1018,#69,.F.);
#817=EDGE_CURVE('',#1020,#1019,#70,.F.);
#818=EDGE_CURVE('',#1021,#1020,#71,.F.);
#819=EDGE_CURVE('',#1022,#1021,#72,.F.);
#820=EDGE_CURVE('',#1022,#1023,#73,.T.);
#821=EDGE_CURVE('',#1009,#1023,#74,.T.);
#822=EDGE_CURVE('',#1024,#1024,#1130,.T.);
#823=EDGE_CURVE('',#1025,#1025,#1131,.T.);
#824=EDGE_CURVE('',#1026,#1027,#1132,.F.);
#825=EDGE_CURVE('',#1027,#1028,#75,.T.);
#826=EDGE_CURVE('',#1028,#1029,#76,.T.);
#827=EDGE_CURVE('',#1029,#1030,#77,.T.);
#828=EDGE_CURVE('',#1030,#1031,#1133,.F.);
#829=EDGE_CURVE('',#1031,#1032,#78,.T.);
#830=EDGE_CURVE('',#1032,#1033,#79,.T.);
#831=EDGE_CURVE('',#1033,#1034,#80,.T.);
#832=EDGE_CURVE('',#1034,#1035,#1134,.F.);
#833=EDGE_CURVE('',#1036,#1035,#81,.T.);
#834=EDGE_CURVE('',#1036,#1037,#1135,.F.);
#835=EDGE_CURVE('',#1037,#1038,#1136,.T.);
#836=EDGE_CURVE('',#1038,#1009,#82,.F.);
#837=EDGE_CURVE('',#1039,#1023,#83,.T.);
#838=EDGE_CURVE('',#1039,#1040,#1137,.T.);
#839=EDGE_CURVE('',#1040,#1041,#1138,.F.);
#840=EDGE_CURVE('',#1041,#1042,#84,.T.);
#841=EDGE_CURVE('',#1042,#1043,#1139,.F.);
#842=EDGE_CURVE('',#1043,#1044,#85,.F.);
#843=EDGE_CURVE('',#1044,#1045,#1140,.F.);
#844=EDGE_CURVE('',#1045,#1046,#86,.F.);
#845=EDGE_CURVE('',#1046,#1047,#1141,.F.);
#846=EDGE_CURVE('',#1047,#1048,#1142,.T.);
#847=EDGE_CURVE('',#1048,#1049,#87,.T.);
#848=EDGE_CURVE('',#1049,#1050,#1143,.F.);
#849=EDGE_CURVE('',#1050,#1051,#88,.T.);
#850=EDGE_CURVE('',#1051,#1052,#1144,.F.);
#851=EDGE_CURVE('',#1052,#1053,#89,.F.);
#852=EDGE_CURVE('',#1053,#1054,#1145,.T.);
#853=EDGE_CURVE('',#1054,#1055,#1146,.F.);
#854=EDGE_CURVE('',#1055,#1056,#90,.T.);
#855=EDGE_CURVE('',#1056,#1057,#91,.T.);
#856=EDGE_CURVE('',#1057,#1058,#92,.T.);
#857=EDGE_CURVE('',#1058,#1059,#1147,.F.);
#858=EDGE_CURVE('',#1059,#1060,#93,.T.);
#859=EDGE_CURVE('',#1060,#1061,#94,.T.);
#860=EDGE_CURVE('',#1061,#1026,#95,.T.);
#861=EDGE_CURVE('',#1062,#1062,#1148,.F.);
#862=EDGE_CURVE('',#1063,#1015,#96,.F.);
#863=EDGE_CURVE('',#1064,#1063,#97,.F.);
#864=EDGE_CURVE('',#1008,#1064,#98,.T.);
#865=EDGE_CURVE('',#991,#1038,#99,.T.);
#866=EDGE_CURVE('',#1065,#1064,#100,.T.);
#867=EDGE_CURVE('',#1065,#1066,#101,.F.);
#868=EDGE_CURVE('',#1066,#1067,#102,.T.);
#869=EDGE_CURVE('',#1010,#1067,#103,.F.);
#870=EDGE_CURVE('',#1067,#1068,#104,.T.);
#871=EDGE_CURVE('',#1011,#1068,#105,.F.);
#872=EDGE_CURVE('',#1068,#1069,#106,.T.);
#873=EDGE_CURVE('',#1012,#1069,#107,.F.);
#874=EDGE_CURVE('',#1069,#1070,#108,.T.);
#875=EDGE_CURVE('',#1013,#1070,#109,.F.);
#876=EDGE_CURVE('',#1070,#1071,#110,.T.);
#877=EDGE_CURVE('',#1014,#1071,#111,.F.);
#878=EDGE_CURVE('',#1071,#1066,#112,.T.);
#879=EDGE_CURVE('',#1063,#1065,#113,.T.);
#880=EDGE_CURVE('',#988,#1039,#114,.F.);
#881=EDGE_CURVE('',#1022,#1072,#115,.F.);
#882=EDGE_CURVE('',#1072,#1073,#116,.T.);
#883=EDGE_CURVE('',#1073,#1016,#117,.T.);
#884=EDGE_CURVE('',#1074,#1073,#118,.T.);
#885=EDGE_CURVE('',#1074,#1075,#119,.F.);
#886=EDGE_CURVE('',#1075,#1076,#120,.T.);
#887=EDGE_CURVE('',#1017,#1076,#121,.F.);
#888=EDGE_CURVE('',#1076,#1077,#122,.T.);
#889=EDGE_CURVE('',#1018,#1077,#123,.F.);
#890=EDGE_CURVE('',#1077,#1078,#124,.T.);
#891=EDGE_CURVE('',#1019,#1078,#125,.F.);
#892=EDGE_CURVE('',#1078,#1079,#126,.T.);
#893=EDGE_CURVE('',#1020,#1079,#127,.F.);
#894=EDGE_CURVE('',#1079,#1080,#128,.T.);
#895=EDGE_CURVE('',#1021,#1080,#129,.F.);
#896=EDGE_CURVE('',#1080,#1075,#130,.T.);
#897=EDGE_CURVE('',#1072,#1074,#131,.T.);
#898=EDGE_CURVE('',#1081,#978,#132,.F.);
#899=EDGE_CURVE('',#1081,#1082,#1149,.T.);
#900=EDGE_CURVE('',#1082,#1035,#133,.T.);
#901=EDGE_CURVE('',#1083,#1034,#134,.T.);
#902=EDGE_CURVE('',#1084,#1083,#13,.T.);
#903=EDGE_CURVE('',#1084,#1031,#135,.T.);
#904=EDGE_CURVE('',#1085,#1030,#136,.T.);
#905=EDGE_CURVE('',#1086,#1085,#14,.T.);
#906=EDGE_CURVE('',#1086,#1027,#137,.T.);
#907=EDGE_CURVE('',#1087,#1026,#138,.T.);
#908=EDGE_CURVE('',#1088,#1087,#15,.T.);
#909=EDGE_CURVE('',#1088,#1059,#139,.T.);
#910=EDGE_CURVE('',#1089,#1058,#140,.T.);
#911=EDGE_CURVE('',#1090,#1089,#16,.T.);
#912=EDGE_CURVE('',#1090,#1055,#141,.T.);
#913=EDGE_CURVE('',#1054,#977,#142,.F.);
#914=EDGE_CURVE('',#1032,#1091,#143,.F.);
#915=EDGE_CURVE('',#1084,#1091,#144,.T.);
#916=EDGE_CURVE('',#1033,#1092,#145,.F.);
#917=EDGE_CURVE('',#1092,#1091,#146,.T.);
#918=EDGE_CURVE('',#1092,#1083,#147,.T.);
#919=EDGE_CURVE('',#1093,#1082,#148,.T.);
#920=EDGE_CURVE('',#1036,#1093,#149,.F.);
#921=EDGE_CURVE('',#993,#1094,#150,.T.);
#922=EDGE_CURVE('',#992,#1037,#151,.T.);
#923=EDGE_CURVE('',#1093,#1094,#1150,.T.);
#924=EDGE_CURVE('',#987,#1040,#152,.T.);
#925=EDGE_CURVE('',#986,#1041,#153,.T.);
#926=EDGE_CURVE('',#1042,#985,#154,.T.);
#927=EDGE_CURVE('',#1043,#984,#155,.F.);
#928=EDGE_CURVE('',#1095,#1096,#156,.T.);
#929=EDGE_CURVE('',#1044,#1095,#157,.T.);
#930=EDGE_CURVE('',#983,#1096,#158,.T.);
#931=EDGE_CURVE('',#1045,#1097,#159,.F.);
#932=EDGE_CURVE('',#1097,#1095,#1151,.T.);
#933=EDGE_CURVE('',#1098,#1046,#160,.T.);
#934=EDGE_CURVE('',#1097,#1098,#161,.T.);
#935=EDGE_CURVE('',#1047,#1099,#162,.F.);
#936=EDGE_CURVE('',#1099,#1098,#1152,.T.);
#937=EDGE_CURVE('',#1048,#1100,#163,.F.);
#938=EDGE_CURVE('',#1100,#1099,#1153,.F.);
#939=EDGE_CURVE('',#1101,#1049,#164,.T.);
#940=EDGE_CURVE('',#1100,#1101,#165,.T.);
#941=EDGE_CURVE('',#1102,#1101,#1154,.T.);
#942=EDGE_CURVE('',#1102,#1050,#166,.T.);
#943=EDGE_CURVE('',#1103,#1102,#167,.T.);
#944=EDGE_CURVE('',#1103,#982,#168,.F.);
#945=EDGE_CURVE('',#981,#1051,#169,.T.);
#946=EDGE_CURVE('',#980,#1052,#170,.T.);
#947=EDGE_CURVE('',#1053,#979,#171,.F.);
#948=EDGE_CURVE('',#1056,#1104,#172,.F.);
#949=EDGE_CURVE('',#1090,#1104,#173,.T.);
#950=EDGE_CURVE('',#1057,#1105,#174,.F.);
#951=EDGE_CURVE('',#1105,#1104,#175,.T.);
#952=EDGE_CURVE('',#1105,#1089,#176,.T.);
#953=EDGE_CURVE('',#1060,#1106,#177,.F.);
#954=EDGE_CURVE('',#1088,#1106,#178,.T.);
#955=EDGE_CURVE('',#1061,#1107,#179,.F.);
#956=EDGE_CURVE('',#1107,#1106,#180,.T.);
#957=EDGE_CURVE('',#1107,#1087,#181,.T.);
#958=EDGE_CURVE('',#1028,#1108,#182,.F.);
#959=EDGE_CURVE('',#1086,#1108,#183,.T.);
#960=EDGE_CURVE('',#1029,#1109,#184,.F.);
#961=EDGE_CURVE('',#1109,#1108,#185,.T.);
#962=EDGE_CURVE('',#1109,#1085,#186,.T.);
#963=EDGE_CURVE('',#1110,#1110,#1155,.F.);
#964=EDGE_CURVE('',#1111,#997,#187,.F.);
#965=EDGE_CURVE('',#1111,#1081,#1156,.F.);
#966=EDGE_CURVE('',#996,#1112,#188,.T.);
#967=EDGE_CURVE('',#1111,#1112,#189,.F.);
#968=EDGE_CURVE('',#1113,#995,#190,.T.);
#969=EDGE_CURVE('',#1113,#1112,#191,.F.);
#970=EDGE_CURVE('',#1114,#994,#192,.F.);
#971=EDGE_CURVE('',#1114,#1113,#1157,.T.);
#972=EDGE_CURVE('',#1114,#1094,#193,.T.);
#973=EDGE_CURVE('',#1103,#1096,#194,.T.);
#974=EDGE_CURVE('',#1115,#1115,#1158,.F.);
#975=EDGE_CURVE('',#1116,#1116,#1159,.T.);
#976=VERTEX_POINT('',#2006);
#977=VERTEX_POINT('',#2008);
#978=VERTEX_POINT('',#2009);
#979=VERTEX_POINT('',#2011);
#980=VERTEX_POINT('',#2013);
#981=VERTEX_POINT('',#2015);
#982=VERTEX_POINT('',#2017);
#983=VERTEX_POINT('',#2019);
#984=VERTEX_POINT('',#2021);
#985=VERTEX_POINT('',#2023);
#986=VERTEX_POINT('',#2025);
#987=VERTEX_POINT('',#2027);
#988=VERTEX_POINT('',#2029);
#989=VERTEX_POINT('',#2031);
#990=VERTEX_POINT('',#2033);
#991=VERTEX_POINT('',#2035);
#992=VERTEX_POINT('',#2037);
#993=VERTEX_POINT('',#2039);
#994=VERTEX_POINT('',#2041);
#995=VERTEX_POINT('',#2043);
#996=VERTEX_POINT('',#2045);
#997=VERTEX_POINT('',#2047);
#998=VERTEX_POINT('',#2051);
#999=VERTEX_POINT('',#2052);
#1000=VERTEX_POINT('',#2054);
#1001=VERTEX_POINT('',#2056);
#1002=VERTEX_POINT('',#2060);
#1003=VERTEX_POINT('',#2061);
#1004=VERTEX_POINT('',#2066);
#1005=VERTEX_POINT('',#2069);
#1006=VERTEX_POINT('',#2071);
#1007=VERTEX_POINT('',#2074);
#1008=VERTEX_POINT('',#2079);
#1009=VERTEX_POINT('',#2080);
#1010=VERTEX_POINT('',#2082);
#1011=VERTEX_POINT('',#2084);
#1012=VERTEX_POINT('',#2086);
#1013=VERTEX_POINT('',#2088);
#1014=VERTEX_POINT('',#2090);
#1015=VERTEX_POINT('',#2092);
#1016=VERTEX_POINT('',#2095);
#1017=VERTEX_POINT('',#2097);
#1018=VERTEX_POINT('',#2099);
#1019=VERTEX_POINT('',#2101);
#1020=VERTEX_POINT('',#2103);
#1021=VERTEX_POINT('',#2105);
#1022=VERTEX_POINT('',#2107);
#1023=VERTEX_POINT('',#2109);
#1024=VERTEX_POINT('',#2114);
#1025=VERTEX_POINT('',#2117);
#1026=VERTEX_POINT('',#2120);
#1027=VERTEX_POINT('',#2121);
#1028=VERTEX_POINT('',#2123);
#1029=VERTEX_POINT('',#2125);
#1030=VERTEX_POINT('',#2127);
#1031=VERTEX_POINT('',#2129);
#1032=VERTEX_POINT('',#2131);
#1033=VERTEX_POINT('',#2133);
#1034=VERTEX_POINT('',#2135);
#1035=VERTEX_POINT('',#2137);
#1036=VERTEX_POINT('',#2139);
#1037=VERTEX_POINT('',#2141);
#1038=VERTEX_POINT('',#2143);
#1039=VERTEX_POINT('',#2146);
#1040=VERTEX_POINT('',#2148);
#1041=VERTEX_POINT('',#2150);
#1042=VERTEX_POINT('',#2152);
#1043=VERTEX_POINT('',#2154);
#1044=VERTEX_POINT('',#2156);
#1045=VERTEX_POINT('',#2158);
#1046=VERTEX_POINT('',#2160);
#1047=VERTEX_POINT('',#2162);
#1048=VERTEX_POINT('',#2164);
#1049=VERTEX_POINT('',#2166);
#1050=VERTEX_POINT('',#2168);
#1051=VERTEX_POINT('',#2170);
#1052=VERTEX_POINT('',#2172);
#1053=VERTEX_POINT('',#2174);
#1054=VERTEX_POINT('',#2176);
#1055=VERTEX_POINT('',#2178);
#1056=VERTEX_POINT('',#2180);
#1057=VERTEX_POINT('',#2182);
#1058=VERTEX_POINT('',#2184);
#1059=VERTEX_POINT('',#2186);
#1060=VERTEX_POINT('',#2188);
#1061=VERTEX_POINT('',#2190);
#1062=VERTEX_POINT('',#2193);
#1063=VERTEX_POINT('',#2196);
#1064=VERTEX_POINT('',#2198);
#1065=VERTEX_POINT('',#2203);
#1066=VERTEX_POINT('',#2205);
#1067=VERTEX_POINT('',#2207);
#1068=VERTEX_POINT('',#2211);
#1069=VERTEX_POINT('',#2215);
#1070=VERTEX_POINT('',#2219);
#1071=VERTEX_POINT('',#2223);
#1072=VERTEX_POINT('',#2231);
#1073=VERTEX_POINT('',#2233);
#1074=VERTEX_POINT('',#2237);
#1075=VERTEX_POINT('',#2239);
#1076=VERTEX_POINT('',#2241);
#1077=VERTEX_POINT('',#2245);
#1078=VERTEX_POINT('',#2249);
#1079=VERTEX_POINT('',#2253);
#1080=VERTEX_POINT('',#2257);
#1081=VERTEX_POINT('',#2266);
#1082=VERTEX_POINT('',#2268);
#1083=VERTEX_POINT('',#2271);
#1084=VERTEX_POINT('',#2273);
#1085=VERTEX_POINT('',#2276);
#1086=VERTEX_POINT('',#2278);
#1087=VERTEX_POINT('',#2281);
#1088=VERTEX_POINT('',#2283);
#1089=VERTEX_POINT('',#2286);
#1090=VERTEX_POINT('',#2288);
#1091=VERTEX_POINT('',#2293);
#1092=VERTEX_POINT('',#2297);
#1093=VERTEX_POINT('',#2303);
#1094=VERTEX_POINT('',#2307);
#1095=VERTEX_POINT('',#2321);
#1096=VERTEX_POINT('',#2322);
#1097=VERTEX_POINT('',#2327);
#1098=VERTEX_POINT('',#2331);
#1099=VERTEX_POINT('',#2335);
#1100=VERTEX_POINT('',#2339);
#1101=VERTEX_POINT('',#2343);
#1102=VERTEX_POINT('',#2347);
#1103=VERTEX_POINT('',#2351);
#1104=VERTEX_POINT('',#2361);
#1105=VERTEX_POINT('',#2365);
#1106=VERTEX_POINT('',#2371);
#1107=VERTEX_POINT('',#2375);
#1108=VERTEX_POINT('',#2381);
#1109=VERTEX_POINT('',#2385);
#1110=VERTEX_POINT('',#2391);
#1111=VERTEX_POINT('',#2395);
#1112=VERTEX_POINT('',#2399);
#1113=VERTEX_POINT('',#2403);
#1114=VERTEX_POINT('',#2407);
#1115=VERTEX_POINT('',#2415);
#1116=VERTEX_POINT('',#2422);
#1117=CIRCLE('',#1479,0.0013);
#1118=CIRCLE('',#1480,0.02855);
#1119=CIRCLE('',#1481,0.001);
#1120=CIRCLE('',#1482,0.001);
#1121=CIRCLE('',#1483,0.002);
#1122=CIRCLE('',#1484,0.001);
#1123=CIRCLE('',#1485,0.03015);
#1124=CIRCLE('',#1486,0.03015);
#1125=CIRCLE('',#1487,0.001);
#1126=CIRCLE('',#1488,0.002);
#1127=CIRCLE('',#1489,0.001);
#1128=CIRCLE('',#1493,0.00215);
#1129=CIRCLE('',#1494,0.00215);
#1130=CIRCLE('',#1499,0.00215);
#1131=CIRCLE('',#1501,0.00215);
#1132=CIRCLE('',#1503,0.02855);
#1133=CIRCLE('',#1504,0.02855);
#1134=CIRCLE('',#1505,0.02855);
#1135=CIRCLE('',#1506,0.001);
#1136=CIRCLE('',#1507,0.03015);
#1137=CIRCLE('',#1508,0.03015);
#1138=CIRCLE('',#1509,0.001);
#1139=CIRCLE('',#1510,0.002);
#1140=CIRCLE('',#1511,0.002);
#1141=CIRCLE('',#1512,0.02855);
#1142=CIRCLE('',#1513,0.001);
#1143=CIRCLE('',#1514,0.001);
#1144=CIRCLE('',#1515,0.001);
#1145=CIRCLE('',#1516,0.001);
#1146=CIRCLE('',#1517,0.02855);
#1147=CIRCLE('',#1518,0.02855);
#1148=CIRCLE('',#1519,0.00189999999928204);
#1149=CIRCLE('',#1537,0.02855);
#1150=CIRCLE('',#1547,0.001);
#1151=CIRCLE('',#1555,0.002);
#1152=CIRCLE('',#1558,0.02855);
#1153=CIRCLE('',#1560,0.001);
#1154=CIRCLE('',#1563,0.001);
#1155=CIRCLE('',#1578,0.00110000000017949);
#1156=CIRCLE('',#1581,0.001);
#1157=CIRCLE('',#1585,0.002);
#1158=CIRCLE('',#1589,0.0013);
#1159=CIRCLE('',#1595,0.0011);
#1160=EDGE_LOOP('',(#355));
#1161=EDGE_LOOP('',(#356,#357,#358,#359,#360,#361,#362,#363,#364,#365,#366,
#367,#368,#369,#370,#371,#372,#373,#374,#375,#376));
#1162=EDGE_LOOP('',(#377,#378,#379,#380));
#1163=EDGE_LOOP('',(#381,#382,#383,#384));
#1164=EDGE_LOOP('',(#385,#386,#387,#388));
#1165=EDGE_LOOP('',(#389));
#1166=EDGE_LOOP('',(#390));
#1167=EDGE_LOOP('',(#391,#392,#393,#394));
#1168=EDGE_LOOP('',(#395,#396,#397,#398));
#1169=EDGE_LOOP('',(#399,#400,#401,#402,#403,#404,#405,#406,#407,#408,#409,
#410,#411,#412,#413,#414,#415,#416));
#1170=EDGE_LOOP('',(#417,#418,#419,#420));
#1171=EDGE_LOOP('',(#421));
#1172=EDGE_LOOP('',(#422));
#1173=EDGE_LOOP('',(#423));
#1174=EDGE_LOOP('',(#424));
#1175=EDGE_LOOP('',(#425,#426,#427,#428,#429,#430,#431,#432,#433,#434,#435,
#436,#437,#438,#439,#440,#441,#442,#443,#444,#445,#446,#447,#448,#449,#450,
#451,#452,#453,#454,#455,#456,#457,#458,#459,#460,#461,#462));
#1176=EDGE_LOOP('',(#463));
#1177=EDGE_LOOP('',(#464,#465,#466,#467,#468,#469,#470,#471));
#1178=EDGE_LOOP('',(#472,#473,#474,#475,#476,#477));
#1179=EDGE_LOOP('',(#478,#479,#480,#481));
#1180=EDGE_LOOP('',(#482,#483,#484,#485));
#1181=EDGE_LOOP('',(#486,#487,#488,#489));
#1182=EDGE_LOOP('',(#490,#491,#492,#493));
#1183=EDGE_LOOP('',(#494,#495,#496,#497,#498,#499));
#1184=EDGE_LOOP('',(#500,#501,#502,#503,#504,#505,#506,#507));
#1185=EDGE_LOOP('',(#508,#509,#510,#511,#512,#513));
#1186=EDGE_LOOP('',(#514,#515,#516,#517));
#1187=EDGE_LOOP('',(#518,#519,#520,#521));
#1188=EDGE_LOOP('',(#522,#523,#524,#525));
#1189=EDGE_LOOP('',(#526,#527,#528,#529));
#1190=EDGE_LOOP('',(#530,#531,#532,#533,#534,#535));
#1191=EDGE_LOOP('',(#536,#537,#538,#539,#540,#541));
#1192=EDGE_LOOP('',(#542));
#1193=EDGE_LOOP('',(#543,#544,#545,#546,#547,#548));
#1194=EDGE_LOOP('',(#549));
#1195=EDGE_LOOP('',(#550,#551,#552,#553,#554,#555,#556,#557,#558,#559,#560,
#561,#562,#563,#564,#565,#566,#567,#568,#569,#570,#571));
#1196=EDGE_LOOP('',(#572,#573,#574,#575));
#1197=EDGE_LOOP('',(#576,#577,#578,#579));
#1198=EDGE_LOOP('',(#580,#581,#582,#583));
#1199=EDGE_LOOP('',(#584,#585,#586,#587));
#1200=EDGE_LOOP('',(#588,#589,#590,#591,#592,#593));
#1201=EDGE_LOOP('',(#594,#595,#596,#597));
#1202=EDGE_LOOP('',(#598,#599,#600,#601));
#1203=EDGE_LOOP('',(#602,#603,#604,#605));
#1204=EDGE_LOOP('',(#606,#607,#608,#609));
#1205=EDGE_LOOP('',(#610,#611,#612,#613));
#1206=EDGE_LOOP('',(#614,#615,#616,#617,#618,#619));
#1207=EDGE_LOOP('',(#620,#621,#622,#623));
#1208=EDGE_LOOP('',(#624,#625,#626,#627));
#1209=EDGE_LOOP('',(#628,#629,#630,#631));
#1210=EDGE_LOOP('',(#632,#633,#634,#635));
#1211=EDGE_LOOP('',(#636,#637,#638,#639));
#1212=EDGE_LOOP('',(#640,#641,#642,#643));
#1213=EDGE_LOOP('',(#644,#645,#646,#647,#648,#649));
#1214=EDGE_LOOP('',(#650,#651,#652,#653));
#1215=EDGE_LOOP('',(#654,#655,#656,#657));
#1216=EDGE_LOOP('',(#658,#659,#660,#661));
#1217=EDGE_LOOP('',(#662,#663,#664,#665));
#1218=EDGE_LOOP('',(#666,#667,#668,#669));
#1219=EDGE_LOOP('',(#670,#671,#672,#673));
#1220=EDGE_LOOP('',(#674,#675,#676,#677));
#1221=EDGE_LOOP('',(#678,#679,#680,#681));
#1222=EDGE_LOOP('',(#682,#683,#684,#685));
#1223=EDGE_LOOP('',(#686,#687,#688,#689));
#1224=EDGE_LOOP('',(#690,#691,#692,#693));
#1225=EDGE_LOOP('',(#694,#695,#696,#697));
#1226=EDGE_LOOP('',(#698));
#1227=EDGE_LOOP('',(#699));
#1228=EDGE_LOOP('',(#700,#701,#702));
#1229=EDGE_LOOP('',(#703,#704,#705,#706));
#1230=EDGE_LOOP('',(#707,#708,#709,#710));
#1231=EDGE_LOOP('',(#711,#712,#713,#714));
#1232=EDGE_LOOP('',(#715,#716,#717,#718));
#1233=EDGE_LOOP('',(#719,#720,#721,#722));
#1234=EDGE_LOOP('',(#723,#724,#725,#726));
#1235=EDGE_LOOP('',(#727));
#1236=EDGE_LOOP('',(#728));
#1237=EDGE_LOOP('',(#729,#730,#731));
#1238=EDGE_LOOP('',(#732));
#1239=EDGE_LOOP('',(#733,#734,#735,#736,#737,#738,#739,#740));
#1240=EDGE_LOOP('',(#741,#742,#743,#744));
#1241=EDGE_LOOP('',(#745,#746,#747,#748));
#1242=EDGE_LOOP('',(#749));
#1243=EDGE_LOOP('',(#750,#751,#752,#753,#754,#755,#756,#757,#758));
#1244=EDGE_LOOP('',(#759,#760,#761,#762));
#1245=EDGE_LOOP('',(#763,#764,#765,#766));
#1246=EDGE_LOOP('',(#767));
#1247=EDGE_LOOP('',(#768));
#1248=FACE_BOUND('',#1160,.T.);
#1249=FACE_BOUND('',#1161,.T.);
#1250=FACE_BOUND('',#1162,.T.);
#1251=FACE_BOUND('',#1163,.T.);
#1252=FACE_BOUND('',#1164,.T.);
#1253=FACE_BOUND('',#1165,.T.);
#1254=FACE_BOUND('',#1166,.T.);
#1255=FACE_BOUND('',#1167,.T.);
#1256=FACE_BOUND('',#1168,.T.);
#1257=FACE_BOUND('',#1169,.T.);
#1258=FACE_BOUND('',#1170,.T.);
#1259=FACE_BOUND('',#1171,.T.);
#1260=FACE_BOUND('',#1172,.T.);
#1261=FACE_BOUND('',#1173,.T.);
#1262=FACE_BOUND('',#1174,.T.);
#1263=FACE_BOUND('',#1175,.T.);
#1264=FACE_BOUND('',#1176,.T.);
#1265=FACE_BOUND('',#1177,.T.);
#1266=FACE_BOUND('',#1178,.T.);
#1267=FACE_BOUND('',#1179,.T.);
#1268=FACE_BOUND('',#1180,.T.);
#1269=FACE_BOUND('',#1181,.T.);
#1270=FACE_BOUND('',#1182,.T.);
#1271=FACE_BOUND('',#1183,.T.);
#1272=FACE_BOUND('',#1184,.T.);
#1273=FACE_BOUND('',#1185,.T.);
#1274=FACE_BOUND('',#1186,.T.);
#1275=FACE_BOUND('',#1187,.T.);
#1276=FACE_BOUND('',#1188,.T.);
#1277=FACE_BOUND('',#1189,.T.);
#1278=FACE_BOUND('',#1190,.T.);
#1279=FACE_BOUND('',#1191,.T.);
#1280=FACE_BOUND('',#1192,.T.);
#1281=FACE_BOUND('',#1193,.T.);
#1282=FACE_BOUND('',#1194,.T.);
#1283=FACE_BOUND('',#1195,.T.);
#1284=FACE_BOUND('',#1196,.T.);
#1285=FACE_BOUND('',#1197,.T.);
#1286=FACE_BOUND('',#1198,.T.);
#1287=FACE_BOUND('',#1199,.T.);
#1288=FACE_BOUND('',#1200,.T.);
#1289=FACE_BOUND('',#1201,.T.);
#1290=FACE_BOUND('',#1202,.T.);
#1291=FACE_BOUND('',#1203,.T.);
#1292=FACE_BOUND('',#1204,.T.);
#1293=FACE_BOUND('',#1205,.T.);
#1294=FACE_BOUND('',#1206,.T.);
#1295=FACE_BOUND('',#1207,.T.);
#1296=FACE_BOUND('',#1208,.T.);
#1297=FACE_BOUND('',#1209,.T.);
#1298=FACE_BOUND('',#1210,.T.);
#1299=FACE_BOUND('',#1211,.T.);
#1300=FACE_BOUND('',#1212,.T.);
#1301=FACE_BOUND('',#1213,.T.);
#1302=FACE_BOUND('',#1214,.T.);
#1303=FACE_BOUND('',#1215,.T.);
#1304=FACE_BOUND('',#1216,.T.);
#1305=FACE_BOUND('',#1217,.T.);
#1306=FACE_BOUND('',#1218,.T.);
#1307=FACE_BOUND('',#1219,.T.);
#1308=FACE_BOUND('',#1220,.T.);
#1309=FACE_BOUND('',#1221,.T.);
#1310=FACE_BOUND('',#1222,.T.);
#1311=FACE_BOUND('',#1223,.T.);
#1312=FACE_BOUND('',#1224,.T.);
#1313=FACE_BOUND('',#1225,.T.);
#1314=FACE_BOUND('',#1226,.T.);
#1315=FACE_BOUND('',#1227,.T.);
#1316=FACE_BOUND('',#1228,.T.);
#1317=FACE_BOUND('',#1229,.T.);
#1318=FACE_BOUND('',#1230,.T.);
#1319=FACE_BOUND('',#1231,.T.);
#1320=FACE_BOUND('',#1232,.T.);
#1321=FACE_BOUND('',#1233,.T.);
#1322=FACE_BOUND('',#1234,.T.);
#1323=FACE_BOUND('',#1235,.T.);
#1324=FACE_BOUND('',#1236,.T.);
#1325=FACE_BOUND('',#1237,.T.);
#1326=FACE_BOUND('',#1238,.T.);
#1327=FACE_BOUND('',#1239,.T.);
#1328=FACE_BOUND('',#1240,.T.);
#1329=FACE_BOUND('',#1241,.T.);
#1330=FACE_BOUND('',#1242,.T.);
#1331=FACE_BOUND('',#1243,.T.);
#1332=FACE_BOUND('',#1244,.T.);
#1333=FACE_BOUND('',#1245,.T.);
#1334=FACE_BOUND('',#1246,.T.);
#1335=FACE_BOUND('',#1247,.T.);
#1336=PLANE('',#1478);
#1337=PLANE('',#1490);
#1338=PLANE('',#1491);
#1339=PLANE('',#1492);
#1340=PLANE('',#1495);
#1341=PLANE('',#1496);
#1342=PLANE('',#1497);
#1343=PLANE('',#1502);
#1344=PLANE('',#1520);
#1345=PLANE('',#1521);
#1346=PLANE('',#1522);
#1347=PLANE('',#1523);
#1348=PLANE('',#1524);
#1349=PLANE('',#1525);
#1350=PLANE('',#1526);
#1351=PLANE('',#1527);
#1352=PLANE('',#1528);
#1353=PLANE('',#1529);
#1354=PLANE('',#1530);
#1355=PLANE('',#1531);
#1356=PLANE('',#1532);
#1357=PLANE('',#1533);
#1358=PLANE('',#1534);
#1359=PLANE('',#1535);
#1360=PLANE('',#1542);
#1361=PLANE('',#1543);
#1362=PLANE('',#1544);
#1363=PLANE('',#1545);
#1364=PLANE('',#1551);
#1365=PLANE('',#1553);
#1366=PLANE('',#1556);
#1367=PLANE('',#1561);
#1368=PLANE('',#1564);
#1369=PLANE('',#1566);
#1370=PLANE('',#1568);
#1371=PLANE('',#1569);
#1372=PLANE('',#1570);
#1373=PLANE('',#1571);
#1374=PLANE('',#1572);
#1375=PLANE('',#1573);
#1376=PLANE('',#1574);
#1377=PLANE('',#1575);
#1378=PLANE('',#1576);
#1379=PLANE('',#1579);
#1380=PLANE('',#1582);
#1381=PLANE('',#1583);
#1382=PLANE('',#1586);
#1383=PLANE('',#1587);
#1384=PLANE('',#1590);
#1385=PLANE('',#1591);
#1386=PLANE('',#1592);
#1387=PLANE('',#1593);
#1388=PLANE('',#1594);
#1389=PLANE('',#1596);
#1390=PLANE('',#1597);
#1391=ADVANCED_FACE('',(#1248,#1249),#1336,.F.);
#1392=ADVANCED_FACE('',(#1250),#1337,.F.);
#1393=ADVANCED_FACE('',(#1251),#1338,.F.);
#1394=ADVANCED_FACE('',(#1252,#1253,#1254),#1339,.T.);
#1395=ADVANCED_FACE('',(#1255),#1340,.T.);
#1396=ADVANCED_FACE('',(#1256,#1257),#1341,.F.);
#1397=ADVANCED_FACE('',(#1258),#1342,.T.);
#1398=ADVANCED_FACE('',(#1259,#1260),#17,.F.);
#1399=ADVANCED_FACE('',(#1261,#1262),#18,.F.);
#1400=ADVANCED_FACE('',(#1263,#1264),#1343,.T.);
#1401=ADVANCED_FACE('',(#1265),#1344,.F.);
#1402=ADVANCED_FACE('',(#1266),#1345,.T.);
#1403=ADVANCED_FACE('',(#1267),#1346,.T.);
#1404=ADVANCED_FACE('',(#1268),#1347,.T.);
#1405=ADVANCED_FACE('',(#1269),#1348,.T.);
#1406=ADVANCED_FACE('',(#1270),#1349,.T.);
#1407=ADVANCED_FACE('',(#1271),#1350,.T.);
#1408=ADVANCED_FACE('',(#1272),#1351,.T.);
#1409=ADVANCED_FACE('',(#1273),#1352,.T.);
#1410=ADVANCED_FACE('',(#1274),#1353,.T.);
#1411=ADVANCED_FACE('',(#1275),#1354,.T.);
#1412=ADVANCED_FACE('',(#1276),#1355,.T.);
#1413=ADVANCED_FACE('',(#1277),#1356,.T.);
#1414=ADVANCED_FACE('',(#1278),#1357,.T.);
#1415=ADVANCED_FACE('',(#1279,#1280),#1358,.F.);
#1416=ADVANCED_FACE('',(#1281,#1282),#1359,.F.);
#1417=ADVANCED_FACE('',(#1283),#19,.F.);
#1418=ADVANCED_FACE('',(#1284),#1360,.T.);
#1419=ADVANCED_FACE('',(#1285),#1361,.T.);
#1420=ADVANCED_FACE('',(#1286),#1362,.T.);
#1421=ADVANCED_FACE('',(#1287),#1363,.F.);
#1422=ADVANCED_FACE('',(#1288),#20,.F.);
#1423=ADVANCED_FACE('',(#1289),#21,.T.);
#1424=ADVANCED_FACE('',(#1290),#22,.T.);
#1425=ADVANCED_FACE('',(#1291),#23,.F.);
#1426=ADVANCED_FACE('',(#1292),#1364,.T.);
#1427=ADVANCED_FACE('',(#1293),#24,.T.);
#1428=ADVANCED_FACE('',(#1294),#1365,.T.);
#1429=ADVANCED_FACE('',(#1295),#25,.T.);
#1430=ADVANCED_FACE('',(#1296),#1366,.T.);
#1431=ADVANCED_FACE('',(#1297),#26,.F.);
#1432=ADVANCED_FACE('',(#1298),#27,.T.);
#1433=ADVANCED_FACE('',(#1299),#1367,.T.);
#1434=ADVANCED_FACE('',(#1300),#28,.F.);
#1435=ADVANCED_FACE('',(#1301),#1368,.T.);
#1436=ADVANCED_FACE('',(#1302),#29,.F.);
#1437=ADVANCED_FACE('',(#1303),#1369,.T.);
#1438=ADVANCED_FACE('',(#1304),#30,.T.);
#1439=ADVANCED_FACE('',(#1305),#1370,.T.);
#1440=ADVANCED_FACE('',(#1306),#1371,.T.);
#1441=ADVANCED_FACE('',(#1307),#1372,.T.);
#1442=ADVANCED_FACE('',(#1308),#1373,.T.);
#1443=ADVANCED_FACE('',(#1309),#1374,.T.);
#1444=ADVANCED_FACE('',(#1310),#1375,.T.);
#1445=ADVANCED_FACE('',(#1311),#1376,.T.);
#1446=ADVANCED_FACE('',(#1312),#1377,.T.);
#1447=ADVANCED_FACE('',(#1313),#1378,.T.);
#1448=ADVANCED_FACE('',(#1314,#1315),#12,.F.);
#1449=ADVANCED_FACE('',(#1316),#1379,.T.);
#1450=ADVANCED_FACE('',(#1317),#31,.T.);
#1451=ADVANCED_FACE('',(#1318),#1380,.T.);
#1452=ADVANCED_FACE('',(#1319),#1381,.T.);
#1453=ADVANCED_FACE('',(#1320),#32,.T.);
#1454=ADVANCED_FACE('',(#1321),#1382,.T.);
#1455=ADVANCED_FACE('',(#1322),#1383,.F.);
#1456=ADVANCED_FACE('',(#1323,#1324),#33,.F.);
#1457=ADVANCED_FACE('',(#1325),#1384,.T.);
#1458=ADVANCED_FACE('',(#1326,#1327),#1385,.T.);
#1459=ADVANCED_FACE('',(#1328),#1386,.T.);
#1460=ADVANCED_FACE('',(#1329),#1387,.T.);
#1461=ADVANCED_FACE('',(#1330,#1331),#1388,.F.);
#1462=ADVANCED_FACE('',(#1332),#1389,.T.);
#1463=ADVANCED_FACE('',(#1333),#1390,.T.);
#1464=ADVANCED_FACE('',(#1334,#1335),#34,.F.);
#1465=CLOSED_SHELL('',(#1391,#1392,#1393,#1394,#1395,#1396,#1397,#1398,
#1399,#1400,#1401,#1402,#1403,#1404,#1405,#1406,#1407,#1408,#1409,#1410,
#1411,#1412,#1413,#1414,#1415,#1416,#1417,#1418,#1419,#1420,#1421,#1422,
#1423,#1424,#1425,#1426,#1427,#1428,#1429,#1430,#1431,#1432,#1433,#1434,
#1435,#1436,#1437,#1438,#1439,#1440,#1441,#1442,#1443,#1444,#1445,#1446,
#1447,#1448,#1449,#1450,#1451,#1452,#1453,#1454,#1455,#1456,#1457,#1458,
#1459,#1460,#1461,#1462,#1463,#1464));
#1466=STYLED_ITEM('',(#1467),#1474);
#1467=PRESENTATION_STYLE_ASSIGNMENT((#1468));
#1468=SURFACE_STYLE_USAGE(.BOTH.,#1469);
#1469=SURFACE_SIDE_STYLE('',(#1470));
#1470=SURFACE_STYLE_FILL_AREA(#1471);
#1471=FILL_AREA_STYLE('',(#1472));
#1472=FILL_AREA_STYLE_COLOUR('',#1473);
#1473=COLOUR_RGB('',0.611764705882353,0.658823529411765,0.670588235294118);
#1474=MANIFOLD_SOLID_BREP('Part 1',#1465);
#1475=SHAPE_DEFINITION_REPRESENTATION(#2432,#1476);
#1476=SHAPE_REPRESENTATION('Part 1',(#1477),#2427);
#1477=AXIS2_PLACEMENT_3D('',#2003,#1599,#1600);
#1478=AXIS2_PLACEMENT_3D('',#2004,#1601,#1602);
#1479=AXIS2_PLACEMENT_3D('',#2005,#1603,#1604);
#1480=AXIS2_PLACEMENT_3D('',#2007,#1605,#1606);
#1481=AXIS2_PLACEMENT_3D('',#2010,#1607,#1608);
#1482=AXIS2_PLACEMENT_3D('',#2014,#1610,#1611);
#1483=AXIS2_PLACEMENT_3D('',#2022,#1615,#1616);
#1484=AXIS2_PLACEMENT_3D('',#2026,#1618,#1619);
#1485=AXIS2_PLACEMENT_3D('',#2028,#1620,#1621);
#1486=AXIS2_PLACEMENT_3D('',#2036,#1625,#1626);
#1487=AXIS2_PLACEMENT_3D('',#2038,#1627,#1628);
#1488=AXIS2_PLACEMENT_3D('',#2042,#1630,#1631);
#1489=AXIS2_PLACEMENT_3D('',#2048,#1634,#1635);
#1490=AXIS2_PLACEMENT_3D('',#2049,#1636,#1637);
#1491=AXIS2_PLACEMENT_3D('',#2058,#1642,#1643);
#1492=AXIS2_PLACEMENT_3D('',#2064,#1647,#1648);
#1493=AXIS2_PLACEMENT_3D('',#2068,#1651,#1652);
#1494=AXIS2_PLACEMENT_3D('',#2070,#1653,#1654);
#1495=AXIS2_PLACEMENT_3D('',#2072,#1655,#1656);
#1496=AXIS2_PLACEMENT_3D('',#2076,#1659,#1660);
#1497=AXIS2_PLACEMENT_3D('',#2111,#1679,#1680);
#1498=AXIS2_PLACEMENT_3D('',#2112,#1681,#1682);
#1499=AXIS2_PLACEMENT_3D('',#2113,#1683,#1684);
#1500=AXIS2_PLACEMENT_3D('',#2115,#1685,#1686);
#1501=AXIS2_PLACEMENT_3D('',#2116,#1687,#1688);
#1502=AXIS2_PLACEMENT_3D('',#2118,#1689,#1690);
#1503=AXIS2_PLACEMENT_3D('',#2119,#1691,#1692);
#1504=AXIS2_PLACEMENT_3D('',#2128,#1696,#1697);
#1505=AXIS2_PLACEMENT_3D('',#2136,#1701,#1702);
#1506=AXIS2_PLACEMENT_3D('',#2140,#1704,#1705);
#1507=AXIS2_PLACEMENT_3D('',#2142,#1706,#1707);
#1508=AXIS2_PLACEMENT_3D('',#2147,#1710,#1711);
#1509=AXIS2_PLACEMENT_3D('',#2149,#1712,#1713);
#1510=AXIS2_PLACEMENT_3D('',#2153,#1715,#1716);
#1511=AXIS2_PLACEMENT_3D('',#2157,#1718,#1719);
#1512=AXIS2_PLACEMENT_3D('',#2161,#1721,#1722);
#1513=AXIS2_PLACEMENT_3D('',#2163,#1723,#1724);
#1514=AXIS2_PLACEMENT_3D('',#2167,#1726,#1727);
#1515=AXIS2_PLACEMENT_3D('',#2171,#1729,#1730);
#1516=AXIS2_PLACEMENT_3D('',#2175,#1732,#1733);
#1517=AXIS2_PLACEMENT_3D('',#2177,#1734,#1735);
#1518=AXIS2_PLACEMENT_3D('',#2185,#1739,#1740);
#1519=AXIS2_PLACEMENT_3D('',#2192,#1744,#1745);
#1520=AXIS2_PLACEMENT_3D('',#2194,#1746,#1747);
#1521=AXIS2_PLACEMENT_3D('',#2201,#1752,#1753);
#1522=AXIS2_PLACEMENT_3D('',#2209,#1758,#1759);
#1523=AXIS2_PLACEMENT_3D('',#2213,#1762,#1763);
#1524=AXIS2_PLACEMENT_3D('',#2217,#1766,#1767);
#1525=AXIS2_PLACEMENT_3D('',#2221,#1770,#1771);
#1526=AXIS2_PLACEMENT_3D('',#2225,#1774,#1775);
#1527=AXIS2_PLACEMENT_3D('',#2228,#1778,#1779);
#1528=AXIS2_PLACEMENT_3D('',#2235,#1784,#1785);
#1529=AXIS2_PLACEMENT_3D('',#2243,#1790,#1791);
#1530=AXIS2_PLACEMENT_3D('',#2247,#1794,#1795);
#1531=AXIS2_PLACEMENT_3D('',#2251,#1798,#1799);
#1532=AXIS2_PLACEMENT_3D('',#2255,#1802,#1803);
#1533=AXIS2_PLACEMENT_3D('',#2259,#1806,#1807);
#1534=AXIS2_PLACEMENT_3D('',#2262,#1810,#1811);
#1535=AXIS2_PLACEMENT_3D('',#2263,#1812,#1813);
#1536=AXIS2_PLACEMENT_3D('',#2264,#1814,#1815);
#1537=AXIS2_PLACEMENT_3D('',#2267,#1817,#1818);
#1538=AXIS2_PLACEMENT_3D('',#2272,#1821,#1822);
#1539=AXIS2_PLACEMENT_3D('',#2277,#1825,#1826);
#1540=AXIS2_PLACEMENT_3D('',#2282,#1829,#1830);
#1541=AXIS2_PLACEMENT_3D('',#2287,#1833,#1834);
#1542=AXIS2_PLACEMENT_3D('',#2291,#1837,#1838);
#1543=AXIS2_PLACEMENT_3D('',#2295,#1841,#1842);
#1544=AXIS2_PLACEMENT_3D('',#2299,#1845,#1846);
#1545=AXIS2_PLACEMENT_3D('',#2301,#1848,#1849);
#1546=AXIS2_PLACEMENT_3D('',#2305,#1852,#1853);
#1547=AXIS2_PLACEMENT_3D('',#2309,#1856,#1857);
#1548=AXIS2_PLACEMENT_3D('',#2310,#1858,#1859);
#1549=AXIS2_PLACEMENT_3D('',#2311,#1860,#1861);
#1550=AXIS2_PLACEMENT_3D('',#2313,#1863,#1864);
#1551=AXIS2_PLACEMENT_3D('',#2315,#1866,#1867);
#1552=AXIS2_PLACEMENT_3D('',#2317,#1869,#1870);
#1553=AXIS2_PLACEMENT_3D('',#2319,#1872,#1873);
#1554=AXIS2_PLACEMENT_3D('',#2325,#1877,#1878);
#1555=AXIS2_PLACEMENT_3D('',#2328,#1880,#1881);
#1556=AXIS2_PLACEMENT_3D('',#2329,#1882,#1883);
#1557=AXIS2_PLACEMENT_3D('',#2333,#1886,#1887);
#1558=AXIS2_PLACEMENT_3D('',#2336,#1889,#1890);
#1559=AXIS2_PLACEMENT_3D('',#2337,#1891,#1892);
#1560=AXIS2_PLACEMENT_3D('',#2340,#1894,#1895);
#1561=AXIS2_PLACEMENT_3D('',#2341,#1896,#1897);
#1562=AXIS2_PLACEMENT_3D('',#2345,#1900,#1901);
#1563=AXIS2_PLACEMENT_3D('',#2346,#1902,#1903);
#1564=AXIS2_PLACEMENT_3D('',#2349,#1905,#1906);
#1565=AXIS2_PLACEMENT_3D('',#2354,#1910,#1911);
#1566=AXIS2_PLACEMENT_3D('',#2356,#1913,#1914);
#1567=AXIS2_PLACEMENT_3D('',#2358,#1916,#1917);
#1568=AXIS2_PLACEMENT_3D('',#2359,#1918,#1919);
#1569=AXIS2_PLACEMENT_3D('',#2363,#1922,#1923);
#1570=AXIS2_PLACEMENT_3D('',#2367,#1926,#1927);
#1571=AXIS2_PLACEMENT_3D('',#2369,#1929,#1930);
#1572=AXIS2_PLACEMENT_3D('',#2373,#1933,#1934);
#1573=AXIS2_PLACEMENT_3D('',#2377,#1937,#1938);
#1574=AXIS2_PLACEMENT_3D('',#2379,#1940,#1941);
#1575=AXIS2_PLACEMENT_3D('',#2383,#1944,#1945);
#1576=AXIS2_PLACEMENT_3D('',#2387,#1948,#1949);
#1577=AXIS2_PLACEMENT_3D('',#2389,#1951,#1952);
#1578=AXIS2_PLACEMENT_3D('',#2390,#1953,#1954);
#1579=AXIS2_PLACEMENT_3D('',#2392,#1955,#1956);
#1580=AXIS2_PLACEMENT_3D('',#2393,#1957,#1958);
#1581=AXIS2_PLACEMENT_3D('',#2396,#1960,#1961);
#1582=AXIS2_PLACEMENT_3D('',#2397,#1962,#1963);
#1583=AXIS2_PLACEMENT_3D('',#2401,#1966,#1967);
#1584=AXIS2_PLACEMENT_3D('',#2405,#1970,#1971);
#1585=AXIS2_PLACEMENT_3D('',#2408,#1973,#1974);
#1586=AXIS2_PLACEMENT_3D('',#2409,#1975,#1976);
#1587=AXIS2_PLACEMENT_3D('',#2411,#1978,#1979);
#1588=AXIS2_PLACEMENT_3D('',#2413,#1981,#1982);
#1589=AXIS2_PLACEMENT_3D('',#2414,#1983,#1984);
#1590=AXIS2_PLACEMENT_3D('',#2416,#1985,#1986);
#1591=AXIS2_PLACEMENT_3D('',#2417,#1987,#1988);
#1592=AXIS2_PLACEMENT_3D('',#2418,#1989,#1990);
#1593=AXIS2_PLACEMENT_3D('',#2419,#1991,#1992);
#1594=AXIS2_PLACEMENT_3D('',#2420,#1993,#1994);
#1595=AXIS2_PLACEMENT_3D('',#2421,#1995,#1996);
#1596=AXIS2_PLACEMENT_3D('',#2423,#1997,#1998);
#1597=AXIS2_PLACEMENT_3D('',#2424,#1999,#2000);
#1598=AXIS2_PLACEMENT_3D('',#2425,#2001,#2002);
#1599=DIRECTION('',(0.,0.,1.));
#1600=DIRECTION('',(1.,0.,0.));
#1601=DIRECTION('',(0.,1.,0.));
#1602=DIRECTION('',(1.,0.,0.));
#1603=DIRECTION('',(0.,-1.,0.));
#1604=DIRECTION('',(0.,0.,-1.));
#1605=DIRECTION('',(0.,1.,0.));
#1606=DIRECTION('',(0.,0.,1.));
#1607=DIRECTION('',(0.,1.,0.));
#1608=DIRECTION('',(0.,0.,1.));
#1609=DIRECTION('',(0.,0.,-1.));
#1610=DIRECTION('',(0.,1.,0.));
#1611=DIRECTION('',(0.,0.,1.));
#1612=DIRECTION('',(1.,0.,0.));
#1613=DIRECTION('',(0.,0.,-1.));
#1614=DIRECTION('',(-1.,0.,0.));
#1615=DIRECTION('',(0.,-1.,0.));
#1616=DIRECTION('',(0.,0.,-1.));
#1617=DIRECTION('',(0.,0.,-1.));
#1618=DIRECTION('',(0.,1.,0.));
#1619=DIRECTION('',(0.,0.,1.));
#1620=DIRECTION('',(0.,1.,0.));
#1621=DIRECTION('',(0.,0.,1.));
#1622=DIRECTION('',(0.,0.,-1.));
#1623=DIRECTION('',(1.,0.,0.));
#1624=DIRECTION('',(0.,0.,1.));
#1625=DIRECTION('',(0.,1.,0.));
#1626=DIRECTION('',(0.,0.,1.));
#1627=DIRECTION('',(0.,1.,0.));
#1628=DIRECTION('',(0.,0.,1.));
#1629=DIRECTION('',(0.,0.,-1.));
#1630=DIRECTION('',(0.,-1.,0.));
#1631=DIRECTION('',(0.,0.,-1.));
#1632=DIRECTION('',(-1.,0.,0.));
#1633=DIRECTION('',(0.,0.,-1.));
#1634=DIRECTION('',(0.,1.,0.));
#1635=DIRECTION('',(0.,0.,1.));
#1636=DIRECTION('',(1.,0.,0.));
#1637=DIRECTION('',(0.,0.,1.));
#1638=DIRECTION('',(0.,-1.,0.));
#1639=DIRECTION('',(0.,0.,1.));
#1640=DIRECTION('',(0.,1.,0.));
#1641=DIRECTION('',(0.,0.,1.));
#1642=DIRECTION('',(0.,1.,0.));
#1643=DIRECTION('',(0.,0.,1.));
#1644=DIRECTION('',(0.,0.,1.));
#1645=DIRECTION('',(1.,0.,0.));
#1646=DIRECTION('',(1.,0.,0.));
#1647=DIRECTION('',(0.,0.,1.));
#1648=DIRECTION('',(1.,0.,0.));
#1649=DIRECTION('',(0.,1.,0.));
#1650=DIRECTION('',(1.,0.,0.));
#1651=DIRECTION('',(0.,0.,1.));
#1652=DIRECTION('',(1.,0.,0.));
#1653=DIRECTION('',(0.,0.,1.));
#1654=DIRECTION('',(1.,0.,0.));
#1655=DIRECTION('',(0.,1.,0.));
#1656=DIRECTION('',(0.,0.,1.));
#1657=DIRECTION('',(1.,0.,0.));
#1658=DIRECTION('',(0.,0.,1.));
#1659=DIRECTION('',(0.,0.,1.));
#1660=DIRECTION('',(1.,0.,0.));
#1661=DIRECTION('',(0.,-1.,0.));
#1662=DIRECTION('',(0.,-1.,0.));
#1663=DIRECTION('',(-0.50000000000019,0.866025403784329,0.));
#1664=DIRECTION('',(-1.,1.068312603546E-16,0.));
#1665=DIRECTION('',(-0.50000000000019,-0.866025403784329,0.));
#1666=DIRECTION('',(0.50000000000019,-0.866025403784329,0.));
#1667=DIRECTION('',(1.,-2.136625207093E-16,0.));
#1668=DIRECTION('',(0.50000000000019,0.866025403784329,0.));
#1669=DIRECTION('',(0.,-1.,0.));
#1670=DIRECTION('',(0.,1.,0.));
#1671=DIRECTION('',(0.50000000000019,-0.866025403784329,0.));
#1672=DIRECTION('',(1.,-2.136625207093E-16,0.));
#1673=DIRECTION('',(0.50000000000019,0.866025403784329,0.));
#1674=DIRECTION('',(-0.50000000000019,0.866025403784329,0.));
#1675=DIRECTION('',(-1.,1.068312603546E-16,0.));
#1676=DIRECTION('',(-0.50000000000019,-0.866025403784329,0.));
#1677=DIRECTION('',(0.,1.,0.));
#1678=DIRECTION('',(1.,0.,0.));
#1679=DIRECTION('',(1.,0.,0.));
#1680=DIRECTION('',(0.,0.,1.));
#1681=DIRECTION('',(0.,0.,1.));
#1682=DIRECTION('',(1.,0.,0.));
#1683=DIRECTION('',(0.,0.,1.));
#1684=DIRECTION('',(1.,0.,0.));
#1685=DIRECTION('',(0.,0.,1.));
#1686=DIRECTION('',(1.,0.,0.));
#1687=DIRECTION('',(0.,0.,1.));
#1688=DIRECTION('',(1.,0.,0.));
#1689=DIRECTION('',(0.,1.,0.));
#1690=DIRECTION('',(1.,0.,0.));
#1691=DIRECTION('',(0.,1.,0.));
#1692=DIRECTION('',(0.,0.,1.));
#1693=DIRECTION('',(0.866025403784323,0.,-0.500000000000201));
#1694=DIRECTION('',(-0.499999999999577,0.,-0.866025403784683));
#1695=DIRECTION('',(-0.866025403785065,0.,0.499999999998915));
#1696=DIRECTION('',(0.,1.,0.));
#1697=DIRECTION('',(0.,0.,1.));
#1698=DIRECTION('',(0.866025403784073,0.,0.500000000000633));
#1699=DIRECTION('',(0.499999999999577,0.,-0.866025403784683));
#1700=DIRECTION('',(-0.866025403784159,0.,-0.500000000000486));
#1701=DIRECTION('',(0.,1.,0.));
#1702=DIRECTION('',(0.,0.,1.));
#1703=DIRECTION('',(0.,0.,1.));
#1704=DIRECTION('',(0.,1.,0.));
#1705=DIRECTION('',(0.,0.,1.));
#1706=DIRECTION('',(0.,1.,0.));
#1707=DIRECTION('',(0.,0.,1.));
#1708=DIRECTION('',(0.,0.,-1.));
#1709=DIRECTION('',(0.,0.,1.));
#1710=DIRECTION('',(0.,1.,0.));
#1711=DIRECTION('',(0.,0.,1.));
#1712=DIRECTION('',(0.,1.,0.));
#1713=DIRECTION('',(0.,0.,1.));
#1714=DIRECTION('',(0.,0.,-1.));
#1715=DIRECTION('',(0.,-1.,0.));
#1716=DIRECTION('',(0.,0.,-1.));
#1717=DIRECTION('',(1.,0.,0.));
#1718=DIRECTION('',(0.,-1.,0.));
#1719=DIRECTION('',(0.,0.,-1.));
#1720=DIRECTION('',(0.,0.,-1.));
#1721=DIRECTION('',(0.,1.,0.));
#1722=DIRECTION('',(0.,0.,1.));
#1723=DIRECTION('',(0.,1.,0.));
#1724=DIRECTION('',(0.,0.,1.));
#1725=DIRECTION('',(0.,0.,-1.));
#1726=DIRECTION('',(0.,1.,0.));
#1727=DIRECTION('',(0.,0.,1.));
#1728=DIRECTION('',(1.,0.,0.));
#1729=DIRECTION('',(0.,1.,0.));
#1730=DIRECTION('',(0.,0.,1.));
#1731=DIRECTION('',(0.,0.,-1.));
#1732=DIRECTION('',(0.,1.,0.));
#1733=DIRECTION('',(0.,0.,1.));
#1734=DIRECTION('',(0.,1.,0.));
#1735=DIRECTION('',(0.,0.,1.));
#1736=DIRECTION('',(-0.866025403784323,0.,0.500000000000201));
#1737=DIRECTION('',(0.499999999999577,0.,0.866025403784683));
#1738=DIRECTION('',(0.866025403785065,0.,-0.499999999998915));
#1739=DIRECTION('',(0.,1.,0.));
#1740=DIRECTION('',(0.,0.,1.));
#1741=DIRECTION('',(-0.866025403784073,0.,-0.500000000000633));
#1742=DIRECTION('',(-0.499999999999577,0.,0.866025403784683));
#1743=DIRECTION('',(0.866025403784159,0.,0.500000000000486));
#1744=DIRECTION('',(0.,1.,0.));
#1745=DIRECTION('',(0.,0.,1.));
#1746=DIRECTION('',(1.,0.,0.));
#1747=DIRECTION('',(0.,0.,1.));
#1748=DIRECTION('',(0.,0.,-1.));
#1749=DIRECTION('',(0.,1.,0.));
#1750=DIRECTION('',(0.,0.,-1.));
#1751=DIRECTION('',(0.,1.,0.));
#1752=DIRECTION('',(-0.866025403784329,-0.50000000000019,0.));
#1753=DIRECTION('',(-0.50000000000019,0.866025403784329,0.));
#1754=DIRECTION('',(-0.499999999999947,0.86602540378447,0.));
#1755=DIRECTION('',(0.,0.,-1.));
#1756=DIRECTION('',(-0.50000000000019,0.866025403784329,0.));
#1757=DIRECTION('',(0.,0.,-1.));
#1758=DIRECTION('',(-1.068312603546E-16,-1.,0.));
#1759=DIRECTION('',(-1.,1.068312603546E-16,0.));
#1760=DIRECTION('',(-1.,1.068312603546E-16,0.));
#1761=DIRECTION('',(0.,0.,-1.));
#1762=DIRECTION('',(0.866025403784329,-0.50000000000019,0.));
#1763=DIRECTION('',(-0.50000000000019,-0.866025403784329,0.));
#1764=DIRECTION('',(-0.50000000000019,-0.866025403784329,0.));
#1765=DIRECTION('',(0.,0.,-1.));
#1766=DIRECTION('',(0.866025403784329,0.50000000000019,0.));
#1767=DIRECTION('',(0.50000000000019,-0.866025403784329,0.));
#1768=DIRECTION('',(0.50000000000019,-0.866025403784329,0.));
#1769=DIRECTION('',(0.,0.,-1.));
#1770=DIRECTION('',(2.136625207093E-16,1.,0.));
#1771=DIRECTION('',(1.,-2.136625207093E-16,0.));
#1772=DIRECTION('',(1.,-2.136625207093E-16,0.));
#1773=DIRECTION('',(0.,0.,-1.));
#1774=DIRECTION('',(-0.866025403784329,0.50000000000019,0.));
#1775=DIRECTION('',(0.50000000000019,0.866025403784329,0.));
#1776=DIRECTION('',(0.50000000000019,0.866025403784329,0.));
#1777=DIRECTION('',(0.499999999999947,0.86602540378447,0.));
#1778=DIRECTION('',(1.,0.,0.));
#1779=DIRECTION('',(0.,0.,1.));
#1780=DIRECTION('',(0.,-1.,0.));
#1781=DIRECTION('',(0.,0.,1.));
#1782=DIRECTION('',(0.,-1.,0.));
#1783=DIRECTION('',(0.,0.,1.));
#1784=DIRECTION('',(0.866025403784329,0.50000000000019,0.));
#1785=DIRECTION('',(0.50000000000019,-0.866025403784329,0.));
#1786=DIRECTION('',(0.499999999999947,-0.86602540378447,0.));
#1787=DIRECTION('',(0.,0.,-1.));
#1788=DIRECTION('',(0.50000000000019,-0.866025403784329,0.));
#1789=DIRECTION('',(0.,0.,-1.));
#1790=DIRECTION('',(2.136625207093E-16,1.,0.));
#1791=DIRECTION('',(1.,-2.136625207093E-16,0.));
#1792=DIRECTION('',(1.,-2.136625207093E-16,0.));
#1793=DIRECTION('',(0.,0.,-1.));
#1794=DIRECTION('',(-0.866025403784329,0.50000000000019,0.));
#1795=DIRECTION('',(0.50000000000019,0.866025403784329,0.));
#1796=DIRECTION('',(0.50000000000019,0.866025403784329,0.));
#1797=DIRECTION('',(0.,0.,-1.));
#1798=DIRECTION('',(-0.866025403784329,-0.50000000000019,0.));
#1799=DIRECTION('',(-0.50000000000019,0.866025403784329,0.));
#1800=DIRECTION('',(-0.50000000000019,0.866025403784329,0.));
#1801=DIRECTION('',(0.,0.,-1.));
#1802=DIRECTION('',(-1.068312603546E-16,-1.,0.));
#1803=DIRECTION('',(-1.,1.068312603546E-16,0.));
#1804=DIRECTION('',(-1.,1.068312603546E-16,0.));
#1805=DIRECTION('',(0.,0.,-1.));
#1806=DIRECTION('',(0.866025403784329,-0.50000000000019,0.));
#1807=DIRECTION('',(-0.50000000000019,-0.866025403784329,0.));
#1808=DIRECTION('',(-0.50000000000019,-0.866025403784329,0.));
#1809=DIRECTION('',(-0.499999999999947,-0.86602540378447,0.));
#1810=DIRECTION('',(0.,0.,1.));
#1811=DIRECTION('',(1.,0.,0.));
#1812=DIRECTION('',(0.,0.,1.));
#1813=DIRECTION('',(1.,0.,0.));
#1814=DIRECTION('',(0.,1.,0.));
#1815=DIRECTION('',(1.,0.,0.));
#1816=DIRECTION('',(0.,1.,0.));
#1817=DIRECTION('',(0.,1.,0.));
#1818=DIRECTION('',(0.,0.,1.));
#1819=DIRECTION('',(0.,1.,0.));
#1820=DIRECTION('',(0.,1.,0.));
#1821=DIRECTION('',(0.612372435695787,-0.707106781186753,0.353553390592877));
#1822=DIRECTION('',(0.612372435696143,0.707106781186342,0.353553390593082));
#1823=DIRECTION('',(0.,1.,0.));
#1824=DIRECTION('',(0.,1.,0.));
#1825=DIRECTION('',(0.612372435695787,-0.707106781186753,-0.353553390592877));
#1826=DIRECTION('',(0.612372435696143,0.707106781186342,-0.353553390593082));
#1827=DIRECTION('',(0.,1.,0.));
#1828=DIRECTION('',(0.,1.,0.));
#1829=DIRECTION('',(-0.612372435695787,-0.707106781186753,-0.353553390592877));
#1830=DIRECTION('',(-0.612372435696143,0.707106781186342,-0.353553390593082));
#1831=DIRECTION('',(0.,1.,0.));
#1832=DIRECTION('',(0.,1.,0.));
#1833=DIRECTION('',(-0.612372435695787,-0.707106781186753,0.353553390592877));
#1834=DIRECTION('',(-0.612372435696143,0.707106781186342,0.353553390593082));
#1835=DIRECTION('',(0.,1.,0.));
#1836=DIRECTION('',(0.,1.,0.));
#1837=DIRECTION('',(-0.50000000000019,0.,0.866025403784329));
#1838=DIRECTION('',(0.866025403784329,0.,0.50000000000019));
#1839=DIRECTION('',(0.,1.,0.));
#1840=DIRECTION('',(0.612372435695425,0.707106781186885,0.353553390593239));
#1841=DIRECTION('',(0.866025403784329,0.,0.50000000000019));
#1842=DIRECTION('',(0.50000000000019,0.,-0.866025403784329));
#1843=DIRECTION('',(0.,1.,0.));
#1844=DIRECTION('',(-0.499999999999584,-2.77555756156289E-17,0.866025403784679));
#1845=DIRECTION('',(0.50000000000019,0.,-0.866025403784329));
#1846=DIRECTION('',(-0.866025403784329,0.,-0.50000000000019));
#1847=DIRECTION('',(-0.612372435695424,-0.707106781186885,-0.35355339059324));
#1848=DIRECTION('',(-1.,0.,0.));
#1849=DIRECTION('',(0.,0.,1.));
#1850=DIRECTION('',(0.,0.,1.));
#1851=DIRECTION('',(0.,1.,0.));
#1852=DIRECTION('',(0.,1.,0.));
#1853=DIRECTION('',(0.43659711075403,0.,0.899657136292062));
#1854=DIRECTION('',(0.,1.,0.));
#1855=DIRECTION('',(0.,1.,0.));
#1856=DIRECTION('',(0.,1.,0.));
#1857=DIRECTION('',(0.,0.,1.));
#1858=DIRECTION('',(0.,1.,0.));
#1859=DIRECTION('',(1.,0.,0.));
#1860=DIRECTION('',(0.,1.,0.));
#1861=DIRECTION('',(1.,0.,0.));
#1862=DIRECTION('',(0.,1.,0.));
#1863=DIRECTION('',(0.,1.,0.));
#1864=DIRECTION('',(-1.,0.,0.));
#1865=DIRECTION('',(0.,1.,0.));
#1866=DIRECTION('',(1.,0.,0.));
#1867=DIRECTION('',(0.,0.,-1.));
#1868=DIRECTION('',(0.,-1.,0.));
#1869=DIRECTION('',(0.,-1.,0.));
#1870=DIRECTION('',(0.,0.,-1.));
#1871=DIRECTION('',(0.,1.,0.));
#1872=DIRECTION('',(0.,0.,-1.));
#1873=DIRECTION('',(-1.,0.,0.));
#1874=DIRECTION('',(1.,0.,0.));
#1875=DIRECTION('',(0.,-1.,0.));
#1876=DIRECTION('',(0.,1.,0.));
#1877=DIRECTION('',(0.,-1.,0.));
#1878=DIRECTION('',(-1.,0.,0.));
#1879=DIRECTION('',(0.,1.,0.));
#1880=DIRECTION('',(0.,-1.,0.));
#1881=DIRECTION('',(0.,0.,-1.));
#1882=DIRECTION('',(-1.,0.,0.));
#1883=DIRECTION('',(0.,0.,1.));
#1884=DIRECTION('',(0.,1.,0.));
#1885=DIRECTION('',(0.,0.,1.));
#1886=DIRECTION('',(0.,1.,0.));
#1887=DIRECTION('',(1.,0.,0.));
#1888=DIRECTION('',(0.,1.,0.));
#1889=DIRECTION('',(0.,1.,0.));
#1890=DIRECTION('',(0.,0.,1.));
#1891=DIRECTION('',(0.,1.,0.));
#1892=DIRECTION('',(0.,0.,1.));
#1893=DIRECTION('',(0.,1.,0.));
#1894=DIRECTION('',(0.,1.,0.));
#1895=DIRECTION('',(0.,0.,1.));
#1896=DIRECTION('',(1.,0.,0.));
#1897=DIRECTION('',(0.,0.,-1.));
#1898=DIRECTION('',(0.,1.,0.));
#1899=DIRECTION('',(0.,0.,-1.));
#1900=DIRECTION('',(0.,1.,0.));
#1901=DIRECTION('',(0.,0.,-1.));
#1902=DIRECTION('',(0.,1.,0.));
#1903=DIRECTION('',(0.,0.,1.));
#1904=DIRECTION('',(0.,1.,0.));
#1905=DIRECTION('',(0.,0.,1.));
#1906=DIRECTION('',(1.,0.,0.));
#1907=DIRECTION('',(1.,0.,0.));
#1908=DIRECTION('',(0.,1.,0.));
#1909=DIRECTION('',(0.,1.,0.));
#1910=DIRECTION('',(0.,1.,0.));
#1911=DIRECTION('',(1.,0.,0.));
#1912=DIRECTION('',(0.,1.,0.));
#1913=DIRECTION('',(-1.,0.,0.));
#1914=DIRECTION('',(0.,0.,1.));
#1915=DIRECTION('',(0.,1.,0.));
#1916=DIRECTION('',(0.,1.,0.));
#1917=DIRECTION('',(0.,0.,1.));
#1918=DIRECTION('',(-0.50000000000019,0.,-0.866025403784329));
#1919=DIRECTION('',(-0.866025403784329,0.,0.50000000000019));
#1920=DIRECTION('',(0.,1.,0.));
#1921=DIRECTION('',(-0.612372435695424,0.707106781186885,0.35355339059324));
#1922=DIRECTION('',(-0.866025403784329,0.,0.50000000000019));
#1923=DIRECTION('',(0.50000000000019,0.,0.866025403784329));
#1924=DIRECTION('',(0.,1.,0.));
#1925=DIRECTION('',(-0.499999999999584,2.77555756156289E-17,-0.866025403784679));
#1926=DIRECTION('',(0.50000000000019,0.,0.866025403784329));
#1927=DIRECTION('',(0.866025403784329,0.,-0.50000000000019));
#1928=DIRECTION('',(0.612372435695425,-0.707106781186885,-0.353553390593239));
#1929=DIRECTION('',(0.50000000000019,0.,-0.866025403784329));
#1930=DIRECTION('',(-0.866025403784329,0.,-0.50000000000019));
#1931=DIRECTION('',(0.,1.,0.));
#1932=DIRECTION('',(-0.612372435695425,0.707106781186885,-0.353553390593239));
#1933=DIRECTION('',(-0.866025403784329,0.,-0.50000000000019));
#1934=DIRECTION('',(-0.50000000000019,0.,0.866025403784329));
#1935=DIRECTION('',(0.,1.,0.));
#1936=DIRECTION('',(0.499999999999584,-2.77555756156289E-17,-0.866025403784679));
#1937=DIRECTION('',(-0.50000000000019,0.,0.866025403784329));
#1938=DIRECTION('',(0.866025403784329,0.,0.50000000000019));
#1939=DIRECTION('',(0.612372435695424,-0.707106781186885,0.35355339059324));
#1940=DIRECTION('',(0.50000000000019,0.,0.866025403784329));
#1941=DIRECTION('',(0.866025403784329,0.,-0.50000000000019));
#1942=DIRECTION('',(0.,1.,0.));
#1943=DIRECTION('',(0.612372435695424,0.707106781186885,-0.35355339059324));
#1944=DIRECTION('',(0.866025403784329,0.,-0.50000000000019));
#1945=DIRECTION('',(-0.50000000000019,0.,-0.866025403784329));
#1946=DIRECTION('',(0.,1.,0.));
#1947=DIRECTION('',(0.499999999999584,2.77555756156289E-17,0.866025403784679));
#1948=DIRECTION('',(-0.50000000000019,0.,-0.866025403784329));
#1949=DIRECTION('',(-0.866025403784329,0.,0.50000000000019));
#1950=DIRECTION('',(-0.612372435695425,-0.707106781186885,0.353553390593239));
#1951=DIRECTION('',(0.,1.,0.));
#1952=DIRECTION('',(0.,0.,-1.));
#1953=DIRECTION('',(0.,1.,0.));
#1954=DIRECTION('',(0.,0.,1.));
#1955=DIRECTION('',(0.,0.,1.));
#1956=DIRECTION('',(1.,0.,0.));
#1957=DIRECTION('',(0.,1.,0.));
#1958=DIRECTION('',(0.,0.,1.));
#1959=DIRECTION('',(0.,1.,0.));
#1960=DIRECTION('',(0.,1.,0.));
#1961=DIRECTION('',(0.,0.,1.));
#1962=DIRECTION('',(1.,0.,0.));
#1963=DIRECTION('',(0.,0.,-1.));
#1964=DIRECTION('',(0.,1.,0.));
#1965=DIRECTION('',(0.,0.,1.));
#1966=DIRECTION('',(0.,0.,-1.));
#1967=DIRECTION('',(-1.,0.,0.));
#1968=DIRECTION('',(0.,-1.,0.));
#1969=DIRECTION('',(-1.,0.,0.));
#1970=DIRECTION('',(0.,-1.,0.));
#1971=DIRECTION('',(-1.,0.,0.));
#1972=DIRECTION('',(0.,1.,0.));
#1973=DIRECTION('',(0.,-1.,0.));
#1974=DIRECTION('',(0.,0.,-1.));
#1975=DIRECTION('',(-1.,0.,0.));
#1976=DIRECTION('',(0.,0.,1.));
#1977=DIRECTION('',(0.,0.,1.));
#1978=DIRECTION('',(1.,0.,0.));
#1979=DIRECTION('',(0.,0.,-1.));
#1980=DIRECTION('',(0.,0.,-1.));
#1981=DIRECTION('',(0.,-1.,0.));
#1982=DIRECTION('',(0.,0.,1.));
#1983=DIRECTION('',(0.,-1.,0.));
#1984=DIRECTION('',(0.,0.,-1.));
#1985=DIRECTION('',(0.,0.,1.));
#1986=DIRECTION('',(1.,0.,0.));
#1987=DIRECTION('',(0.,1.,0.));
#1988=DIRECTION('',(0.,0.,1.));
#1989=DIRECTION('',(0.612372435695787,-0.707106781186753,0.353553390592877));
#1990=DIRECTION('',(0.612372435696143,0.707106781186342,0.353553390593083));
#1991=DIRECTION('',(0.612372435695787,-0.707106781186753,-0.353553390592877));
#1992=DIRECTION('',(0.612372435696143,0.707106781186342,-0.353553390593083));
#1993=DIRECTION('',(0.,1.,0.));
#1994=DIRECTION('',(0.,0.,1.));
#1995=DIRECTION('',(0.,1.,0.));
#1996=DIRECTION('',(0.,0.,1.));
#1997=DIRECTION('',(-0.612372435695787,-0.707106781186753,-0.353553390592877));
#1998=DIRECTION('',(-0.612372435696143,0.707106781186342,-0.353553390593083));
#1999=DIRECTION('',(-0.612372435695787,-0.707106781186753,0.353553390592877));
#2000=DIRECTION('',(-0.612372435696143,0.707106781186342,0.353553390593083));
#2001=DIRECTION('',(0.,1.,0.));
#2002=DIRECTION('',(0.,0.,1.));
#2003=CARTESIAN_POINT('',(0.,0.,0.));
#2004=CARTESIAN_POINT('',(0.,0.,0.));
#2005=CARTESIAN_POINT('',(-0.0096,0.,-0.03354804604554));
#2006=CARTESIAN_POINT('',(-0.0096,0.,-0.03484804604554));
#2007=CARTESIAN_POINT('',(0.,0.,0.));
#2008=CARTESIAN_POINT('',(0.00772927241962813,0.,-0.0274838288428504));
#2009=CARTESIAN_POINT('',(-0.00772927241962774,0.,-0.0274838288428491));
#2010=CARTESIAN_POINT('',(0.008,0.,-0.02844648484435));
#2011=CARTESIAN_POINT('',(0.00700000000000337,0.,-0.02844648334631));
#2012=CARTESIAN_POINT('',(0.00700000000000224,0.,0.));
#2013=CARTESIAN_POINT('',(0.00700000000000112,0.,-0.03335));
#2014=CARTESIAN_POINT('',(0.006,0.,-0.03335));
#2015=CARTESIAN_POINT('',(0.006,0.,-0.03435));
#2016=CARTESIAN_POINT('',(-0.008,0.,-0.03435));
#2017=CARTESIAN_POINT('',(-0.0068,0.,-0.03435));
#2018=CARTESIAN_POINT('',(-0.0068,0.,-0.02551984521897));
#2019=CARTESIAN_POINT('',(-0.0068,0.,-0.03655));
#2020=CARTESIAN_POINT('',(0.0096,0.,-0.03655));
#2021=CARTESIAN_POINT('',(0.0076,0.,-0.03655));
#2022=CARTESIAN_POINT('',(0.0076,0.,-0.03455));
#2023=CARTESIAN_POINT('',(0.0096,0.,-0.03455));
#2024=CARTESIAN_POINT('',(0.0096,0.,0.));
#2025=CARTESIAN_POINT('',(0.0096,0.,-0.02929099691031));
#2026=CARTESIAN_POINT('',(0.0106,0.,-0.02929099691031));
#2027=CARTESIAN_POINT('',(0.0102597110754414,0.,-0.0283506759822119));
#2028=CARTESIAN_POINT('',(0.,0.,0.));
#2029=CARTESIAN_POINT('',(0.01,0.,0.0284433208328422));
#2030=CARTESIAN_POINT('',(0.01,0.,0.));
#2031=CARTESIAN_POINT('',(0.01,0.,0.033));
#2032=CARTESIAN_POINT('',(-0.022,0.,0.033));
#2033=CARTESIAN_POINT('',(-0.01,0.,0.033));
#2034=CARTESIAN_POINT('',(-0.01,0.,0.027));
#2035=CARTESIAN_POINT('',(-0.00999999999999989,0.,0.0284433208328424));
#2036=CARTESIAN_POINT('',(0.,0.,0.));
#2037=CARTESIAN_POINT('',(-0.0131634028892458,0.,-0.027124662659198));
#2038=CARTESIAN_POINT('',(-0.0136,0.,-0.02802431979549));
#2039=CARTESIAN_POINT('',(-0.0126,0.,-0.02802431979549));
#2040=CARTESIAN_POINT('',(-0.0126,0.,0.));
#2041=CARTESIAN_POINT('',(-0.0126,0.,-0.03455));
#2042=CARTESIAN_POINT('',(-0.0106,0.,-0.03455));
#2043=CARTESIAN_POINT('',(-0.0106,0.,-0.03655));
#2044=CARTESIAN_POINT('',(0.0096,0.,-0.03655));
#2045=CARTESIAN_POINT('',(-0.007,0.,-0.03655));
#2046=CARTESIAN_POINT('',(-0.007,0.,0.));
#2047=CARTESIAN_POINT('',(-0.007,0.,-0.02844648334631));
#2048=CARTESIAN_POINT('',(-0.008,0.,-0.02844648484435));
#2049=CARTESIAN_POINT('',(-0.022,-0.004,0.033));
#2050=CARTESIAN_POINT('',(-0.022,-0.004,0.039));
#2051=CARTESIAN_POINT('',(-0.022,-0.004,0.039));
#2052=CARTESIAN_POINT('',(-0.022,0.01,0.039));
#2053=CARTESIAN_POINT('',(-0.022,0.01,0.033));
#2054=CARTESIAN_POINT('',(-0.022,0.01,0.033));
#2055=CARTESIAN_POINT('',(-0.022,-0.004,0.033));
#2056=CARTESIAN_POINT('',(-0.022,-0.004,0.033));
#2057=CARTESIAN_POINT('',(-0.022,-0.004,0.033));
#2058=CARTESIAN_POINT('',(-0.022,-0.004,0.033));
#2059=CARTESIAN_POINT('',(0.022,-0.004,0.033));
#2060=CARTESIAN_POINT('',(0.022,-0.004,0.033));
#2061=CARTESIAN_POINT('',(0.022,-0.004,0.039));
#2062=CARTESIAN_POINT('',(-0.022,-0.004,0.039));
#2063=CARTESIAN_POINT('',(-0.022,-0.004,0.033));
#2064=CARTESIAN_POINT('',(-0.022,-0.004,0.039));
#2065=CARTESIAN_POINT('',(0.022,-0.004,0.039));
#2066=CARTESIAN_POINT('',(0.022,0.01,0.039));
#2067=CARTESIAN_POINT('',(-0.022,0.01,0.039));
#2068=CARTESIAN_POINT('',(-0.014,0.003,0.039));
#2069=CARTESIAN_POINT('',(-0.01185,0.003,0.039));
#2070=CARTESIAN_POINT('',(0.014,0.003,0.039));
#2071=CARTESIAN_POINT('',(0.01615,0.003,0.039));
#2072=CARTESIAN_POINT('',(-0.022,0.01,0.033));
#2073=CARTESIAN_POINT('',(-0.022,0.01,0.033));
#2074=CARTESIAN_POINT('',(0.022,0.01,0.033));
#2075=CARTESIAN_POINT('',(0.022,0.01,0.033));
#2076=CARTESIAN_POINT('',(-0.022,-0.004,0.033));
#2077=CARTESIAN_POINT('',(0.022,-0.004,0.033));
#2078=CARTESIAN_POINT('',(-0.01,0.,0.033));
#2079=CARTESIAN_POINT('',(-0.01,0.00327179676972389,0.033));
#2080=CARTESIAN_POINT('',(-0.01,0.006,0.033));
#2081=CARTESIAN_POINT('',(-0.009843078061835,0.003,0.033));
#2082=CARTESIAN_POINT('',(-0.0119215390309143,0.0066,0.033));
#2083=CARTESIAN_POINT('',(-0.01192153903091,0.0066,0.033));
#2084=CARTESIAN_POINT('',(-0.01607846096908,0.0066,0.033));
#2085=CARTESIAN_POINT('',(-0.01607846096908,0.0066,0.033));
#2086=CARTESIAN_POINT('',(-0.018156921938161,0.00300000000000161,0.033));
#2087=CARTESIAN_POINT('',(-0.01815692193816,0.003,0.033));
#2088=CARTESIAN_POINT('',(-0.0160784609690782,-0.0006,0.033));
#2089=CARTESIAN_POINT('',(-0.01607846096908,-0.0006,0.033));
#2090=CARTESIAN_POINT('',(-0.01192153903091,-0.0006,0.033));
#2091=CARTESIAN_POINT('',(-0.01192153903091,-0.0006,0.033));
#2092=CARTESIAN_POINT('',(-0.00999999999999677,0.00272820323026669,0.033));
#2093=CARTESIAN_POINT('',(-0.01,0.,0.033));
#2094=CARTESIAN_POINT('',(0.01,-0.004,0.033));
#2095=CARTESIAN_POINT('',(0.01,0.00272820323027609,0.033));
#2096=CARTESIAN_POINT('',(0.009843078061835,0.003,0.033));
#2097=CARTESIAN_POINT('',(0.0119215390309178,-0.0006,0.033));
#2098=CARTESIAN_POINT('',(0.011921539030917,-0.0006,0.033));
#2099=CARTESIAN_POINT('',(0.016078460969083,-0.0006,0.033));
#2100=CARTESIAN_POINT('',(0.016078460969083,-0.0006,0.033));
#2101=CARTESIAN_POINT('',(0.0181569219381655,0.00299999999999926,0.033));
#2102=CARTESIAN_POINT('',(0.018156921938165,0.003,0.033));
#2103=CARTESIAN_POINT('',(0.0160784609690822,0.0066,0.033));
#2104=CARTESIAN_POINT('',(0.016078460969083,0.0066,0.033));
#2105=CARTESIAN_POINT('',(0.011921539030917,0.0066,0.033));
#2106=CARTESIAN_POINT('',(0.011921539030917,0.0066,0.033));
#2107=CARTESIAN_POINT('',(0.01,0.00327179676972539,0.033));
#2108=CARTESIAN_POINT('',(0.01,-0.004,0.033));
#2109=CARTESIAN_POINT('',(0.01,0.006,0.033));
#2110=CARTESIAN_POINT('',(0.,0.006,0.033));
#2111=CARTESIAN_POINT('',(0.022,-0.004,0.033));
#2112=CARTESIAN_POINT('',(-0.014,0.003,0.032));
#2113=CARTESIAN_POINT('',(-0.014,0.003,0.03639));
#2114=CARTESIAN_POINT('',(-0.01185,0.003,0.03639));
#2115=CARTESIAN_POINT('',(0.014,0.003,0.032));
#2116=CARTESIAN_POINT('',(0.014,0.003,0.03639));
#2117=CARTESIAN_POINT('',(0.01615,0.003,0.03639));
#2118=CARTESIAN_POINT('',(0.,0.006,0.));
#2119=CARTESIAN_POINT('',(0.,0.006,0.));
#2120=CARTESIAN_POINT('',(0.023437509512938,0.006,0.0163029337185387));
#2121=CARTESIAN_POINT('',(-0.0234375095129356,0.006,0.0163029337185383));
#2122=CARTESIAN_POINT('',(-0.0234375095129381,0.006,0.0163029337185387));
#2123=CARTESIAN_POINT('',(-0.02291789427067,0.006,0.01600293371854));
#2124=CARTESIAN_POINT('',(-0.02291789427067,0.006,0.01600293371854));
#2125=CARTESIAN_POINT('',(-0.02531789427067,0.006,0.01184601178037));
#2126=CARTESIAN_POINT('',(-0.02531789427067,0.006,0.01184601178037));
#2127=CARTESIAN_POINT('',(-0.0258375095129392,0.006,0.0121460117803688));
#2128=CARTESIAN_POINT('',(0.,0.006,0.));
#2129=CARTESIAN_POINT('',(-0.0258375095129376,0.006,-0.0121460117803688));
#2130=CARTESIAN_POINT('',(-0.0258375095129388,0.006,-0.0121460117803694));
#2131=CARTESIAN_POINT('',(-0.02531789427067,0.006,-0.01184601178037));
#2132=CARTESIAN_POINT('',(-0.02531789427067,0.006,-0.01184601178037));
#2133=CARTESIAN_POINT('',(-0.02291789427067,0.006,-0.01600293371854));
#2134=CARTESIAN_POINT('',(-0.02291789427067,0.006,-0.01600293371854));
#2135=CARTESIAN_POINT('',(-0.023437509512938,0.006,-0.0163029337185387));
#2136=CARTESIAN_POINT('',(0.,0.006,0.));
#2137=CARTESIAN_POINT('',(-0.0127999999999993,0.006,-0.0255198452189667));
#2138=CARTESIAN_POINT('',(-0.0128,0.006,-0.02802431979549));
#2139=CARTESIAN_POINT('',(-0.0128,0.006,-0.02742431979549));
#2140=CARTESIAN_POINT('',(-0.0136,0.006,-0.02802431979549));
#2141=CARTESIAN_POINT('',(-0.0131634028892458,0.006,-0.027124662659198));
#2142=CARTESIAN_POINT('',(0.,0.006,0.));
#2143=CARTESIAN_POINT('',(-0.00999999999999983,0.006,0.0284433208328424));
#2144=CARTESIAN_POINT('',(-0.00999999999999989,0.006,0.));
#2145=CARTESIAN_POINT('',(0.01,0.006,0.027));
#2146=CARTESIAN_POINT('',(0.01,0.006,0.0284433208328422));
#2147=CARTESIAN_POINT('',(0.,0.006,0.));
#2148=CARTESIAN_POINT('',(0.0102597110754414,0.006,-0.0283506759822119));
#2149=CARTESIAN_POINT('',(0.0106,0.006,-0.02929099691031));
#2150=CARTESIAN_POINT('',(0.0096,0.006,-0.02929099691031));
#2151=CARTESIAN_POINT('',(0.0096,0.006,0.));
#2152=CARTESIAN_POINT('',(0.0096,0.006,-0.03455));
#2153=CARTESIAN_POINT('',(0.0076,0.006,-0.03455));
#2154=CARTESIAN_POINT('',(0.0076,0.006,-0.03655));
#2155=CARTESIAN_POINT('',(0.,0.006,-0.03655));
#2156=CARTESIAN_POINT('',(-0.0106,0.006,-0.03655));
#2157=CARTESIAN_POINT('',(-0.0106,0.006,-0.03455));
#2158=CARTESIAN_POINT('',(-0.0126,0.006,-0.03455));
#2159=CARTESIAN_POINT('',(-0.0126,0.006,0.));
#2160=CARTESIAN_POINT('',(-0.0126,0.006,-0.0256191822664196));
#2161=CARTESIAN_POINT('',(0.,0.006,0.));
#2162=CARTESIAN_POINT('',(-0.00772927241962774,0.006,-0.0274838288428491));
#2163=CARTESIAN_POINT('',(-0.008,0.006,-0.02844648484435));
#2164=CARTESIAN_POINT('',(-0.00700000000000112,0.006,-0.02844648334631));
#2165=CARTESIAN_POINT('',(-0.00700000000000224,0.006,0.));
#2166=CARTESIAN_POINT('',(-0.00700000000000112,0.006,-0.03335));
#2167=CARTESIAN_POINT('',(-0.006,0.006,-0.03335));
#2168=CARTESIAN_POINT('',(-0.006,0.006,-0.03435));
#2169=CARTESIAN_POINT('',(0.,0.006,-0.03435));
#2170=CARTESIAN_POINT('',(0.006,0.006,-0.03435));
#2171=CARTESIAN_POINT('',(0.006,0.006,-0.03335));
#2172=CARTESIAN_POINT('',(0.007,0.006,-0.03335));
#2173=CARTESIAN_POINT('',(0.007,0.006,0.));
#2174=CARTESIAN_POINT('',(0.00700000000000224,0.006,-0.02844648334631));
#2175=CARTESIAN_POINT('',(0.008,0.006,-0.02844648484435));
#2176=CARTESIAN_POINT('',(0.00772927241962813,0.006,-0.0274838288428504));
#2177=CARTESIAN_POINT('',(0.,0.006,0.));
#2178=CARTESIAN_POINT('',(0.0234375095129371,0.006,-0.0163029337185361));
#2179=CARTESIAN_POINT('',(0.0234375095129381,0.006,-0.0163029337185387));
#2180=CARTESIAN_POINT('',(0.02291789427067,0.006,-0.01600293371854));
#2181=CARTESIAN_POINT('',(0.02291789427067,0.006,-0.01600293371854));
#2182=CARTESIAN_POINT('',(0.02531789427067,0.006,-0.01184601178037));
#2183=CARTESIAN_POINT('',(0.02531789427067,0.006,-0.01184601178037));
#2184=CARTESIAN_POINT('',(0.0258375095129392,0.006,-0.0121460117803688));
#2185=CARTESIAN_POINT('',(0.,0.006,0.));
#2186=CARTESIAN_POINT('',(0.0258375095129376,0.006,0.0121460117803688));
#2187=CARTESIAN_POINT('',(0.0258375095129388,0.006,0.0121460117803694));
#2188=CARTESIAN_POINT('',(0.02531789427067,0.006,0.01184601178037));
#2189=CARTESIAN_POINT('',(0.02531789427067,0.006,0.01184601178037));
#2190=CARTESIAN_POINT('',(0.02291789427067,0.006,0.01600293371854));
#2191=CARTESIAN_POINT('',(0.02291789427067,0.006,0.01600293371854));
#2192=CARTESIAN_POINT('',(-0.0096,0.006,-0.03354804604554));
#2193=CARTESIAN_POINT('',(-0.0096,0.006,-0.031648046046258));
#2194=CARTESIAN_POINT('',(-0.01,0.,0.027));
#2195=CARTESIAN_POINT('',(-0.00999999999999355,0.00272820323027227,0.03299));
#2196=CARTESIAN_POINT('',(-0.00999999999999839,0.00272820323027414,0.03299));
#2197=CARTESIAN_POINT('',(-0.01,0.003,0.03299));
#2198=CARTESIAN_POINT('',(-0.01,0.00327179676972398,0.03299));
#2199=CARTESIAN_POINT('',(-0.01,0.00327179676972396,0.03299));
#2200=CARTESIAN_POINT('',(-0.00999999999999978,0.,0.0284433208328424));
#2201=CARTESIAN_POINT('',(-0.009843078061835,0.003,0.03299));
#2202=CARTESIAN_POINT('',(-0.009843078061835,0.003,0.03299));
#2203=CARTESIAN_POINT('',(-0.009843078061835,0.003,0.03299));
#2204=CARTESIAN_POINT('',(-0.009843078061835,0.003,0.03299));
#2205=CARTESIAN_POINT('',(-0.00984307806183282,0.00299999999999623,0.03639));
#2206=CARTESIAN_POINT('',(-0.009843078061835,0.003,0.03639));
#2207=CARTESIAN_POINT('',(-0.0119215390309143,0.0066,0.03639));
#2208=CARTESIAN_POINT('',(-0.01192153903091,0.0066,0.03299));
#2209=CARTESIAN_POINT('',(-0.01192153903091,0.0066,0.03299));
#2210=CARTESIAN_POINT('',(-0.01192153903091,0.0066,0.03639));
#2211=CARTESIAN_POINT('',(-0.01607846096908,0.0066,0.03639));
#2212=CARTESIAN_POINT('',(-0.01607846096908,0.0066,0.03299));
#2213=CARTESIAN_POINT('',(-0.01607846096908,0.0066,0.03299));
#2214=CARTESIAN_POINT('',(-0.01607846096908,0.0066,0.03639));
#2215=CARTESIAN_POINT('',(-0.018156921938161,0.00300000000000161,0.03639));
#2216=CARTESIAN_POINT('',(-0.01815692193816,0.003,0.03299));
#2217=CARTESIAN_POINT('',(-0.01815692193816,0.003,0.03299));
#2218=CARTESIAN_POINT('',(-0.01815692193816,0.003,0.03639));
#2219=CARTESIAN_POINT('',(-0.0160784609690782,-0.0006,0.03639));
#2220=CARTESIAN_POINT('',(-0.01607846096908,-0.0006,0.03299));
#2221=CARTESIAN_POINT('',(-0.01607846096908,-0.0006,0.03299));
#2222=CARTESIAN_POINT('',(-0.01607846096908,-0.0006,0.03639));
#2223=CARTESIAN_POINT('',(-0.01192153903091,-0.0006,0.03639));
#2224=CARTESIAN_POINT('',(-0.01192153903091,-0.0006,0.03299));
#2225=CARTESIAN_POINT('',(-0.01192153903091,-0.0006,0.03299));
#2226=CARTESIAN_POINT('',(-0.01192153903091,-0.0006,0.03639));
#2227=CARTESIAN_POINT('',(-0.01,0.002728203230276,0.03299));
#2228=CARTESIAN_POINT('',(0.01,0.,0.027));
#2229=CARTESIAN_POINT('',(0.01,0.,0.028443320832842));
#2230=CARTESIAN_POINT('',(0.01,0.003271796769724,0.027));
#2231=CARTESIAN_POINT('',(0.01,0.003271796769724,0.03299));
#2232=CARTESIAN_POINT('',(0.01,0.,0.03299));
#2233=CARTESIAN_POINT('',(0.01,0.002728203230276,0.03299));
#2234=CARTESIAN_POINT('',(0.01,0.002728203230276,0.027));
#2235=CARTESIAN_POINT('',(0.009843078061835,0.003,0.03299));
#2236=CARTESIAN_POINT('',(0.009843078061835,0.003,0.03299));
#2237=CARTESIAN_POINT('',(0.009843078061835,0.003,0.03299));
#2238=CARTESIAN_POINT('',(0.009843078061835,0.003,0.03299));
#2239=CARTESIAN_POINT('',(0.00984307806183457,0.00300000000000074,0.03639));
#2240=CARTESIAN_POINT('',(0.009843078061835,0.003,0.03639));
#2241=CARTESIAN_POINT('',(0.0119215390309178,-0.0006,0.03639));
#2242=CARTESIAN_POINT('',(0.011921539030917,-0.0006,0.03299));
#2243=CARTESIAN_POINT('',(0.011921539030917,-0.0006,0.03299));
#2244=CARTESIAN_POINT('',(0.011921539030917,-0.0006,0.03639));
#2245=CARTESIAN_POINT('',(0.016078460969083,-0.0006,0.03639));
#2246=CARTESIAN_POINT('',(0.016078460969083,-0.0006,0.03299));
#2247=CARTESIAN_POINT('',(0.016078460969083,-0.0006,0.03299));
#2248=CARTESIAN_POINT('',(0.016078460969083,-0.0006,0.03639));
#2249=CARTESIAN_POINT('',(0.0181569219381655,0.00299999999999926,0.03639));
#2250=CARTESIAN_POINT('',(0.018156921938165,0.003,0.03299));
#2251=CARTESIAN_POINT('',(0.018156921938165,0.003,0.03299));
#2252=CARTESIAN_POINT('',(0.018156921938165,0.003,0.03639));
#2253=CARTESIAN_POINT('',(0.0160784609690822,0.0066,0.03639));
#2254=CARTESIAN_POINT('',(0.016078460969083,0.0066,0.03299));
#2255=CARTESIAN_POINT('',(0.016078460969083,0.0066,0.03299));
#2256=CARTESIAN_POINT('',(0.016078460969083,0.0066,0.03639));
#2257=CARTESIAN_POINT('',(0.011921539030917,0.0066,0.03639));
#2258=CARTESIAN_POINT('',(0.011921539030917,0.0066,0.03299));
#2259=CARTESIAN_POINT('',(0.011921539030917,0.0066,0.03299));
#2260=CARTESIAN_POINT('',(0.011921539030917,0.0066,0.03639));
#2261=CARTESIAN_POINT('',(0.01,0.003271796769724,0.03299));
#2262=CARTESIAN_POINT('',(-0.014,0.003,0.03639));
#2263=CARTESIAN_POINT('',(0.014,0.003,0.03639));
#2264=CARTESIAN_POINT('',(0.,0.,0.));
#2265=CARTESIAN_POINT('',(-0.00772927241962774,0.,-0.027483828842849));
#2266=CARTESIAN_POINT('',(-0.00772927241962774,0.00365,-0.0274838288428491));
#2267=CARTESIAN_POINT('',(0.,0.00365,0.));
#2268=CARTESIAN_POINT('',(-0.0127999999999993,0.00365,-0.0255198452189667));
#2269=CARTESIAN_POINT('',(-0.0127999999999985,0.,-0.0255198452189671));
#2270=CARTESIAN_POINT('',(-0.0234375095129401,0.006,-0.0163029337185398));
#2271=CARTESIAN_POINT('',(-0.0234375095129383,0.00410000000000172,-0.0163029337185388));
#2272=CARTESIAN_POINT('',(0.,0.0325489454988971,0.));
#2273=CARTESIAN_POINT('',(-0.0258375095129376,0.0041000000000023,-0.0121460117803688));
#2274=CARTESIAN_POINT('',(-0.0258375095129376,0.,-0.0121460117803689));
#2275=CARTESIAN_POINT('',(-0.0258375095129401,0.006,0.0121460117803698));
#2276=CARTESIAN_POINT('',(-0.0258375095129401,0.00409999999999715,0.0121460117803698));
#2277=CARTESIAN_POINT('',(0.,0.032548945498892,0.));
#2278=CARTESIAN_POINT('',(-0.0234375095129353,0.00410000000000186,0.0163029337185387));
#2279=CARTESIAN_POINT('',(-0.0234375095129351,0.,0.016302933718539));
#2280=CARTESIAN_POINT('',(0.0234375095129401,0.006,0.0163029337185398));
#2281=CARTESIAN_POINT('',(0.0234375095129383,0.00410000000000172,0.0163029337185388));
#2282=CARTESIAN_POINT('',(0.,0.0325489454988971,0.));
#2283=CARTESIAN_POINT('',(0.0258375095129376,0.0041000000000023,0.0121460117803688));
#2284=CARTESIAN_POINT('',(0.0258375095129376,0.,0.0121460117803689));
#2285=CARTESIAN_POINT('',(0.0258375095129401,0.006,-0.0121460117803698));
#2286=CARTESIAN_POINT('',(0.0258375095129401,0.00409999999999715,-0.0121460117803698));
#2287=CARTESIAN_POINT('',(0.,0.032548945498892,0.));
#2288=CARTESIAN_POINT('',(0.0234375095129376,0.00410000000000142,-0.0163029337185355));
#2289=CARTESIAN_POINT('',(0.0234375095129381,0.,-0.0163029337185347));
#2290=CARTESIAN_POINT('',(0.00772927241962851,0.,-0.0274838288428517));
#2291=CARTESIAN_POINT('',(-0.02583750951294,0.006,-0.01214601178037));
#2292=CARTESIAN_POINT('',(-0.02531789427067,0.006,-0.01184601178037));
#2293=CARTESIAN_POINT('',(-0.0253178942706698,0.00469999999999958,-0.0118460117803699));
#2294=CARTESIAN_POINT('',(-0.02583750951294,0.0041,-0.01214601178037));
#2295=CARTESIAN_POINT('',(-0.02531789427067,0.006,-0.01184601178037));
#2296=CARTESIAN_POINT('',(-0.02291789427067,0.006,-0.01600293371854));
#2297=CARTESIAN_POINT('',(-0.0229178942706698,0.00469999999999958,-0.0160029337185399));
#2298=CARTESIAN_POINT('',(-0.0241178942706659,0.00469999999999917,-0.0139244727494605));
#2299=CARTESIAN_POINT('',(-0.02291789427067,0.006,-0.01600293371854));
#2300=CARTESIAN_POINT('',(-0.02291789427067,0.0047,-0.01600293371854));
#2301=CARTESIAN_POINT('',(-0.0128,0.006,-0.02802431979549));
#2302=CARTESIAN_POINT('',(-0.0128,0.00365,0.));
#2303=CARTESIAN_POINT('',(-0.0128,0.00365,-0.02742431979549));
#2304=CARTESIAN_POINT('',(-0.0128,-0.0078216,-0.02742431979549));
#2305=CARTESIAN_POINT('',(-0.0136,-0.0078216,-0.02802431979549));
#2306=CARTESIAN_POINT('',(-0.0126,0.,-0.02802431979549));
#2307=CARTESIAN_POINT('',(-0.0126,0.00365,-0.02802431979549));
#2308=CARTESIAN_POINT('',(-0.013163402889246,-0.0078216,-0.0271246626591979));
#2309=CARTESIAN_POINT('',(-0.0136,0.00365,-0.02802431979549));
#2310=CARTESIAN_POINT('',(0.,0.,0.));
#2311=CARTESIAN_POINT('',(0.,0.,0.));
#2312=CARTESIAN_POINT('',(0.0102597110754413,0.,-0.0283506759822136));
#2313=CARTESIAN_POINT('',(0.0106,-0.0078216,-0.02929099691031));
#2314=CARTESIAN_POINT('',(0.0096,-0.0078216,-0.02929099691031));
#2315=CARTESIAN_POINT('',(0.0096,0.,-0.02858080649667));
#2316=CARTESIAN_POINT('',(0.0096,0.0138216,-0.03455));
#2317=CARTESIAN_POINT('',(0.0076,0.0138216,-0.03455));
#2318=CARTESIAN_POINT('',(0.0076,0.,-0.03655));
#2319=CARTESIAN_POINT('',(0.0096,0.,-0.03655));
#2320=CARTESIAN_POINT('',(0.,0.00395,-0.03655));
#2321=CARTESIAN_POINT('',(-0.0106,0.00395,-0.03655));
#2322=CARTESIAN_POINT('',(-0.0068,0.00395,-0.03655));
#2323=CARTESIAN_POINT('',(-0.0106,0.0138216,-0.03655));
#2324=CARTESIAN_POINT('',(-0.0068,0.,-0.03655));
#2325=CARTESIAN_POINT('',(-0.0106,0.0138216,-0.03455));
#2326=CARTESIAN_POINT('',(-0.0126,0.,-0.03455));
#2327=CARTESIAN_POINT('',(-0.0126,0.00395,-0.03455));
#2328=CARTESIAN_POINT('',(-0.0106,0.00395,-0.03455));
#2329=CARTESIAN_POINT('',(-0.0126,0.,-0.03555));
#2330=CARTESIAN_POINT('',(-0.0126,0.,-0.02561918226642));
#2331=CARTESIAN_POINT('',(-0.0126,0.00395,-0.0256191822664196));
#2332=CARTESIAN_POINT('',(-0.0126,0.00395,-0.03555));
#2333=CARTESIAN_POINT('',(0.,0.,0.));
#2334=CARTESIAN_POINT('',(-0.00772927241962774,0.,-0.027483828842849));
#2335=CARTESIAN_POINT('',(-0.00772927241962774,0.00395,-0.0274838288428491));
#2336=CARTESIAN_POINT('',(0.,0.00395,0.));
#2337=CARTESIAN_POINT('',(-0.008,0.,-0.02844648484435));
#2338=CARTESIAN_POINT('',(-0.007,0.,-0.02844648184827));
#2339=CARTESIAN_POINT('',(-0.007,0.00395,-0.02844648334631));
#2340=CARTESIAN_POINT('',(-0.008,0.00395,-0.02844648484435));
#2341=CARTESIAN_POINT('',(-0.007,0.,-0.02740624928734));
#2342=CARTESIAN_POINT('',(-0.007,0.,-0.03335));
#2343=CARTESIAN_POINT('',(-0.007,0.00395,-0.03335));
#2344=CARTESIAN_POINT('',(-0.007,0.00395,-0.02740624928734));
#2345=CARTESIAN_POINT('',(-0.006,-0.0078216,-0.03335));
#2346=CARTESIAN_POINT('',(-0.006,0.00395,-0.03335));
#2347=CARTESIAN_POINT('',(-0.006,0.00395,-0.03435));
#2348=CARTESIAN_POINT('',(-0.006,-0.0078216,-0.03435));
#2349=CARTESIAN_POINT('',(-0.008,0.,-0.03435));
#2350=CARTESIAN_POINT('',(0.,0.00395,-0.03435));
#2351=CARTESIAN_POINT('',(-0.0068,0.00395,-0.03435));
#2352=CARTESIAN_POINT('',(-0.0068,0.,-0.03435));
#2353=CARTESIAN_POINT('',(0.006,0.,-0.03435));
#2354=CARTESIAN_POINT('',(0.006,-0.0078216,-0.03335));
#2355=CARTESIAN_POINT('',(0.007,-0.0078216,-0.03335));
#2356=CARTESIAN_POINT('',(0.007,0.,-0.03395));
#2357=CARTESIAN_POINT('',(0.00700000000000449,0.,-0.02844648184827));
#2358=CARTESIAN_POINT('',(0.008,0.,-0.02844648484435));
#2359=CARTESIAN_POINT('',(0.02343750951294,0.006,-0.01630293371854));
#2360=CARTESIAN_POINT('',(0.02291789427067,0.006,-0.01600293371854));
#2361=CARTESIAN_POINT('',(0.0229178942706693,0.00469999999999834,-0.0160029337185397));
#2362=CARTESIAN_POINT('',(0.02343750951294,0.0041,-0.01630293371854));
#2363=CARTESIAN_POINT('',(0.02291789427067,0.006,-0.01600293371854));
#2364=CARTESIAN_POINT('',(0.02531789427067,0.006,-0.01184601178037));
#2365=CARTESIAN_POINT('',(0.0253178942706693,0.00469999999999834,-0.0118460117803696));
#2366=CARTESIAN_POINT('',(0.0241178942706681,0.00469999999999669,-0.0139244727494517));
#2367=CARTESIAN_POINT('',(0.02531789427067,0.006,-0.01184601178037));
#2368=CARTESIAN_POINT('',(0.02531789427067,0.0047,-0.01184601178037));
#2369=CARTESIAN_POINT('',(0.02583750951294,0.006,0.01214601178037));
#2370=CARTESIAN_POINT('',(0.02531789427067,0.006,0.01184601178037));
#2371=CARTESIAN_POINT('',(0.0253178942706698,0.00469999999999958,0.0118460117803699));
#2372=CARTESIAN_POINT('',(0.02583750951294,0.0041,0.01214601178037));
#2373=CARTESIAN_POINT('',(0.02531789427067,0.006,0.01184601178037));
#2374=CARTESIAN_POINT('',(0.02291789427067,0.006,0.01600293371854));
#2375=CARTESIAN_POINT('',(0.0229178942706698,0.00469999999999958,0.0160029337185399));
#2376=CARTESIAN_POINT('',(0.0241178942706659,0.00469999999999917,0.0139244727494605));
#2377=CARTESIAN_POINT('',(0.02291789427067,0.006,0.01600293371854));
#2378=CARTESIAN_POINT('',(0.02291789427067,0.0047,0.01600293371854));
#2379=CARTESIAN_POINT('',(-0.02343750951294,0.006,0.01630293371854));
#2380=CARTESIAN_POINT('',(-0.02291789427067,0.006,0.01600293371854));
#2381=CARTESIAN_POINT('',(-0.0229178942706693,0.00469999999999834,0.0160029337185397));
#2382=CARTESIAN_POINT('',(-0.02343750951294,0.0041,0.01630293371854));
#2383=CARTESIAN_POINT('',(-0.02291789427067,0.006,0.01600293371854));
#2384=CARTESIAN_POINT('',(-0.02531789427067,0.006,0.01184601178037));
#2385=CARTESIAN_POINT('',(-0.0253178942706693,0.00469999999999834,0.0118460117803696));
#2386=CARTESIAN_POINT('',(-0.0241178942706681,0.00469999999999669,0.0139244727494517));
#2387=CARTESIAN_POINT('',(-0.02531789427067,0.006,0.01184601178037));
#2388=CARTESIAN_POINT('',(-0.02531789427067,0.0047,0.01184601178037));
#2389=CARTESIAN_POINT('',(-0.0096,0.00559999998991,-0.03354804604554));
#2390=CARTESIAN_POINT('',(-0.0096,0.00519999999946153,-0.03354804604554));
#2391=CARTESIAN_POINT('',(-0.0096,0.00519999999946153,-0.0324480460453605));
#2392=CARTESIAN_POINT('',(-0.014,0.003,0.03299));
#2393=CARTESIAN_POINT('',(-0.008,0.,-0.02844648484435));
#2394=CARTESIAN_POINT('',(-0.007,0.,-0.02844648184827));
#2395=CARTESIAN_POINT('',(-0.00700000000000112,0.00365,-0.02844648334631));
#2396=CARTESIAN_POINT('',(-0.008,0.00365,-0.02844648484435));
#2397=CARTESIAN_POINT('',(-0.007,0.,-0.02740624928734));
#2398=CARTESIAN_POINT('',(-0.007,0.,-0.03655));
#2399=CARTESIAN_POINT('',(-0.00700000000000112,0.00365,-0.03655));
#2400=CARTESIAN_POINT('',(-0.00700000000000224,0.00365,0.));
#2401=CARTESIAN_POINT('',(0.0096,0.,-0.03655));
#2402=CARTESIAN_POINT('',(-0.0106,0.0138216,-0.03655));
#2403=CARTESIAN_POINT('',(-0.0106,0.00365,-0.03655));
#2404=CARTESIAN_POINT('',(0.0096,0.00365,-0.03655));
#2405=CARTESIAN_POINT('',(-0.0106,0.0138216,-0.03455));
#2406=CARTESIAN_POINT('',(-0.0126,0.,-0.03455));
#2407=CARTESIAN_POINT('',(-0.0126,0.00365,-0.03455));
#2408=CARTESIAN_POINT('',(-0.0106,0.00365,-0.03455));
#2409=CARTESIAN_POINT('',(-0.0126,0.,-0.03555));
#2410=CARTESIAN_POINT('',(-0.0126,0.00365,0.));
#2411=CARTESIAN_POINT('',(-0.0068,0.00395,-0.02551984521897));
#2412=CARTESIAN_POINT('',(-0.0068,0.00395,-0.02551984521897));
#2413=CARTESIAN_POINT('',(-0.0096,0.,-0.03354804604554));
#2414=CARTESIAN_POINT('',(-0.0096,0.00365,-0.03354804604554));
#2415=CARTESIAN_POINT('',(-0.0096,0.00365,-0.03484804604554));
#2416=CARTESIAN_POINT('',(0.014,0.003,0.03299));
#2417=CARTESIAN_POINT('',(0.,0.00365,0.));
#2418=CARTESIAN_POINT('',(-0.02442100316199,0.00435,-0.01409947274946));
#2419=CARTESIAN_POINT('',(-0.02442100316199,0.00435,0.01409947274945));
#2420=CARTESIAN_POINT('',(0.,0.00395,0.));
#2421=CARTESIAN_POINT('',(-0.0096,0.00395,-0.03354804604554));
#2422=CARTESIAN_POINT('',(-0.0096,0.00395,-0.03244804604554));
#2423=CARTESIAN_POINT('',(0.02442100316199,0.00435,0.01409947274946));
#2424=CARTESIAN_POINT('',(0.02442100316199,0.00435,-0.01409947274945));
#2425=CARTESIAN_POINT('',(-0.0096,0.006,-0.03354804604554));
#2426=MECHANICAL_DESIGN_GEOMETRIC_PRESENTATION_REPRESENTATION('',(#1466),
#2427);
#2427=(
GEOMETRIC_REPRESENTATION_CONTEXT(3)
GLOBAL_UNCERTAINTY_ASSIGNED_CONTEXT((#2428))
GLOBAL_UNIT_ASSIGNED_CONTEXT((#2431,#2430,#2429))
REPRESENTATION_CONTEXT('Part 1','TOP_LEVEL_ASSEMBLY_PART')
);
#2428=UNCERTAINTY_MEASURE_WITH_UNIT(LENGTH_MEASURE(1.E-8),#2431,
'DISTANCE_ACCURACY_VALUE','Maximum Tolerance applied to model');
#2429=(
NAMED_UNIT(*)
SI_UNIT($,.STERADIAN.)
SOLID_ANGLE_UNIT()
);
#2430=(
NAMED_UNIT(*)
PLANE_ANGLE_UNIT()
SI_UNIT($,.RADIAN.)
);
#2431=(
LENGTH_UNIT()
NAMED_UNIT(*)
SI_UNIT($,.METRE.)
);
#2432=PRODUCT_DEFINITION_SHAPE('','',#2433);
#2433=PRODUCT_DEFINITION('','',#2435,#2434);
#2434=PRODUCT_DEFINITION_CONTEXT('',#2441,'design');
#2435=PRODUCT_DEFINITION_FORMATION_WITH_SPECIFIED_SOURCE('','',#2437,
 .NOT_KNOWN.);
#2436=PRODUCT_RELATED_PRODUCT_CATEGORY('','',(#2437));
#2437=PRODUCT('Part 1','Part 1','Part 1',(#2439));
#2438=PRODUCT_CATEGORY('','');
#2439=PRODUCT_CONTEXT('',#2441,'mechanical');
#2440=APPLICATION_PROTOCOL_DEFINITION('international standard',
'ap242_managed_model_based_3d_engineering',2020,#2441);
#2441=APPLICATION_CONTEXT('managed model based 3d engineering');
ENDSEC;
END-ISO-10303-21;
